split,split_role,ticket_id,repo,base_commit,title,outcome,primary_category,primary_category_zh,failure_stage,failure_stage_zh,suggested_next_step,gold_file_count,recovered_gold_count,gold_files,missing_gold_files,index_available,indexed_file_count,sparse_ticket_clues,manual_review_required
validation,method_selection,astropy__astropy-13398,astropy/astropy,6500928dc0e57be8f06d1162eacc3ba5e2eff692,A direct approach to ITRS to Observed transformations that stays within the ITRS.,partial_recall,cross_file_partial_miss,只找回部分正確檔案,index_coverage_failure,正確檔案未進入Code Index,檢查測試檔排除規則、支援副檔名與檔案大小限制。,4,3,astropy/coordinates/builtin_frames/__init__.py | astropy/coordinates/builtin_frames/intermediate_rotation_transforms.py | astropy/coordinates/builtin_frames/itrs.py | astropy/coordinates/builtin_frames/itrs_observed_transforms.py,astropy/coordinates/builtin_frames/itrs_observed_transforms.py,True,710,False,False
validation,method_selection,astropy__astropy-8715,astropy/astropy,b2b0717108c8b5381f12bc4ab1c759e3705fb8a8,Silence warnings by default when reading in VO Tables,partial_recall,cross_file_partial_miss,只找回部分正確檔案,initial_retrieval_miss,正確檔案未進入TF-IDF前50名,優先測試API查詢擴充、Import Graph與較大的TF-IDF候選池。,7,6,astropy/io/votable/__init__.py | astropy/io/votable/connect.py | astropy/io/votable/converters.py | astropy/io/votable/exceptions.py | astropy/io/votable/table.py | astropy/io/votable/tree.py | astropy/io/votable/validator/result.py,astropy/io/votable/validator/result.py,True,866,False,False
validation,method_selection,astropy__astropy-12842,astropy/astropy,3a0cd2d8cd7b459cdc1e1b97a14f3040ccc1fffc,No longer able to read BinnedTimeSeries with datetime column saved as ECSV after upgrading from 4.2.1 -> 5.0+,partial_recall,cross_file_partial_miss,只找回部分正確檔案,reranker_demotion,正確檔案在TF-IDF前50名，但被SBERT排出前20名,檢查SBERT重排與檔案分數整合，避免正確檔案被排出Top-20。,2,1,astropy/time/core.py | astropy/time/formats.py,astropy/time/formats.py,True,707,False,False
validation,method_selection,astropy__astropy-13132,astropy/astropy,3a0cd2d8cd7b459cdc1e1b97a14f3040ccc1fffc,Add __array_func__ for astropy.time.Time,miss,index_coverage_failure,正確檔案未進入Code Index,index_coverage_failure,正確檔案未進入Code Index,檢查測試檔排除規則、支援副檔名與檔案大小限制。,3,0,astropy/time/core.py | astropy/time/time_helper/__init__.py | astropy/time/time_helper/function_helpers.py,astropy/time/core.py | astropy/time/time_helper/__init__.py | astropy/time/time_helper/function_helpers.py,True,707,False,False
validation,method_selection,astropy__astropy-13438,astropy/astropy,4bd88be61fdf4185b9c198f7e689a40041e392ee,[Security] Jquery 3.1.1 is vulnerable to untrusted code execution,miss,initial_retrieval_miss,正確檔案未進入TF-IDF前50名,initial_retrieval_miss,正確檔案未進入TF-IDF前50名,優先測試API查詢擴充、Import Graph與較大的TF-IDF候選池。,1,0,astropy/table/jsviewer.py,astropy/table/jsviewer.py,True,710,False,False
validation,method_selection,django__django-11539,django/django,f197c3dd9130b18397022605c27ffe5755f329d7,Move index name checks from Index.__init__ into system checks.,miss,mixed_retrieval_and_rerank,同一Ticket同時包含初步檢索與重新排序遺漏,mixed_retrieval_and_rerank,同一Ticket同時包含初步檢索與重新排序遺漏,分別處理初步檢索與SBERT重排，不能只調整單一階段。,2,0,django/db/models/base.py | django/db/models/indexes.py,django/db/models/base.py | django/db/models/indexes.py,True,799,False,True
validation,method_selection,django__django-13841,django/django,cfe47b7686df0c4c87270a83d6d7f933323ed7e6,Access __file__ lazily rather than at module level,partial_recall,cross_file_partial_miss,只找回部分正確檔案,mixed_retrieval_and_rerank,同一Ticket同時包含初步檢索與重新排序遺漏,分別處理初步檢索與SBERT重排，不能只調整單一階段。,4,1,django/contrib/auth/password_validation.py | django/forms/renderers.py | django/utils/version.py | django/views/debug.py,django/contrib/auth/password_validation.py | django/forms/renderers.py | django/utils/version.py,True,810,False,True
validation,method_selection,django__django-14387,django/django,3733ae895780f17430924f1e20ee320556c62d05,Incorrect SQL generation filtering OR-combined queries,miss,initial_retrieval_miss,正確檔案未進入TF-IDF前50名,initial_retrieval_miss,正確檔案未進入TF-IDF前50名,優先測試API查詢擴充、Import Graph與較大的TF-IDF候選池。,1,0,django/utils/tree.py,django/utils/tree.py,True,810,False,False
validation,method_selection,django__django-14681,django/django,6b513f01374da8e8f38e231f0ff95e8c095d3239,CSRF failure incorrectly reported on upload when there is a problem with storage,miss,initial_retrieval_miss,正確檔案未進入TF-IDF前50名,initial_retrieval_miss,正確檔案未進入TF-IDF前50名,優先測試API查詢擴充、Import Graph與較大的TF-IDF候選池。,1,0,django/middleware/csrf.py,django/middleware/csrf.py,True,810,False,False
validation,method_selection,django__django-10853,django/django,eefc9550fd3b8011cc12069eb700df09f25cc4d9,"SQLite (pre 3.25.0) does not support window functions, raises OperationalError",partial_recall,cross_file_partial_miss,只找回部分正確檔案,initial_retrieval_miss,正確檔案未進入TF-IDF前50名,優先測試API查詢擴充、Import Graph與較大的TF-IDF候選池。,4,3,django/db/backends/base/features.py | django/db/backends/oracle/features.py | django/db/backends/sqlite3/features.py | django/db/models/expressions.py,django/db/backends/oracle/features.py,True,798,False,False
validation,method_selection,django__django-16117,django/django,d938b3b2577807ffd585f654caa0f37d9574e565,Generated migration file is not detected by django because of the name of newly generated migration file,miss,reranker_demotion,正確檔案在TF-IDF前50名，但被SBERT排出前20名,reranker_demotion,正確檔案在TF-IDF前50名，但被SBERT排出前20名,檢查SBERT重排與檔案分數整合，避免正確檔案被排出Top-20。,1,0,django/db/migrations/migration.py,django/db/migrations/migration.py,True,817,False,False
validation,method_selection,django__django-11740,django/django,003bb34b218adb23d1a7e67932a6ba9b3c4dcc81,Change uuid field to FK does not create dependency,miss,reranker_demotion,正確檔案在TF-IDF前50名，但被SBERT排出前20名,reranker_demotion,正確檔案在TF-IDF前50名，但被SBERT排出前20名,檢查SBERT重排與檔案分數整合，避免正確檔案被排出Top-20。,1,0,django/db/migrations/autodetector.py,django/db/migrations/autodetector.py,True,812,False,False
validation,method_selection,django__django-12161,django/django,c90ab30fa1305481024b9c3c50b5a6ed6cd9a2f5,Support callable values in through_defaults.,partial_recall,cross_file_partial_miss,只找回部分正確檔案,initial_retrieval_miss,正確檔案未進入TF-IDF前50名,優先測試API查詢擴充、Import Graph與較大的TF-IDF候選池。,3,2,django/db/models/fields/related_descriptors.py | django/db/models/query.py | django/db/models/utils.py,django/db/models/utils.py,True,813,False,False
validation,method_selection,django__django-13240,django/django,ba691933cee375195c9c50f333dd4b2a3abbb726,Change Settings to raise ImproperlyConfigured on SECRET_KEY; not initialization,partial_recall,cross_file_partial_miss,只找回部分正確檔案,reranker_demotion,正確檔案在TF-IDF前50名，但被SBERT排出前20名,檢查SBERT重排與檔案分數整合，避免正確檔案被排出Top-20。,3,2,django/conf/__init__.py | django/contrib/auth/tokens.py | django/core/checks/security/base.py,django/contrib/auth/tokens.py,True,806,False,False
validation,method_selection,django__django-11983,django/django,e3d0b4d5501c6d0bc39f035e4345e5bdfde12e41,Admin's date_hierarchy excludes 31 october when using timezone with DST in northern hemisphere.,miss,reranker_demotion,正確檔案在TF-IDF前50名，但被SBERT排出前20名,reranker_demotion,正確檔案在TF-IDF前50名，但被SBERT排出前20名,檢查SBERT重排與檔案分數整合，避免正確檔案被排出Top-20。,1,0,django/contrib/admin/views/main.py,django/contrib/admin/views/main.py,True,812,False,False
validation,method_selection,django__django-15248,django/django,f1905db6c0004a2b6c8b69c55a1f5f9da58ce2eb,Add ability to know where an object was deleted from to pre/post delete signals,partial_recall,cross_file_partial_miss,只找回部分正確檔案,reranker_demotion,正確檔案在TF-IDF前50名，但被SBERT排出前20名,檢查SBERT重排與檔案分數整合，避免正確檔案被排出Top-20。,5,4,django/contrib/admin/utils.py | django/contrib/contenttypes/management/commands/remove_stale_contenttypes.py | django/db/models/base.py | django/db/models/deletion.py | django/db/models/query.py,django/contrib/contenttypes/management/commands/remove_stale_contenttypes.py,True,813,False,False
validation,method_selection,django__django-11278,django/django,6485a5f450b3dc60e690c31a75e0e9574a896842,Add a system check for uniqueness of partial indexes and constraints names.,miss,reranker_demotion,正確檔案在TF-IDF前50名，但被SBERT排出前20名,reranker_demotion,正確檔案在TF-IDF前50名，但被SBERT排出前20名,檢查SBERT重排與檔案分數整合，避免正確檔案被排出Top-20。,1,0,django/core/checks/model_checks.py,django/core/checks/model_checks.py,True,796,True,True
validation,method_selection,django__django-10301,django/django,76dfa834e7ceeca97cd8e3cfa86651a955aa3f0c,SQLite functions crashes on NULL values,partial_recall,cross_file_partial_miss,只找回部分正確檔案,mixed_retrieval_and_rerank,同一Ticket同時包含初步檢索與重新排序遺漏,分別處理初步檢索與SBERT重排，不能只調整單一階段。,4,1,django/db/backends/oracle/operations.py | django/db/backends/sqlite3/base.py | django/db/models/functions/datetime.py | django/db/models/functions/text.py,django/db/backends/oracle/operations.py | django/db/models/functions/datetime.py | django/db/models/functions/text.py,True,805,False,True
validation,method_selection,django__django-16037,django/django,a2e580acf62a3de4f9108cc1af061a02b94b1064,QuerySet.annotate() with subquery and aggregation crashes.,partial_recall,cross_file_partial_miss,只找回部分正確檔案,reranker_demotion,正確檔案在TF-IDF前50名，但被SBERT排出前20名,檢查SBERT重排與檔案分數整合，避免正確檔案被排出Top-20。,2,1,django/db/models/expressions.py | django/db/models/sql/compiler.py,django/db/models/expressions.py,True,817,False,False
validation,method_selection,django__django-16735,django/django,2eb1f37260f0e0b71ef3a77eb5522d2bb68d6489,i18n_patterns() not respecting prefix_default_language=False,partial_recall,cross_file_partial_miss,只找回部分正確檔案,initial_retrieval_miss,正確檔案未進入TF-IDF前50名,優先測試API查詢擴充、Import Graph與較大的TF-IDF候選池。,2,1,django/urls/resolvers.py | django/utils/translation/__init__.py,django/utils/translation/__init__.py,True,818,False,False
validation,method_selection,django__django-12734,django/django,505fec6badba0622bbf97bb659188c3d62a9bc58,Migration doesn't detect precision changes in fields that ManyToMany points to.,miss,reranker_demotion,正確檔案在TF-IDF前50名，但被SBERT排出前20名,reranker_demotion,正確檔案在TF-IDF前50名，但被SBERT排出前20名,檢查SBERT重排與檔案分數整合，避免正確檔案被排出Top-20。,1,0,django/db/backends/sqlite3/schema.py,django/db/backends/sqlite3/schema.py,True,813,False,False
validation,method_selection,django__django-8119,django/django,069bee7c1232458a0f13c2e30daa8df99dbd3680,Allow expressions in .filter() calls,partial_recall,cross_file_partial_miss,只找回部分正確檔案,mixed_retrieval_and_rerank,同一Ticket同時包含初步檢索與重新排序遺漏,分別處理初步檢索與SBERT重排，不能只調整單一階段。,4,2,django/db/backends/base/operations.py | django/db/backends/oracle/operations.py | django/db/models/expressions.py | django/db/models/sql/query.py,django/db/backends/base/operations.py | django/db/backends/oracle/operations.py,True,812,False,True
validation,method_selection,django__django-11734,django/django,999891bd80b3d02dd916731a7a239e1036174885,OuterRef in exclude() or ~Q() uses wrong model.,partial_recall,cross_file_partial_miss,只找回部分正確檔案,reranker_demotion,正確檔案在TF-IDF前50名，但被SBERT排出前20名,檢查SBERT重排與檔案分數整合，避免正確檔案被排出Top-20。,3,1,django/db/models/fields/__init__.py | django/db/models/fields/related_lookups.py | django/db/models/sql/query.py,django/db/models/fields/__init__.py | django/db/models/fields/related_lookups.py,True,812,False,False
validation,method_selection,django__django-12508,django/django,b9e2355eb07938829a1a31ed7b60e5f72d4b92e3,Add support for ./manage.py dbshell -c SQL,partial_recall,cross_file_partial_miss,只找回部分正確檔案,initial_retrieval_miss,正確檔案未進入TF-IDF前50名,優先測試API查詢擴充、Import Graph與較大的TF-IDF候選池。,8,2,django/core/management/base.py | django/core/management/commands/dbshell.py | django/db/backends/base/client.py | django/db/backends/mysql/client.py | django/db/backends/mysql/creation.py | django/db/backends/oracle/client.py | django/db/backends/postgresql/client.py | django/db/backends/sqlite3/client.py,django/db/backends/base/client.py | django/db/backends/mysql/client.py | django/db/backends/mysql/creation.py | django/db/backends/oracle/client.py | django/db/backends/postgresql/client.py | django/db/backends/sqlite3/client.py,True,813,False,False
validation,method_selection,django__django-12671,django/django,5fbc0e07a92f192acfa6bc4b09c3732476eeefc6,Allow empty message in management command stdout and stderr proxies.,partial_recall,cross_file_partial_miss,只找回部分正確檔案,reranker_demotion,正確檔案在TF-IDF前50名，但被SBERT排出前20名,檢查SBERT重排與檔案分數整合，避免正確檔案被排出Top-20。,3,2,django/contrib/staticfiles/management/commands/collectstatic.py | django/core/management/base.py | django/core/management/commands/loaddata.py,django/core/management/commands/loaddata.py,True,813,False,False
validation,method_selection,django__django-12091,django/django,5d654e1e7104d2ce86ec1b9fe52865a7dca4b4be,Deprecate HttpRequest.is_ajax.,partial_recall,cross_file_partial_miss,只找回部分正確檔案,mixed_retrieval_and_rerank,同一Ticket同時包含初步檢索與重新排序遺漏,分別處理初步檢索與SBERT重排，不能只調整單一階段。,3,1,django/http/request.py | django/views/debug.py | django/views/i18n.py,django/views/debug.py | django/views/i18n.py,True,813,False,True
validation,method_selection,django__django-16707,django/django,cfe563ffaf01d22343717176d96bfca0d05f60fb,DateField.input_formats cannot be printed,miss,initial_retrieval_miss,正確檔案未進入TF-IDF前50名,initial_retrieval_miss,正確檔案未進入TF-IDF前50名,優先測試API查詢擴充、Import Graph與較大的TF-IDF候選池。,1,0,django/utils/functional.py,django/utils/functional.py,True,818,False,False
validation,method_selection,django__django-14480,django/django,795da6306a048b18c0158496b0d49e8e4f197a32,Add logical XOR support to Q() and QuerySet().,partial_recall,cross_file_partial_miss,只找回部分正確檔案,mixed_retrieval_and_rerank,同一Ticket同時包含初步檢索與重新排序遺漏,分別處理初步檢索與SBERT重排，不能只調整單一階段。,7,4,django/db/backends/base/features.py | django/db/backends/mysql/features.py | django/db/models/expressions.py | django/db/models/query.py | django/db/models/query_utils.py | django/db/models/sql/__init__.py | django/db/models/sql/where.py,django/db/backends/base/features.py | django/db/models/sql/__init__.py | django/db/models/sql/where.py,True,814,False,True
validation,method_selection,django__django-13484,django/django,292b3be698ef58aff9c215d62a444f66ead578c3,Queryset crashes when recreated from a pickled query with FilteredRelation used in aggregation.,miss,reranker_demotion,正確檔案在TF-IDF前50名，但被SBERT排出前20名,reranker_demotion,正確檔案在TF-IDF前50名，但被SBERT排出前20名,檢查SBERT重排與檔案分數整合，避免正確檔案被排出Top-20。,1,0,django/db/models/fields/reverse_related.py,django/db/models/fields/reverse_related.py,True,806,False,False
validation,method_selection,django__django-11299,django/django,6866c91b638de5368c18713fa851bfe56253ea55,CheckConstraint with OR operator generates incorrect SQL on SQLite and Oracle.,miss,reranker_demotion,正確檔案在TF-IDF前50名，但被SBERT排出前20名,reranker_demotion,正確檔案在TF-IDF前50名，但被SBERT排出前20名,檢查SBERT重排與檔案分數整合，避免正確檔案被排出Top-20。,1,0,django/db/models/sql/query.py,django/db/models/sql/query.py,True,796,False,False
validation,method_selection,django__django-14351,django/django,06fd4df41afb5aa1d681b853c3c08d8c688ca3a5,Q object __or__ appears to get all dunder related's default columns and queryset raises ProgrammingError.,miss,reranker_demotion,正確檔案在TF-IDF前50名，但被SBERT排出前20名,reranker_demotion,正確檔案在TF-IDF前50名，但被SBERT排出前20名,檢查SBERT重排與檔案分數整合，避免正確檔案被排出Top-20。,1,0,django/db/models/lookups.py,django/db/models/lookups.py,True,810,False,False
validation,method_selection,django__django-12910,django/django,a4e6030904df63b3f10aa0729b86dc6942b0458e,Replace Command.requires_system_checks = True by something like Command.required_system_checks = '__all__',partial_recall,cross_file_partial_miss,只找回部分正確檔案,mixed_retrieval_and_rerank,同一Ticket同時包含初步檢索與重新排序遺漏,分別處理初步檢索與SBERT重排，不能只調整單一階段。,16,12,django/contrib/auth/management/commands/changepassword.py | django/contrib/gis/management/commands/ogrinspect.py | django/contrib/staticfiles/management/commands/collectstatic.py | django/core/management/base.py | django/core/management/commands/check.py | django/core/management/commands/compilemessages.py | django/core/management/commands/createcachetable.py | django/core/management/commands/dbshell.py | django/core/management/commands/diffsettings.py | django/core/management/commands/inspectdb.py | django/core/management/commands/makemessages.py | django/core/management/commands/migrate.py | django/core/management/commands/runserver.py | django/core/management/commands/shell.py | django/core/management/commands/testserver.py | django/core/management/templates.py,django/core/management/base.py | django/core/management/commands/createcachetable.py | django/core/management/commands/runserver.py | django/core/management/templates.py,True,811,False,True
validation,method_selection,django__django-14124,django/django,4a80d0f22021bb0af842f038eba45958e9576bec,handler500 as a Class-based view raises SystemCheckError,partial_recall,cross_file_partial_miss,只找回部分正確檔案,initial_retrieval_miss,正確檔案未進入TF-IDF前50名,優先測試API查詢擴充、Import Graph與較大的TF-IDF候選池。,4,2,django/contrib/admindocs/utils.py | django/urls/resolvers.py | django/views/debug.py | django/views/generic/base.py,django/contrib/admindocs/utils.py | django/views/debug.py,True,809,False,False
validation,method_selection,django__django-13371,django/django,3a9f192b131f7a9b0fe5783c684b23015fa67cc8,django.db.models.query.Row is not pickleable.,partial_recall,cross_file_partial_miss,只找回部分正確檔案,initial_retrieval_miss,正確檔案未進入TF-IDF前50名,優先測試API查詢擴充、Import Graph與較大的TF-IDF候選池。,2,1,django/db/models/query.py | django/db/models/utils.py,django/db/models/utils.py,True,806,False,False
validation,method_selection,django__django-11638,django/django,c1b26c77a94c13b350d80e9a2f8d0393dee737cd,Improve Exception Message In Test Client and urlencode() when None is passed as data.,miss,initial_retrieval_miss,正確檔案未進入TF-IDF前50名,initial_retrieval_miss,正確檔案未進入TF-IDF前50名,優先測試API查詢擴充、Import Graph與較大的TF-IDF候選池。,1,0,django/utils/http.py,django/utils/http.py,True,812,False,False
validation,method_selection,django__django-10904,django/django,7444f3252757ed4384623e5afd7dcfeef3e0c74e,"Replace use of OSError aliases with OSError (IOError, EnvironmentError, WindowsError, mmap.error, socket.error, select.error)",partial_recall,cross_file_partial_miss,只找回部分正確檔案,initial_retrieval_miss,正確檔案未進入TF-IDF前50名,優先測試API查詢擴充、Import Graph與較大的TF-IDF候選池。,18,6,django/contrib/auth/password_validation.py | django/contrib/gis/gdal/libgdal.py | django/contrib/gis/geos/libgeos.py | django/contrib/sessions/backends/file.py | django/contrib/staticfiles/storage.py | django/core/files/move.py | django/core/files/storage.py | django/core/files/temp.py | django/core/mail/backends/smtp.py | django/core/management/commands/compilemessages.py | django/core/management/commands/runserver.py | django/core/management/templates.py | django/core/servers/basehttp.py | django/http/request.py | django/http/response.py | django/middleware/csrf.py | django/utils/translation/trans_real.py | django/views/debug.py,django/contrib/auth/password_validation.py | django/contrib/gis/gdal/libgdal.py | django/contrib/sessions/backends/file.py | django/contrib/staticfiles/storage.py | django/core/files/move.py | django/core/files/storage.py | django/core/management/commands/compilemessages.py | django/core/management/templates.py | django/core/servers/basehttp.py | django/http/request.py | django/middleware/csrf.py | django/utils/translation/trans_real.py,True,801,False,False
validation,method_selection,django__django-11991,django/django,f997b5e6ae85e2df2342b1a7812fe8130206c957,Add support for adding non-key columns to indexes,partial_recall,cross_file_partial_miss,只找回部分正確檔案,mixed_retrieval_and_rerank,同一Ticket同時包含初步檢索與重新排序遺漏,分別處理初步檢索與SBERT重排，不能只調整單一階段。,9,6,django/contrib/gis/db/backends/postgis/schema.py | django/contrib/postgres/indexes.py | django/db/backends/base/features.py | django/db/backends/base/schema.py | django/db/backends/postgresql/features.py | django/db/backends/postgresql/schema.py | django/db/models/base.py | django/db/models/constraints.py | django/db/models/indexes.py,django/contrib/gis/db/backends/postgis/schema.py | django/db/models/base.py | django/db/models/constraints.py,True,811,False,True
validation,method_selection,django__django-12062,django/django,3e5b349535f011a51dc308898924786143000631,Allow disabling of all migrations during tests,partial_recall,cross_file_partial_miss,只找回部分正確檔案,reranker_demotion,正確檔案在TF-IDF前50名，但被SBERT排出前20名,檢查SBERT重排與檔案分數整合，避免正確檔案被排出Top-20。,2,1,django/db/backends/base/creation.py | django/db/utils.py,django/db/utils.py,True,813,False,False
validation,method_selection,django__django-13682,django/django,fcd44b889f36c4be87910745614a0a4c88d7a3d8,Improve error messages from forgetting to call .as_view() on a CBV,miss,mixed_retrieval_and_rerank,同一Ticket同時包含初步檢索與重新排序遺漏,mixed_retrieval_and_rerank,同一Ticket同時包含初步檢索與重新排序遺漏,分別處理初步檢索與SBERT重排，不能只調整單一階段。,2,0,django/urls/conf.py | django/urls/resolvers.py,django/urls/conf.py | django/urls/resolvers.py,True,810,False,True
validation,method_selection,matplotlib__matplotlib-25346,matplotlib/matplotlib,fbe7a446a60e603e44a7a6fbdd77f2be39d6796c,[Bug]: constrained layout with wrapped titles,miss,initial_retrieval_miss,正確檔案未進入TF-IDF前50名,initial_retrieval_miss,正確檔案未進入TF-IDF前50名,優先測試API查詢擴充、Import Graph與較大的TF-IDF候選池。,1,0,lib/matplotlib/text.py,lib/matplotlib/text.py,True,1007,False,False
validation,method_selection,matplotlib__matplotlib-19743,matplotlib/matplotlib,5793ebb2201bf778f08ac1d4cd0b8dd674c96053,constrained_layout support for figure.legend,partial_recall,cross_file_partial_miss,只找回部分正確檔案,mixed_retrieval_and_rerank,同一Ticket同時包含初步檢索與重新排序遺漏,分別處理初步檢索與SBERT重排，不能只調整單一階段。,6,4,examples/text_labels_and_annotations/figlegend_demo.py | lib/matplotlib/_constrained_layout.py | lib/matplotlib/axes/_axes.py | lib/matplotlib/figure.py | lib/matplotlib/legend.py | tutorials/intermediate/legend_guide.py,examples/text_labels_and_annotations/figlegend_demo.py | lib/matplotlib/axes/_axes.py,True,1022,False,True
validation,method_selection,matplotlib__matplotlib-24257,matplotlib/matplotlib,aca6e9d5e98811ca37c442217914b15e78127c89,Document how to distribute style files in python packages,partial_recall,cross_file_partial_miss,只找回部分正確檔案,reranker_demotion,正確檔案在TF-IDF前50名，但被SBERT排出前20名,檢查SBERT重排與檔案分數整合，避免正確檔案被排出Top-20。,3,2,lib/matplotlib/style/core.py | setup.py | tutorials/introductory/customizing.py,setup.py,True,1022,False,False
validation,method_selection,matplotlib__matplotlib-24250,matplotlib/matplotlib,f6e75121e11b6ba918c5f6e5c2cc1b9f4fccc8b0,[Bug]: pick events do not forward mouseevent-key on Linux,miss,reranker_demotion,正確檔案在TF-IDF前50名，但被SBERT排出前20名,reranker_demotion,正確檔案在TF-IDF前50名，但被SBERT排出前20名,檢查SBERT重排與檔案分數整合，避免正確檔案被排出Top-20。,1,0,lib/matplotlib/figure.py,lib/matplotlib/figure.py,True,1010,False,False
validation,method_selection,matplotlib__matplotlib-23174,matplotlib/matplotlib,d73ba9e00eddae34610bf9982876b5aa62114ad5,[Bug]: Crash when adding clabels to subfigures,miss,reranker_demotion,正確檔案在TF-IDF前50名，但被SBERT排出前20名,reranker_demotion,正確檔案在TF-IDF前50名，但被SBERT排出前20名,檢查SBERT重排與檔案分數整合，避免正確檔案被排出Top-20。,1,0,lib/matplotlib/figure.py,lib/matplotlib/figure.py,True,1012,False,False
validation,method_selection,matplotlib__matplotlib-25515,matplotlib/matplotlib,3218d1f9d3242d29e7d789fd4d27bffcc7da64a4,[ENH]: hi-res plot directive...,partial_recall,cross_file_partial_miss,只找回部分正確檔案,index_coverage_failure,正確檔案未進入Code Index,檢查測試檔排除規則、支援副檔名與檔案大小限制。,3,1,doc/conf.py | lib/matplotlib/sphinxext/figmpl_directive.py | lib/matplotlib/sphinxext/plot_directive.py,doc/conf.py | lib/matplotlib/sphinxext/figmpl_directive.py,True,1007,False,False
validation,method_selection,matplotlib__matplotlib-13980,matplotlib/matplotlib,4236b571cb2f0b741c40788d471d3aa553421e7b,Non-sensical negative radial scale minimum autoset in polar plot,miss,initial_retrieval_miss,正確檔案未進入TF-IDF前50名,initial_retrieval_miss,正確檔案未進入TF-IDF前50名,優先測試API查詢擴充、Import Graph與較大的TF-IDF候選池。,1,0,lib/matplotlib/axes/_base.py,lib/matplotlib/axes/_base.py,True,1024,False,False
validation,method_selection,matplotlib__matplotlib-24538,matplotlib/matplotlib,c1588e695d04c4520b1b0bc915add22cedd481f4,document Legend.legendHandles,partial_recall,cross_file_partial_miss,只找回部分正確檔案,reranker_demotion,正確檔案在TF-IDF前50名，但被SBERT排出前20名,檢查SBERT重排與檔案分數整合，避免正確檔案被排出Top-20。,3,2,lib/matplotlib/legend.py | lib/matplotlib/legend_handler.py | lib/matplotlib/patches.py,lib/matplotlib/patches.py,True,1021,False,False
validation,method_selection,matplotlib__matplotlib-20470,matplotlib/matplotlib,f0632c0fc7339f68e992ed63ae4cfac76cd41aad,Handle and label not created for Text with label,partial_recall,cross_file_partial_miss,只找回部分正確檔案,initial_retrieval_miss,正確檔案未進入TF-IDF前50名,優先測試API查詢擴充、Import Graph與較大的TF-IDF候選池。,2,1,lib/matplotlib/legend.py | lib/matplotlib/text.py,lib/matplotlib/text.py,True,1025,False,False
validation,method_selection,matplotlib__matplotlib-24691,matplotlib/matplotlib,78bf53caacbb5ce0dc7aa73f07a74c99f1ed919b,[ENH]: set facecolor and edgecolor alpha separately,partial_recall,cross_file_partial_miss,只找回部分正確檔案,index_coverage_failure,正確檔案未進入Code Index,檢查測試檔排除規則、支援副檔名與檔案大小限制。,3,1,galleries/examples/color/set_alpha.py | galleries/users_explain/colors/colors.py | lib/matplotlib/colors.py,galleries/examples/color/set_alpha.py | galleries/users_explain/colors/colors.py,True,1008,False,False
validation,method_selection,matplotlib__matplotlib-24619,matplotlib/matplotlib,0aac9f17b9373f66c709f436149568bda69595b3,[Bug]: integer colours for pcolorfast / quadmesh,partial_recall,cross_file_partial_miss,只找回部分正確檔案,initial_retrieval_miss,正確檔案未進入TF-IDF前50名,優先測試API查詢擴充、Import Graph與較大的TF-IDF候選池。,2,1,lib/matplotlib/axes/_axes.py | lib/matplotlib/collections.py,lib/matplotlib/collections.py,True,1020,False,False
validation,method_selection,matplotlib__matplotlib-26479,matplotlib/matplotlib,04492d95a12328373161d7b8ffc8c2f4b0575974,Postscript backend gives wrong page sizes,partial_recall,cross_file_partial_miss,只找回部分正確檔案,initial_retrieval_miss,正確檔案未進入TF-IDF前50名,優先測試API查詢擴充、Import Graph與較大的TF-IDF候選池。,2,1,lib/matplotlib/backends/backend_ps.py | lib/matplotlib/rcsetup.py,lib/matplotlib/rcsetup.py,True,1010,False,False
validation,method_selection,matplotlib__matplotlib-24013,matplotlib/matplotlib,394748d584d1cd5c361a6a4c7b70d7b8a8cd3ef0,function shadowing their own definition modules,partial_recall,cross_file_partial_miss,只找回部分正確檔案,index_coverage_failure,正確檔案未進入Code Index,檢查測試檔排除規則、支援副檔名與檔案大小限制。,18,2,lib/matplotlib/tri/__init__.py | lib/matplotlib/tri/_triangulation.py | lib/matplotlib/tri/_tricontour.py | lib/matplotlib/tri/_trifinder.py | lib/matplotlib/tri/_triinterpolate.py | lib/matplotlib/tri/_tripcolor.py | lib/matplotlib/tri/_triplot.py | lib/matplotlib/tri/_trirefine.py | lib/matplotlib/tri/_tritools.py | lib/matplotlib/tri/triangulation.py | lib/matplotlib/tri/tricontour.py | lib/matplotlib/tri/trifinder.py | lib/matplotlib/tri/triinterpolate.py | lib/matplotlib/tri/tripcolor.py | lib/matplotlib/tri/triplot.py | lib/matplotlib/tri/trirefine.py | lib/matplotlib/tri/tritools.py | lib/mpl_toolkits/mplot3d/axes3d.py,lib/matplotlib/tri/_triangulation.py | lib/matplotlib/tri/_tricontour.py | lib/matplotlib/tri/_trifinder.py | lib/matplotlib/tri/_triinterpolate.py | lib/matplotlib/tri/_tripcolor.py | lib/matplotlib/tri/_triplot.py | lib/matplotlib/tri/_trirefine.py | lib/matplotlib/tri/_tritools.py | lib/matplotlib/tri/triangulation.py | lib/matplotlib/tri/tricontour.py | lib/matplotlib/tri/trifinder.py | lib/matplotlib/tri/triinterpolate.py | lib/matplotlib/tri/triplot.py | lib/matplotlib/tri/trirefine.py | lib/matplotlib/tri/tritools.py | lib/mpl_toolkits/mplot3d/axes3d.py,True,1015,False,False
validation,method_selection,matplotlib__matplotlib-23198,matplotlib/matplotlib,3407cbc42f0e70595813e2b1816d432591558921,"Inconsistency in keyword-arguments ncol/ncols, nrow/nrows",partial_recall,cross_file_partial_miss,只找回部分正確檔案,initial_retrieval_miss,正確檔案未進入TF-IDF前50名,優先測試API查詢擴充、Import Graph與較大的TF-IDF候選池。,2,1,lib/matplotlib/backends/qt_editor/figureoptions.py | lib/matplotlib/legend.py,lib/matplotlib/backends/qt_editor/figureoptions.py,True,1013,False,False
validation,method_selection,matplotlib__matplotlib-21550,matplotlib/matplotlib,460073b2d9122e276d42c2775bad858e337a51f1,"[Bug]: this example shows ok on matplotlib-3.4.3, but not in matplotlib-3.5.0 master of october 30th",miss,initial_retrieval_miss,正確檔案未進入TF-IDF前50名,initial_retrieval_miss,正確檔案未進入TF-IDF前50名,優先測試API查詢擴充、Import Graph與較大的TF-IDF候選池。,1,0,lib/matplotlib/collections.py,lib/matplotlib/collections.py,True,1025,False,False
validation,method_selection,matplotlib__matplotlib-26466,matplotlib/matplotlib,3dd06a46750d174f821df5377996f493f1af4ebb,Updating an array passed as the xy parameter to annotate updates the anottation,miss,reranker_demotion,正確檔案在TF-IDF前50名，但被SBERT排出前20名,reranker_demotion,正確檔案在TF-IDF前50名，但被SBERT排出前20名,檢查SBERT重排與檔案分數整合，避免正確檔案被排出Top-20。,1,0,lib/matplotlib/text.py,lib/matplotlib/text.py,True,1010,False,False
validation,method_selection,mwaskom__seaborn-3216,mwaskom/seaborn,557b0d29cdeae9703576f4bb0eb73dd997a1e4a4,Figure title being removed by seaborn objects API when plotting on subfigures,partial_recall,cross_file_partial_miss,只找回部分正確檔案,initial_retrieval_miss,正確檔案未進入TF-IDF前50名,優先測試API查詢擴充、Import Graph與較大的TF-IDF候選池。,2,1,seaborn/_compat.py | seaborn/_core/plot.py,seaborn/_compat.py,True,110,False,False
validation,method_selection,mwaskom__seaborn-2766,mwaskom/seaborn,e8a83c8f12c50eb99bcf32ff83b36bc413ec2e02,DeprecationWarning with the latest setuptools,partial_recall,cross_file_partial_miss,只找回部分正確檔案,index_coverage_failure,正確檔案未進入Code Index,檢查測試檔排除規則、支援副檔名與檔案大小限制。,6,5,seaborn/_core.py | seaborn/_statistics.py | seaborn/axisgrid.py | seaborn/categorical.py | seaborn/external/version.py | seaborn/rcmod.py,seaborn/external/version.py,True,83,False,False
validation,method_selection,pydata__xarray-6804,pydata/xarray,f045401ca79ecd1b80a0da67f44404c4e208fe31,Use pytorch as backend for xarrays,partial_recall,cross_file_partial_miss,只找回部分正確檔案,mixed_retrieval_and_rerank,同一Ticket同時包含初步檢索與重新排序遺漏,分別處理初步檢索與SBERT重排，不能只調整單一階段。,4,2,xarray/core/duck_array_ops.py | xarray/core/indexing.py | xarray/core/utils.py | xarray/core/variable.py,xarray/core/duck_array_ops.py | xarray/core/utils.py,True,109,False,True
validation,method_selection,pydata__xarray-7444,pydata/xarray,821dc24b5f3ed91b843a634bf8513a26046269ef,⚠️ Nightly upstream-dev CI failed ⚠️: `pandas` removed deprecated keyword arguments,partial_recall,cross_file_partial_miss,只找回部分正確檔案,reranker_demotion,正確檔案在TF-IDF前50名，但被SBERT排出前20名,檢查SBERT重排與檔案分數整合，避免正確檔案被排出Top-20。,4,2,xarray/core/common.py | xarray/core/groupby.py | xarray/core/pdcompat.py | xarray/core/resample_cftime.py,xarray/core/groupby.py | xarray/core/pdcompat.py,True,114,False,False
validation,method_selection,pydata__xarray-7019,pydata/xarray,964d350a80fe21d4babf939c108986d5fd90a2cf,Alternative parallel execution frameworks in xarray,partial_recall,cross_file_partial_miss,只找回部分正確檔案,index_coverage_failure,正確檔案未進入Code Index,檢查測試檔排除規則、支援副檔名與檔案大小限制。,23,10,xarray/backends/api.py | xarray/backends/common.py | xarray/backends/plugins.py | xarray/backends/zarr.py | xarray/coding/strings.py | xarray/coding/variables.py | xarray/core/common.py | xarray/core/computation.py | xarray/core/dask_array_ops.py | xarray/core/daskmanager.py | xarray/core/dataarray.py | xarray/core/dataset.py | xarray/core/duck_array_ops.py | xarray/core/indexing.py | xarray/core/missing.py | xarray/core/nanops.py | xarray/core/parallelcompat.py | xarray/core/pycompat.py | xarray/core/rolling.py | xarray/core/types.py | xarray/core/utils.py | xarray/core/variable.py | xarray/core/weighted.py,xarray/backends/api.py | xarray/backends/common.py | xarray/backends/plugins.py | xarray/backends/zarr.py | xarray/coding/strings.py | xarray/coding/variables.py | xarray/core/daskmanager.py | xarray/core/duck_array_ops.py | xarray/core/missing.py | xarray/core/parallelcompat.py | xarray/core/pycompat.py | xarray/core/rolling.py | xarray/core/utils.py,True,111,False,False
validation,method_selection,pydata__xarray-7347,pydata/xarray,92e7cb5b21a6dee7f7333c66e41233205c543bc1,assign_coords reset all dimension coords to default (pandas) index,miss,reranker_demotion,正確檔案在TF-IDF前50名，但被SBERT排出前20名,reranker_demotion,正確檔案在TF-IDF前50名，但被SBERT排出前20名,檢查SBERT重排與檔案分數整合，避免正確檔案被排出Top-20。,1,0,xarray/core/merge.py,xarray/core/merge.py,True,114,False,False
validation,method_selection,pydata__xarray-5731,pydata/xarray,5db40465955a30acd601d0c3d7ceaebe34d28d11,Dask error on xarray.corr,partial_recall,cross_file_partial_miss,只找回部分正確檔案,initial_retrieval_miss,正確檔案未進入TF-IDF前50名,優先測試API查詢擴充、Import Graph與較大的TF-IDF候選池。,3,2,xarray/core/computation.py | xarray/core/parallel.py | xarray/core/pycompat.py,xarray/core/pycompat.py,True,108,False,False
validation,method_selection,pydata__xarray-5455,pydata/xarray,e87d65b77711bbf289e14dfa0581fb842247f1c2,Suggesting specific IO backends to install when open_dataset() fails,partial_recall,cross_file_partial_miss,只找回部分正確檔案,reranker_demotion,正確檔案在TF-IDF前50名，但被SBERT排出前20名,檢查SBERT重排與檔案分數整合，避免正確檔案被排出Top-20。,10,9,xarray/backends/cfgrib_.py | xarray/backends/h5netcdf_.py | xarray/backends/netCDF4_.py | xarray/backends/plugins.py | xarray/backends/pseudonetcdf_.py | xarray/backends/pydap_.py | xarray/backends/pynio_.py | xarray/backends/scipy_.py | xarray/backends/store.py | xarray/backends/zarr.py,xarray/backends/cfgrib_.py,True,104,False,False
validation,method_selection,pydata__xarray-7052,pydata/xarray,ddccd5c538220ab7b8fdab390c64e29be97ee00b,Plot accessors miss static typing,partial_recall,cross_file_partial_miss,只找回部分正確檔案,index_coverage_failure,正確檔案未進入Code Index,檢查測試檔排除規則、支援副檔名與檔案大小限制。,12,8,xarray/core/alignment.py | xarray/core/dataarray.py | xarray/core/dataset.py | xarray/core/pycompat.py | xarray/core/types.py | xarray/plot/__init__.py | xarray/plot/accessor.py | xarray/plot/dataarray_plot.py | xarray/plot/dataset_plot.py | xarray/plot/facetgrid.py | xarray/plot/plot.py | xarray/plot/utils.py,xarray/core/alignment.py | xarray/core/pycompat.py | xarray/plot/accessor.py | xarray/plot/dataarray_plot.py,True,110,False,False
validation,method_selection,pydata__xarray-5187,pydata/xarray,b2351cbe3f3e92f0e242312dae5791fc83a4467a,bfill behavior dask arrays with small chunk size,partial_recall,cross_file_partial_miss,只找回部分正確檔案,reranker_demotion,正確檔案在TF-IDF前50名，但被SBERT排出前20名,檢查SBERT重排與檔案分數整合，避免正確檔案被排出Top-20。,5,4,xarray/core/dask_array_ops.py | xarray/core/dataarray.py | xarray/core/dataset.py | xarray/core/duck_array_ops.py | xarray/core/missing.py,xarray/core/duck_array_ops.py,True,104,False,False
validation,method_selection,pydata__xarray-5233,pydata/xarray,2694046c748a51125de6d460073635f1d789958e,Calendar utilities,partial_recall,cross_file_partial_miss,只找回部分正確檔案,index_coverage_failure,正確檔案未進入Code Index,檢查測試檔排除規則、支援副檔名與檔案大小限制。,7,5,xarray/__init__.py | xarray/coding/calendar_ops.py | xarray/coding/cftime_offsets.py | xarray/coding/times.py | xarray/core/accessor_dt.py | xarray/core/dataarray.py | xarray/core/dataset.py,xarray/__init__.py | xarray/coding/calendar_ops.py,True,107,False,False
validation,method_selection,pydata__xarray-2922,pydata/xarray,65a5bff79479c4b56d6f733236fe544b7f4120a8,add average function,partial_recall,cross_file_partial_miss,只找回部分正確檔案,index_coverage_failure,正確檔案未進入Code Index,檢查測試檔排除規則、支援副檔名與檔案大小限制。,4,3,xarray/core/common.py | xarray/core/dataarray.py | xarray/core/dataset.py | xarray/core/weighted.py,xarray/core/weighted.py,True,94,True,True
validation,method_selection,pylint-dev__pylint-6412,pylint-dev/pylint,4b73e81df60db3a5e3706124185a3d37a363f7e7,Support isinstance checks through ABCMeta for checkers and reporters,partial_recall,cross_file_partial_miss,只找回部分正確檔案,reranker_demotion,正確檔案在TF-IDF前50名，但被SBERT排出前20名,檢查SBERT重排與檔案分數整合，避免正確檔案被排出Top-20。,4,3,pylint/checkers/base_checker.py | pylint/interfaces.py | pylint/lint/pylinter.py | pylint/reporters/base_reporter.py,pylint/reporters/base_reporter.py,True,377,False,False
validation,method_selection,pylint-dev__pylint-8757,pylint-dev/pylint,2acca90eab93569f9482b1c7595c30207afcbe7c,Different output with --jobs=1 and --jobs=2,miss,initial_retrieval_miss,正確檔案未進入TF-IDF前50名,initial_retrieval_miss,正確檔案未進入TF-IDF前50名,優先測試API查詢擴充、Import Graph與較大的TF-IDF候選池。,2,0,pylint/checkers/similar.py | pylint/lint/parallel.py,pylint/checkers/similar.py | pylint/lint/parallel.py,True,1001,False,False
validation,method_selection,pylint-dev__pylint-8898,pylint-dev/pylint,1f8c4d9eb185c16a2c1d881c054f015e1c2eb334,bad-names-rgxs mangles regular expressions with commas,partial_recall,cross_file_partial_miss,只找回部分正確檔案,initial_retrieval_miss,正確檔案未進入TF-IDF前50名,優先測試API查詢擴充、Import Graph與較大的TF-IDF候選池。,3,2,pylint/config/argument.py | pylint/utils/__init__.py | pylint/utils/utils.py,pylint/utils/utils.py,True,1003,False,False
validation,method_selection,pylint-dev__pylint-6526,pylint-dev/pylint,0220a39f6d4dddd1bf8f2f6d83e11db58a093fbe,How does pylint decide where it should put stat files?,miss,initial_retrieval_miss,正確檔案未進入TF-IDF前50名,initial_retrieval_miss,正確檔案未進入TF-IDF前50名,優先測試API查詢擴充、Import Graph與較大的TF-IDF候選池。,1,0,pylint/lint/caching.py,pylint/lint/caching.py,True,402,False,False
validation,method_selection,pytest-dev__pytest-5840,pytest-dev/pytest,73c5b7f4b11a81e971f7d1bb18072e06a87060f4,5.1.2 ImportError while loading conftest (windows import folder casing issues),miss,reranker_demotion,正確檔案在TF-IDF前50名，但被SBERT排出前20名,reranker_demotion,正確檔案在TF-IDF前50名，但被SBERT排出前20名,檢查SBERT重排與檔案分數整合，避免正確檔案被排出Top-20。,2,0,src/_pytest/config/__init__.py | src/_pytest/pathlib.py,src/_pytest/config/__init__.py | src/_pytest/pathlib.py,True,189,False,False
validation,method_selection,pytest-dev__pytest-8463,pytest-dev/pytest,35df3e68d57fcd62a60b2a8568b09fa3674f36a8,resolve startpath/fspath parameter regressions,partial_recall,cross_file_partial_miss,只找回部分正確檔案,index_coverage_failure,正確檔案未進入Code Index,檢查測試檔排除規則、支援副檔名與檔案大小限制。,6,2,src/_pytest/config/__init__.py | src/_pytest/config/compat.py | src/_pytest/deprecated.py | src/_pytest/main.py | src/_pytest/python.py | src/_pytest/terminal.py,src/_pytest/config/compat.py | src/_pytest/deprecated.py | src/_pytest/main.py | src/_pytest/python.py,True,223,False,False
validation,method_selection,pytest-dev__pytest-6214,pytest-dev/pytest,f24f20a46e0efd8b375ab3457e9f6864e59979e5,--setup-plan and --setup-only seem to claim different things,miss,initial_retrieval_miss,正確檔案未進入TF-IDF前50名,initial_retrieval_miss,正確檔案未進入TF-IDF前50名,優先測試API查詢擴充、Import Graph與較大的TF-IDF候選池。,1,0,src/_pytest/setupplan.py,src/_pytest/setupplan.py,True,190,False,False
validation,method_selection,pytest-dev__pytest-7985,pytest-dev/pytest,4cd0fde277f657560bf5c4453d3b645094d2c747,Deprecate `--strict`,partial_recall,cross_file_partial_miss,只找回部分正確檔案,reranker_demotion,正確檔案在TF-IDF前50名，但被SBERT排出前20名,檢查SBERT重排與檔案分數整合，避免正確檔案被排出Top-20。,4,2,src/_pytest/config/__init__.py | src/_pytest/deprecated.py | src/_pytest/main.py | src/_pytest/mark/structures.py,src/_pytest/main.py | src/_pytest/mark/structures.py,True,212,False,False
validation,method_selection,pytest-dev__pytest-10758,pytest-dev/pytest,d5dda84ef346b83e0b634a92e00c62a8a10e0061,Walrus operator causes different behavior in PyTest.,miss,initial_retrieval_miss,正確檔案未進入TF-IDF前50名,initial_retrieval_miss,正確檔案未進入TF-IDF前50名,優先測試API查詢擴充、Import Graph與較大的TF-IDF候選池。,1,0,src/_pytest/assertion/rewrite.py,src/_pytest/assertion/rewrite.py,True,235,False,False
validation,method_selection,pytest-dev__pytest-7982,pytest-dev/pytest,a7e38c5c61928033a2dc1915cbee8caa8544a4d0,Symlinked directories not collected since pytest 6.1.0,miss,reranker_demotion,正確檔案在TF-IDF前50名，但被SBERT排出前20名,reranker_demotion,正確檔案在TF-IDF前50名，但被SBERT排出前20名,檢查SBERT重排與檔案分數整合，避免正確檔案被排出Top-20。,1,0,src/_pytest/pathlib.py,src/_pytest/pathlib.py,True,211,False,False
validation,method_selection,pytest-dev__pytest-9956,pytest-dev/pytest,cc0fbbefa0f8a6b390e89ef0d4d64dd78783a5c1,Test functions that return non-None should raise a warning/error,partial_recall,cross_file_partial_miss,只找回部分正確檔案,initial_retrieval_miss,正確檔案未進入TF-IDF前50名,優先測試API查詢擴充、Import Graph與較大的TF-IDF候選池。,3,1,src/_pytest/python.py | src/_pytest/warning_types.py | src/pytest/__init__.py,src/_pytest/warning_types.py | src/pytest/__init__.py,True,232,False,False
validation,method_selection,scikit-learn__scikit-learn-15495,scikit-learn/scikit-learn,b13b02c311c18c2041782bcdaadd08b8fd3f216b,Use _check_sample_weight to consistently validate sample_weight,miss,reranker_demotion,正確檔案在TF-IDF前50名，但被SBERT排出前20名,reranker_demotion,正確檔案在TF-IDF前50名，但被SBERT排出前20名,檢查SBERT重排與檔案分數整合，避免正確檔案被排出Top-20。,1,0,sklearn/tree/_classes.py,sklearn/tree/_classes.py,True,560,False,False
validation,method_selection,scikit-learn__scikit-learn-14067,scikit-learn/scikit-learn,7b8cbc875b862ebb81a9b3415bdee235cca99ca6,ARD Regressor accuracy degrades when upgrading Scipy 1.2.1 -> 1.3.0,miss,index_coverage_failure,正確檔案未進入Code Index,index_coverage_failure,正確檔案未進入Code Index,檢查測試檔排除規則、支援副檔名與檔案大小限制。,3,0,sklearn/externals/_scipy_linalg.py | sklearn/linear_model/bayes.py | sklearn/utils/fixes.py,sklearn/externals/_scipy_linalg.py | sklearn/linear_model/bayes.py | sklearn/utils/fixes.py,True,543,False,False
validation,method_selection,scikit-learn__scikit-learn-25697,scikit-learn/scikit-learn,097c3683a73c5805a84e6eada71e4928cb35496e,Deprecate `n_iter` in favor of `max_iter` for consistency,miss,reranker_demotion,正確檔案在TF-IDF前50名，但被SBERT排出前20名,reranker_demotion,正確檔案在TF-IDF前50名，但被SBERT排出前20名,檢查SBERT重排與檔案分數整合，避免正確檔案被排出Top-20。,1,0,sklearn/linear_model/_bayes.py,sklearn/linear_model/_bayes.py,True,635,False,False
validation,method_selection,scikit-learn__scikit-learn-14125,scikit-learn/scikit-learn,c0c53137cec61a4d6cd72d8a43bbe0321476e440,[MRG] Fix 'SparseSeries deprecated: scipy-dev failing on travis' #14002,miss,initial_retrieval_miss,正確檔案未進入TF-IDF前50名,initial_retrieval_miss,正確檔案未進入TF-IDF前50名,優先測試API查詢擴充、Import Graph與較大的TF-IDF候選池。,1,0,sklearn/utils/multiclass.py,sklearn/utils/multiclass.py,True,543,False,False
validation,method_selection,scikit-learn__scikit-learn-13536,scikit-learn/scikit-learn,c863ed3d57e3b5ceeb4e7e8001c96aad7110c605,improve error message when passing sample_weight to Pipeline,partial_recall,cross_file_partial_miss,只找回部分正確檔案,reranker_demotion,正確檔案在TF-IDF前50名，但被SBERT排出前20名,檢查SBERT重排與檔案分數整合，避免正確檔案被排出Top-20。,2,1,sklearn/ensemble/gradient_boosting.py | sklearn/pipeline.py,sklearn/ensemble/gradient_boosting.py,True,576,False,False
validation,method_selection,scikit-learn__scikit-learn-12557,scikit-learn/scikit-learn,4de404d46d24805ff48ad255ec3169a5155986f0,SVC.decision_function disagrees with predict,partial_recall,cross_file_partial_miss,只找回部分正確檔案,index_coverage_failure,正確檔案未進入Code Index,檢查測試檔排除規則、支援副檔名與檔案大小限制。,4,3,examples/svm/plot_svm_tie_breaking.py | sklearn/model_selection/_search.py | sklearn/svm/base.py | sklearn/svm/classes.py,examples/svm/plot_svm_tie_breaking.py,True,540,False,False
validation,method_selection,scikit-learn__scikit-learn-25102,scikit-learn/scikit-learn,f9a1cf072da9d7375d6c2163f68a6038b13b310f,Preserving dtypes for DataFrame output by transformers that do not modify the input values,miss,initial_retrieval_miss,正確檔案未進入TF-IDF前50名,initial_retrieval_miss,正確檔案未進入TF-IDF前50名,優先測試API查詢擴充、Import Graph與較大的TF-IDF候選池。,2,0,sklearn/base.py | sklearn/feature_selection/_base.py,sklearn/base.py | sklearn/feature_selection/_base.py,True,635,False,False
validation,method_selection,sphinx-doc__sphinx-8278,sphinx-doc/sphinx,a8abb9995f71b9bc02b6f83592751c779ae0f75a,Sphinx changes number system from hexadecimal to decimal for function default arguments,miss,initial_retrieval_miss,正確檔案未進入TF-IDF前50名,initial_retrieval_miss,正確檔案未進入TF-IDF前50名,優先測試API查詢擴充、Import Graph與較大的TF-IDF候選池。,2,0,sphinx/pycode/ast.py | sphinx/util/inspect.py,sphinx/pycode/ast.py | sphinx/util/inspect.py,True,272,False,False
validation,method_selection,sphinx-doc__sphinx-8265,sphinx-doc/sphinx,b428cd2404675475a5c3dc2a2b0790ba57676202,docstring default arg is broken,miss,initial_retrieval_miss,正確檔案未進入TF-IDF前50名,initial_retrieval_miss,正確檔案未進入TF-IDF前50名,優先測試API查詢擴充、Import Graph與較大的TF-IDF候選池。,1,0,sphinx/pycode/ast.py,sphinx/pycode/ast.py,True,272,False,False
validation,method_selection,sphinx-doc__sphinx-9987,sphinx-doc/sphinx,5adc109b72ce42f6938191c7ad027a4913eaba1d,Using position-only parameter syntax in `__init__` prevents docstrings for attributes from being parsed,miss,initial_retrieval_miss,正確檔案未進入TF-IDF前50名,initial_retrieval_miss,正確檔案未進入TF-IDF前50名,優先測試API查詢擴充、Import Graph與較大的TF-IDF候選池。,1,0,sphinx/pycode/parser.py,sphinx/pycode/parser.py,True,293,False,False
validation,method_selection,sphinx-doc__sphinx-10353,sphinx-doc/sphinx,9236b4247ee8e00ed89eb3ccc456236cdd8eaaea,"Reference targets not found when using `autodoc_typehints = ""both""`",miss,initial_retrieval_miss,正確檔案未進入TF-IDF前50名,initial_retrieval_miss,正確檔案未進入TF-IDF前50名,優先測試API查詢擴充、Import Graph與較大的TF-IDF候選池。,1,0,sphinx/util/inspect.py,sphinx/util/inspect.py,True,291,False,False
validation,method_selection,sphinx-doc__sphinx-8058,sphinx-doc/sphinx,f92fa6443fe6f457ab0c26d41eb229e825fda5e1,Allow more compaction in gettext builder,partial_recall,cross_file_partial_miss,只找回部分正確檔案,initial_retrieval_miss,正確檔案未進入TF-IDF前50名,優先測試API查詢擴充、Import Graph與較大的TF-IDF候選池。,2,1,sphinx/builders/gettext.py | sphinx/util/i18n.py,sphinx/util/i18n.py,True,272,False,False
validation,method_selection,sphinx-doc__sphinx-11510,sphinx-doc/sphinx,6cb783c0024a873722952a67ebb9f41771c8eb6d,source-read event does not modify include'd files source,miss,initial_retrieval_miss,正確檔案未進入TF-IDF前50名,initial_retrieval_miss,正確檔案未進入TF-IDF前50名,優先測試API查詢擴充、Import Graph與較大的TF-IDF候選池。,1,0,sphinx/directives/other.py,sphinx/directives/other.py,True,286,False,False
validation,method_selection,sphinx-doc__sphinx-8674,sphinx-doc/sphinx,2444c4711e9142a40dee4032bb921867c8f2b9fb,Enable passing options to pygments,partial_recall,cross_file_partial_miss,只找回部分正確檔案,mixed_retrieval_and_rerank,同一Ticket同時包含初步檢索與重新排序遺漏,分別處理初步檢索與SBERT重排，不能只調整單一階段。,4,2,sphinx/config.py | sphinx/writers/html.py | sphinx/writers/html5.py | sphinx/writers/latex.py,sphinx/writers/html.py | sphinx/writers/html5.py,True,273,False,True
validation,method_selection,sphinx-doc__sphinx-7930,sphinx-doc/sphinx,2feb0b43b64012ac982a9d07af85002b43b59226,Regression: autodoc Dataclass variables reference target not found,miss,reranker_demotion,正確檔案在TF-IDF前50名，但被SBERT排出前20名,reranker_demotion,正確檔案在TF-IDF前50名，但被SBERT排出前20名,檢查SBERT重排與檔案分數整合，避免正確檔案被排出Top-20。,1,0,sphinx/domains/python.py,sphinx/domains/python.py,True,272,False,False
validation,method_selection,sphinx-doc__sphinx-10207,sphinx-doc/sphinx,8b23f6db12d9fcdb6e1ca2015ea32e3e2e1fbdb6,Allow keyboard shortcut `/` to focus on search,partial_recall,cross_file_partial_miss,只找回部分正確檔案,initial_retrieval_miss,正確檔案未進入TF-IDF前50名,優先測試API查詢擴充、Import Graph與較大的TF-IDF候選池。,7,3,sphinx/builders/latex/transforms.py | sphinx/ext/autodoc/__init__.py | sphinx/ext/autodoc/directive.py | sphinx/ext/napoleon/docstring.py | sphinx/util/typing.py | sphinx/writers/html.py | sphinx/writers/latex.py,sphinx/builders/latex/transforms.py | sphinx/util/typing.py | sphinx/writers/html.py | sphinx/writers/latex.py,True,294,False,False
validation,method_selection,sphinx-doc__sphinx-7356,sphinx-doc/sphinx,4050f2df9d618d4deb4ce28ccea69ede65b45005,Breaking change to Python domain IDs,partial_recall,cross_file_partial_miss,只找回部分正確檔案,initial_retrieval_miss,正確檔案未進入TF-IDF前50名,優先測試API查詢擴充、Import Graph與較大的TF-IDF候選池。,2,1,sphinx/domains/python.py | sphinx/util/nodes.py,sphinx/util/nodes.py,True,269,False,False
validation,method_selection,sphinx-doc__sphinx-9261,sphinx-doc/sphinx,4d90277c49633705148793ab02b28353c8a59b48,Building autodocs for derived classes produces invalid warnings,partial_recall,cross_file_partial_miss,只找回部分正確檔案,initial_retrieval_miss,正確檔案未進入TF-IDF前50名,優先測試API查詢擴充、Import Graph與較大的TF-IDF候選池。,2,1,sphinx/ext/autodoc/__init__.py | sphinx/util/inspect.py,sphinx/util/inspect.py,True,285,False,False
validation,method_selection,sphinx-doc__sphinx-8075,sphinx-doc/sphinx,487b8436c6e8dc596db4b8d4d06e9145105a2ac2,References to figures without captions: errors in both HTML and LaTeX,miss,mixed_retrieval_and_rerank,同一Ticket同時包含初步檢索與重新排序遺漏,mixed_retrieval_and_rerank,同一Ticket同時包含初步檢索與重新排序遺漏,分別處理初步檢索與SBERT重排，不能只調整單一階段。,3,0,sphinx/domains/std.py | sphinx/events.py | sphinx/transforms/post_transforms/__init__.py,sphinx/domains/std.py | sphinx/events.py | sphinx/transforms/post_transforms/__init__.py,True,272,False,True
validation,method_selection,sphinx-doc__sphinx-9997,sphinx-doc/sphinx,31ed71dfb335f46c97ba227cbfc34172eeb71f1f,autodoc typehints do not create link for parametrized types,partial_recall,cross_file_partial_miss,只找回部分正確檔案,reranker_demotion,正確檔案在TF-IDF前50名，但被SBERT排出前20名,檢查SBERT重排與檔案分數整合，避免正確檔案被排出Top-20。,3,1,sphinx/domains/python.py | sphinx/util/inspect.py | sphinx/util/typing.py,sphinx/domains/python.py | sphinx/util/inspect.py,True,293,False,False
validation,method_selection,sphinx-doc__sphinx-9665,sphinx-doc/sphinx,274ee481acb3394b8cb62e06d7978e297dd657f1,python bases in packages - follow up on #4944,miss,initial_retrieval_miss,正確檔案未進入TF-IDF前50名,initial_retrieval_miss,正確檔案未進入TF-IDF前50名,優先測試API查詢擴充、Import Graph與較大的TF-IDF候選池。,1,0,sphinx/util/typing.py,sphinx/util/typing.py,True,293,False,False
validation,method_selection,sphinx-doc__sphinx-9459,sphinx-doc/sphinx,8dd84bc8aba782d924854174c5f9ad4a65cfccf1,Add an option to not use intersphinx references as a fallback,partial_recall,cross_file_partial_miss,只找回部分正確檔案,initial_retrieval_miss,正確檔案未進入TF-IDF前50名,優先測試API查詢擴充、Import Graph與較大的TF-IDF候選池。,2,1,sphinx/ext/intersphinx.py | sphinx/util/typing.py,sphinx/util/typing.py,True,293,False,False
validation,method_selection,sphinx-doc__sphinx-10360,sphinx-doc/sphinx,d951e55bc3419dbda809ed0aca17addeed8e9e30,enum value with attribute misparsed,partial_recall,cross_file_partial_miss,只找回部分正確檔案,initial_retrieval_miss,正確檔案未進入TF-IDF前50名,優先測試API查詢擴充、Import Graph與較大的TF-IDF候選池。,3,2,sphinx/domains/c.py | sphinx/domains/cpp.py | sphinx/util/cfamily.py,sphinx/util/cfamily.py,True,291,False,False
validation,method_selection,sphinx-doc__sphinx-9654,sphinx-doc/sphinx,4a9e015fc6b87fc54c7a01f94d65bcf602fefeaa,Incorrect base class detection,partial_recall,cross_file_partial_miss,只找回部分正確檔案,initial_retrieval_miss,正確檔案未進入TF-IDF前50名,優先測試API查詢擴充、Import Graph與較大的TF-IDF候選池。,2,1,sphinx/ext/autodoc/__init__.py | sphinx/util/inspect.py,sphinx/util/inspect.py,True,293,False,False
validation,method_selection,sympy__sympy-15586,sympy/sympy,1592318e5d7006c197f55134dd8e9b59f012af64,Can't get an inverted float matrix with sympy and numpy,partial_recall,cross_file_partial_miss,只找回部分正確檔案,initial_retrieval_miss,正確檔案未進入TF-IDF前50名,優先測試API查詢擴充、Import Graph與較大的TF-IDF候選池。,4,1,sympy/matrices/expressions/inverse.py | sympy/printing/pycode.py | sympy/printing/str.py | sympy/utilities/lambdify.py,sympy/matrices/expressions/inverse.py | sympy/printing/pycode.py | sympy/printing/str.py,True,739,False,False
validation,method_selection,sympy__sympy-18477,sympy/sympy,93d836fcdb38c6b3235f785adc45b34eb2a64a9e,Allow to set min_fixed and max_fixed for Float in the printers,partial_recall,cross_file_partial_miss,只找回部分正確檔案,initial_retrieval_miss,正確檔案未進入TF-IDF前50名,優先測試API查詢擴充、Import Graph與較大的TF-IDF候選池。,5,4,sympy/printing/glsl.py | sympy/printing/jscode.py | sympy/printing/latex.py | sympy/printing/pycode.py | sympy/printing/str.py,sympy/printing/jscode.py,True,782,False,False
validation,method_selection,sympy__sympy-17340,sympy/sympy,4a9bdbc72dcf35172fd2279ca995ab24353f6edf,Permutation args are now subtypes of Basic,partial_recall,cross_file_partial_miss,只找回部分正確檔案,initial_retrieval_miss,正確檔案未進入TF-IDF前50名,優先測試API查詢擴充、Import Graph與較大的TF-IDF候選池。,5,3,sympy/codegen/array_utils.py | sympy/combinatorics/perm_groups.py | sympy/combinatorics/permutations.py | sympy/printing/pycode.py | sympy/printing/tensorflow.py,sympy/printing/pycode.py | sympy/printing/tensorflow.py,True,750,True,True
validation,method_selection,sympy__sympy-18650,sympy/sympy,fcefd30cfbc6c929fb50b99403a5764ca019a603,"sqrt(8)**Rational(2, 3) doesn't simplify",miss,initial_retrieval_miss,正確檔案未進入TF-IDF前50名,initial_retrieval_miss,正確檔案未進入TF-IDF前50名,優先測試API查詢擴充、Import Graph與較大的TF-IDF候選池。,1,0,sympy/core/power.py,sympy/core/power.py,True,786,False,False
validation,method_selection,sympy__sympy-19182,sympy/sympy,46921d2880a7b3d81b92e5ae7b147e955ef78b71,test('sympy/integrals/tests/test_integrals.py') fails on master ?,miss,initial_retrieval_miss,正確檔案未進入TF-IDF前50名,initial_retrieval_miss,正確檔案未進入TF-IDF前50名,優先測試API查詢擴充、Import Graph與較大的TF-IDF候選池。,1,0,sympy/core/mul.py,sympy/core/mul.py,True,793,False,False
validation,method_selection,sympy__sympy-20134,sympy/sympy,a24d96d03eccee7f0bdb3d97017d5bebc79f9b47,lambdify does not evaluate integrals,miss,initial_retrieval_miss,正確檔案未進入TF-IDF前50名,initial_retrieval_miss,正確檔案未進入TF-IDF前50名,優先測試API查詢擴充、Import Graph與較大的TF-IDF候選池。,1,0,sympy/printing/pycode.py,sympy/printing/pycode.py,True,816,False,False
validation,method_selection,sympy__sympy-20438,sympy/sympy,33b47e4bd60e2302e42616141e76285038b724d6,`is_subset` gives wrong results,partial_recall,cross_file_partial_miss,只找回部分正確檔案,initial_retrieval_miss,正確檔案未進入TF-IDF前50名,優先測試API查詢擴充、Import Graph與較大的TF-IDF候選池。,3,2,sympy/core/relational.py | sympy/sets/handlers/comparison.py | sympy/sets/handlers/issubset.py,sympy/sets/handlers/issubset.py,True,827,False,False
validation,method_selection,sympy__sympy-19040,sympy/sympy,b9179e80d2daa1bb6cba1ffe35ca9e6612e115c9,Factor with extension=True drops a factor of y-1,miss,initial_retrieval_miss,正確檔案未進入TF-IDF前50名,initial_retrieval_miss,正確檔案未進入TF-IDF前50名,優先測試API查詢擴充、Import Graph與較大的TF-IDF候選池。,1,0,sympy/polys/factortools.py,sympy/polys/factortools.py,True,790,False,False
validation,method_selection,sympy__sympy-14166,sympy/sympy,2c0a3a103baa547de12e332382d44ee3733d485f,Typesetting of big-O symbol,miss,initial_retrieval_miss,正確檔案未進入TF-IDF前50名,initial_retrieval_miss,正確檔案未進入TF-IDF前50名,優先測試API查詢擴充、Import Graph與較大的TF-IDF候選池。,1,0,sympy/printing/latex.py,sympy/printing/latex.py,True,677,False,False
validation,method_selection,sympy__sympy-21527,sympy/sympy,31d469a5335c81ec4a437e36a861945a6b43d916,linsolve fails simple system of two equations,partial_recall,cross_file_partial_miss,只找回部分正確檔案,initial_retrieval_miss,正確檔案未進入TF-IDF前50名,優先測試API查詢擴充、Import Graph與較大的TF-IDF候選池。,5,1,sympy/polys/constructor.py | sympy/polys/matrices/ddm.py | sympy/polys/matrices/dense.py | sympy/polys/matrices/linsolve.py | sympy/polys/matrices/sdm.py,sympy/polys/constructor.py | sympy/polys/matrices/ddm.py | sympy/polys/matrices/dense.py | sympy/polys/matrices/sdm.py,True,860,False,False
validation,method_selection,sympy__sympy-16901,sympy/sympy,da4929882a0492492549f8dd5a67f262df1ff142,Pycode does not generate fully qualified name for `sqrt`.,partial_recall,cross_file_partial_miss,只找回部分正確檔案,initial_retrieval_miss,正確檔案未進入TF-IDF前50名,優先測試API查詢擴充、Import Graph與較大的TF-IDF候選池。,5,1,sympy/codegen/pyutils.py | sympy/polys/numberfields.py | sympy/printing/lambdarepr.py | sympy/printing/pycode.py | sympy/printing/str.py,sympy/codegen/pyutils.py | sympy/polys/numberfields.py | sympy/printing/lambdarepr.py | sympy/printing/str.py,True,743,False,False
validation,method_selection,sympy__sympy-19601,sympy/sympy,28b41c73c12b70d6ad9f6e45109a80649c4456da,sympy 1.6.1 ?,miss,initial_retrieval_miss,正確檔案未進入TF-IDF前50名,initial_retrieval_miss,正確檔案未進入TF-IDF前50名,優先測試API查詢擴充、Import Graph與較大的TF-IDF候選池。,1,0,sympy/simplify/radsimp.py,sympy/simplify/radsimp.py,True,794,False,False
validation,method_selection,sympy__sympy-20801,sympy/sympy,e11d3fed782146eebbffdc9ced0364b223b84b6c,S(0.0) == S.false returns True,miss,initial_retrieval_miss,正確檔案未進入TF-IDF前50名,initial_retrieval_miss,正確檔案未進入TF-IDF前50名,優先測試API查詢擴充、Import Graph與較大的TF-IDF候選池。,1,0,sympy/core/numbers.py,sympy/core/numbers.py,True,837,True,True
validation,method_selection,sympy__sympy-21952,sympy/sympy,b8156f36f0f3144c5e3b66002b9e8fcbe2ee66c4,"If n is even, n**2/2 should also be even",partial_recall,cross_file_partial_miss,只找回部分正確檔案,reranker_demotion,正確檔案在TF-IDF前50名，但被SBERT排出前20名,檢查SBERT重排與檔案分數整合，避免正確檔案被排出Top-20。,2,1,sympy/core/mul.py | sympy/core/numbers.py,sympy/core/numbers.py,True,871,False,False
validation,method_selection,sympy__sympy-13346,sympy/sympy,19c75f32f62e1d8900520861261d5eccda243194,Test failures on non-NumPy environment,miss,initial_retrieval_miss,正確檔案未進入TF-IDF前50名,initial_retrieval_miss,正確檔案未進入TF-IDF前50名,優先測試API查詢擴充、Import Graph與較大的TF-IDF候選池。,1,0,sympy/printing/pycode.py,sympy/printing/pycode.py,True,658,False,False
validation,method_selection,sympy__sympy-13877,sympy/sympy,1659712001810f5fc563a443949f8e3bb38af4bd,Matrix determinant raises Invalid NaN comparison with particular symbolic entries,partial_recall,cross_file_partial_miss,只找回部分正確檔案,initial_retrieval_miss,正確檔案未進入TF-IDF前50名,優先測試API查詢擴充、Import Graph與較大的TF-IDF候選池。,2,1,sympy/matrices/matrices.py | sympy/utilities/randtest.py,sympy/utilities/randtest.py,True,671,False,False
validation,method_selection,sympy__sympy-18168,sympy/sympy,80a00842e7164f7865d0933306a94d33ad7ca602,"Are `is_closed, is_open` of `S.Rationals`'s properties valid?",partial_recall,cross_file_partial_miss,只找回部分正確檔案,mixed_retrieval_and_rerank,同一Ticket同時包含初步檢索與重新排序遺漏,分別處理初步檢索與SBERT重排，不能只調整單一階段。,3,1,sympy/sets/fancysets.py | sympy/sets/handlers/union.py | sympy/sets/sets.py,sympy/sets/fancysets.py | sympy/sets/handlers/union.py,True,768,False,True
validation,method_selection,sympy__sympy-12881,sympy/sympy,d2c3800fd3aaa226c0d37da84086530dd3e5abaf,"Poly(x,x,y).free_symbols -> {x, y} instead of just {x}",partial_recall,cross_file_partial_miss,只找回部分正確檔案,initial_retrieval_miss,正確檔案未進入TF-IDF前50名,優先測試API查詢擴充、Import Graph與較大的TF-IDF候選池。,2,1,sympy/polys/polytools.py | sympy/solvers/polysys.py,sympy/solvers/polysys.py,True,633,False,False
validation,method_selection,sympy__sympy-17223,sympy/sympy,30a0130b463a8b73bed10f707c86fb80cd5eba73,Match doesn't respect matrix non-commutativity,miss,initial_retrieval_miss,正確檔案未進入TF-IDF前50名,initial_retrieval_miss,正確檔案未進入TF-IDF前50名,優先測試API查詢擴充、Import Graph與較大的TF-IDF候選池。,1,0,sympy/core/mul.py,sympy/core/mul.py,True,746,False,False
validation,method_selection,sympy__sympy-15446,sympy/sympy,6399a809e2683f89d74a6540fb51293f38e9923d,LaTeX printer omits necessary parentheses in matrix products such as x(-y),partial_recall,cross_file_partial_miss,只找回部分正確檔案,reranker_demotion,正確檔案在TF-IDF前50名，但被SBERT排出前20名,檢查SBERT重排與檔案分數整合，避免正確檔案被排出Top-20。,6,4,sympy/core/function.py | sympy/matrices/expressions/blockmatrix.py | sympy/matrices/expressions/matexpr.py | sympy/printing/latex.py | sympy/printing/precedence.py | sympy/printing/str.py,sympy/core/function.py | sympy/printing/precedence.py,True,738,False,False
validation,method_selection,sympy__sympy-15933,sympy/sympy,e8cf4260af7461a42db9ed4edb2ab3fe442507c7,Wrong measurement for one qubit state.,partial_recall,cross_file_partial_miss,只找回部分正確檔案,mixed_retrieval_and_rerank,同一Ticket同時包含初步檢索與重新排序遺漏,分別處理初步檢索與SBERT重排，不能只調整單一階段。,4,2,examples/advanced/grover_example.py | sympy/physics/quantum/grover.py | sympy/physics/quantum/qexpr.py | sympy/physics/quantum/qubit.py,examples/advanced/grover_example.py | sympy/physics/quantum/qexpr.py,True,741,False,True
validation,method_selection,sympy__sympy-15596,sympy/sympy,6e716b1948071c2aaba2acf92c3d9106b018b57e,"The behavior of degree(f, x) on rational functions",partial_recall,cross_file_partial_miss,只找回部分正確檔案,initial_retrieval_miss,正確檔案未進入TF-IDF前50名,優先測試API查詢擴充、Import Graph與較大的TF-IDF候選池。,2,1,sympy/calculus/util.py | sympy/polys/polytools.py,sympy/calculus/util.py,True,740,False,False
frozen_holdout_v1_posthoc,posthoc_description_only,astropy__astropy-14439,astropy/astropy,a3f4ae6cd24d5ecdf49f213d77b3513dd509a06c,Regarding FITS standard definition for 'Jy/beam',partial_recall,cross_file_partial_miss,只找回部分正確檔案,initial_retrieval_miss,正確檔案未進入TF-IDF前50名,優先測試API查詢擴充、Import Graph與較大的TF-IDF候選池。,2,1,astropy/modeling/physical_models.py | astropy/units/format/generic.py,astropy/modeling/physical_models.py,True,638,False,False
frozen_holdout_v1_posthoc,posthoc_description_only,astropy__astropy-13075,astropy/astropy,c660b079b6472920662ca4a0c731751a0342448c,Register format ``html`` to ``Cosmology.write`` with nice mathjax,partial_recall,cross_file_partial_miss,只找回部分正確檔案,index_coverage_failure,正確檔案未進入Code Index,檢查測試檔排除規則、支援副檔名與檔案大小限制。,2,1,astropy/cosmology/io/__init__.py | astropy/cosmology/io/html.py,astropy/cosmology/io/html.py,True,711,False,False
frozen_holdout_v1_posthoc,posthoc_description_only,astropy__astropy-13158,astropy/astropy,b185ca184f8dd574531dcc21e797f00537fefa6a,Model evaluation fails if any model parameter is a `MagUnit` type value,partial_recall,cross_file_partial_miss,只找回部分正確檔案,mixed_retrieval_and_rerank,同一Ticket同時包含初步檢索與重新排序遺漏,分別處理初步檢索與SBERT重排，不能只調整單一階段。,7,1,astropy/modeling/bounding_box.py | astropy/modeling/core.py | astropy/modeling/functional_models.py | astropy/modeling/parameters.py | astropy/modeling/powerlaws.py | astropy/modeling/rotations.py | astropy/modeling/utils.py,astropy/modeling/bounding_box.py | astropy/modeling/functional_models.py | astropy/modeling/parameters.py | astropy/modeling/powerlaws.py | astropy/modeling/rotations.py | astropy/modeling/utils.py,True,711,False,True
frozen_holdout_v1_posthoc,posthoc_description_only,astropy__astropy-14566,astropy/astropy,fc2e0754d9020bb9998bd0bb6ecb459d7f38bd44,"Problem with ""decimalyear"" applied to MaskedColumn type",miss,reranker_demotion,正確檔案在TF-IDF前50名，但被SBERT排出前20名,reranker_demotion,正確檔案在TF-IDF前50名，但被SBERT排出前20名,檢查SBERT重排與檔案分數整合，避免正確檔案被排出Top-20。,1,0,astropy/time/formats.py,astropy/time/formats.py,True,638,False,False
frozen_holdout_v1_posthoc,posthoc_description_only,astropy__astropy-14907,astropy/astropy,7f0df518e6bd5542b64bd7073052d099ea09dcb4,TST: test_table_group_by[True] and test_group_by_masked[True] failed with numpy 1.25rc1,miss,mixed_retrieval_and_rerank,同一Ticket同時包含初步檢索與重新排序遺漏,mixed_retrieval_and_rerank,同一Ticket同時包含初步檢索與重新排序遺漏,分別處理初步檢索與SBERT重排，不能只調整單一階段。,2,0,astropy/table/index.py | astropy/time/core.py,astropy/table/index.py | astropy/time/core.py,True,616,False,True
frozen_holdout_v1_posthoc,posthoc_description_only,astropy__astropy-8707,astropy/astropy,a85a0747c54bac75e9c3b2fe436b105ea029d6cf,Header.fromstring does not accept Python 3 bytes,partial_recall,cross_file_partial_miss,只找回部分正確檔案,reranker_demotion,正確檔案在TF-IDF前50名，但被SBERT排出前20名,檢查SBERT重排與檔案分數整合，避免正確檔案被排出Top-20。,2,1,astropy/io/fits/card.py | astropy/io/fits/header.py,astropy/io/fits/card.py,True,866,False,False
frozen_holdout_v1_posthoc,posthoc_description_only,django__django-17046,django/django,95cdf9dc6627135f3893095892816eb3f2785e2e,Deleting objects after searching related many to many field crashes the admin page,partial_recall,cross_file_partial_miss,只找回部分正確檔案,initial_retrieval_miss,正確檔案未進入TF-IDF前50名,優先測試API查詢擴充、Import Graph與較大的TF-IDF候選池。,2,1,django/contrib/admin/views/main.py | django/db/models/query.py,django/contrib/admin/views/main.py,True,819,False,False
frozen_holdout_v1_posthoc,posthoc_description_only,django__django-11281,django/django,2b03e8e9e8205ae3a3aa128764277e70b7c30803,Improve typography of user facing strings.,partial_recall,cross_file_partial_miss,只找回部分正確檔案,mixed_retrieval_and_rerank,同一Ticket同時包含初步檢索與重新排序遺漏,分別處理初步檢索與SBERT重排，不能只調整單一階段。,22,1,django/contrib/admin/models.py | django/contrib/admin/options.py | django/contrib/auth/forms.py | django/contrib/auth/password_validation.py | django/contrib/contenttypes/views.py | django/contrib/flatpages/forms.py | django/contrib/flatpages/migrations/0001_initial.py | django/contrib/flatpages/models.py | django/contrib/gis/db/models/fields.py | django/contrib/gis/views.py | django/contrib/postgres/fields/hstore.py | django/contrib/postgres/forms/jsonb.py | django/contrib/redirects/migrations/0001_initial.py | django/contrib/redirects/models.py | django/core/validators.py | django/db/models/fields/__init__.py | django/forms/models.py | django/forms/utils.py | django/views/csrf.py | django/views/generic/dates.py | django/views/generic/list.py | django/views/static.py,django/contrib/admin/models.py | django/contrib/admin/options.py | django/contrib/auth/forms.py | django/contrib/auth/password_validation.py | django/contrib/contenttypes/views.py | django/contrib/flatpages/forms.py | django/contrib/flatpages/migrations/0001_initial.py | django/contrib/flatpages/models.py | django/contrib/gis/db/models/fields.py | django/contrib/gis/views.py | django/contrib/postgres/fields/hstore.py | django/contrib/postgres/forms/jsonb.py | django/contrib/redirects/migrations/0001_initial.py | django/contrib/redirects/models.py | django/core/validators.py | django/db/models/fields/__init__.py | django/forms/models.py | django/forms/utils.py | django/views/generic/dates.py | django/views/generic/list.py | django/views/static.py,True,799,False,True
frozen_holdout_v1_posthoc,posthoc_description_only,django__django-12431,django/django,e3f6e18513224c8ad081e5a19da641f49b0b43da,FileResponse with temporary file closing connection.,miss,mixed_retrieval_and_rerank,同一Ticket同時包含初步檢索與重新排序遺漏,mixed_retrieval_and_rerank,同一Ticket同時包含初步檢索與重新排序遺漏,分別處理初步檢索與SBERT重排，不能只調整單一階段。,3,0,django/core/handlers/base.py | django/core/handlers/wsgi.py | django/http/response.py,django/core/handlers/base.py | django/core/handlers/wsgi.py | django/http/response.py,True,813,False,True
frozen_holdout_v1_posthoc,posthoc_description_only,django__django-5470,django/django,9dcfecb7c6c8285630ad271888a9ec4ba9140e3a,Set script prefix in django.setup() to allow its usage outside of requests,miss,initial_retrieval_miss,正確檔案未進入TF-IDF前50名,initial_retrieval_miss,正確檔案未進入TF-IDF前50名,優先測試API查詢擴充、Import Graph與較大的TF-IDF候選池。,2,0,django/__init__.py | django/core/wsgi.py,django/__init__.py | django/core/wsgi.py,True,748,False,False
frozen_holdout_v1_posthoc,posthoc_description_only,django__django-11532,django/django,a5308514fb4bc5086c9a16a8a24a945eeebb073c,Email messages crash on non-ASCII domain when email encoding is non-unicode.,partial_recall,cross_file_partial_miss,只找回部分正確檔案,initial_retrieval_miss,正確檔案未進入TF-IDF前50名,優先測試API查詢擴充、Import Graph與較大的TF-IDF候選池。,5,4,django/core/mail/message.py | django/core/mail/utils.py | django/core/validators.py | django/utils/encoding.py | django/utils/html.py,django/utils/html.py,True,799,False,False
frozen_holdout_v1_posthoc,posthoc_description_only,django__django-15747,django/django,e286ce17ff8bf72a248ce3177bbd5163c50a6ded,QuerySet.update() raises FieldError on queryset ordered by an annotated field.,partial_recall,cross_file_partial_miss,只找回部分正確檔案,initial_retrieval_miss,正確檔案未進入TF-IDF前50名,優先測試API查詢擴充、Import Graph與較大的TF-IDF候選池。,2,1,django/db/backends/mysql/features.py | django/db/models/query.py,django/db/backends/mysql/features.py,True,815,False,False
frozen_holdout_v1_posthoc,posthoc_description_only,django__django-14374,django/django,d1f1417caed648db2f81a1ec28c47bf958c01958,Update usage of now() & co,partial_recall,cross_file_partial_miss,只找回部分正確檔案,mixed_retrieval_and_rerank,同一Ticket同時包含初步檢索與重新排序遺漏,分別處理初步檢索與SBERT重排，不能只調整單一階段。,12,3,django/contrib/sessions/backends/file.py | django/contrib/sitemaps/views.py | django/contrib/syndication/views.py | django/core/cache/backends/db.py | django/core/files/storage.py | django/http/response.py | django/utils/dateformat.py | django/utils/feedgenerator.py | django/utils/http.py | django/utils/timezone.py | django/utils/version.py | django/views/decorators/http.py,django/contrib/sessions/backends/file.py | django/contrib/sitemaps/views.py | django/contrib/syndication/views.py | django/core/cache/backends/db.py | django/http/response.py | django/utils/dateformat.py | django/utils/http.py | django/utils/version.py | django/views/decorators/http.py,True,810,False,True
frozen_holdout_v1_posthoc,posthoc_description_only,django__django-12855,django/django,f2051eb8a7febdaaa43bd33bf5a6108c5f428e59,Deprecate django.conf.urls.url().,partial_recall,cross_file_partial_miss,只找回部分正確檔案,initial_retrieval_miss,正確檔案未進入TF-IDF前50名,優先測試API查詢擴充、Import Graph與較大的TF-IDF候選池。,2,1,django/conf/urls/__init__.py | django/views/i18n.py,django/views/i18n.py,True,813,False,False
frozen_holdout_v1_posthoc,posthoc_description_only,django__django-12198,django/django,d6505273cd889886caca57884fa79941b18c2ea6,Allow sensitive_variables() to preserve the signature of its decorated function,partial_recall,cross_file_partial_miss,只找回部分正確檔案,reranker_demotion,正確檔案在TF-IDF前50名，但被SBERT排出前20名,檢查SBERT重排與檔案分數整合，避免正確檔案被排出Top-20。,3,1,django/contrib/auth/__init__.py | django/db/models/sql/query.py | django/template/base.py,django/db/models/sql/query.py | django/template/base.py,True,812,False,False
frozen_holdout_v1_posthoc,posthoc_description_only,django__django-14463,django/django,68ef274bc505cd44f305c03cbf84cf08826200a8,Add the ability to define comments in table / columns,partial_recall,cross_file_partial_miss,只找回部分正確檔案,mixed_retrieval_and_rerank,同一Ticket同時包含初步檢索與重新排序遺漏,分別處理初步檢索與SBERT重排，不能只調整單一階段。,17,8,django/core/management/commands/inspectdb.py | django/db/backends/base/features.py | django/db/backends/base/schema.py | django/db/backends/mysql/features.py | django/db/backends/mysql/introspection.py | django/db/backends/mysql/schema.py | django/db/backends/oracle/features.py | django/db/backends/oracle/introspection.py | django/db/backends/postgresql/features.py | django/db/backends/postgresql/introspection.py | django/db/migrations/autodetector.py | django/db/migrations/operations/__init__.py | django/db/migrations/operations/models.py | django/db/models/base.py | django/db/models/fields/__init__.py | django/db/models/fields/related.py | django/db/models/options.py,django/db/backends/mysql/introspection.py | django/db/backends/oracle/features.py | django/db/backends/postgresql/features.py | django/db/backends/postgresql/introspection.py | django/db/migrations/autodetector.py | django/db/migrations/operations/__init__.py | django/db/migrations/operations/models.py | django/db/models/base.py | django/db/models/options.py,True,821,False,True
frozen_holdout_v1_posthoc,posthoc_description_only,django__django-10910,django/django,3dca8738cbbbb5674f795169e5ea25e2002f2d71,Using database functions with tzinfo=datetime.timezone(datetime.timedelta(...)) results in an incorrect query,partial_recall,cross_file_partial_miss,只找回部分正確檔案,reranker_demotion,正確檔案在TF-IDF前50名，但被SBERT排出前20名,檢查SBERT重排與檔案分數整合，避免正確檔案被排出Top-20。,4,3,django/db/backends/mysql/operations.py | django/db/backends/oracle/operations.py | django/db/backends/postgresql/operations.py | django/db/backends/sqlite3/base.py,django/db/backends/sqlite3/base.py,True,796,False,False
frozen_holdout_v1_posthoc,posthoc_description_only,django__django-15561,django/django,6991880109e35c879b71b7d9d9c154baeec12b89,AlterField operation should be noop when adding/changing choices on SQLite.,partial_recall,cross_file_partial_miss,只找回部分正確檔案,reranker_demotion,正確檔案在TF-IDF前50名，但被SBERT排出前20名,檢查SBERT重排與檔案分數整合，避免正確檔案被排出Top-20。,2,1,django/db/backends/base/schema.py | django/db/models/fields/__init__.py,django/db/models/fields/__init__.py,True,814,False,False
frozen_holdout_v1_posthoc,posthoc_description_only,django__django-16111,django/django,f71b0cf769d9ac582ee3d1a8c33d73dad3a770da,Add support for microseconds to Now() on MySQL and SQLite.,partial_recall,cross_file_partial_miss,只找回部分正確檔案,initial_retrieval_miss,正確檔案未進入TF-IDF前50名,優先測試API查詢擴充、Import Graph與較大的TF-IDF候選池。,2,1,django/db/backends/mysql/features.py | django/db/models/functions/datetime.py,django/db/models/functions/datetime.py,True,817,False,False
frozen_holdout_v1_posthoc,posthoc_description_only,django__django-15127,django/django,9a6e2df3a8f01ea761529bec48e5a8dc0ea9575b,LEVEL_TAGS not updated when using @override_settings,miss,initial_retrieval_miss,正確檔案未進入TF-IDF前50名,initial_retrieval_miss,正確檔案未進入TF-IDF前50名,優先測試API查詢擴充、Import Graph與較大的TF-IDF候選池。,1,0,django/contrib/messages/apps.py,django/contrib/messages/apps.py,True,812,False,False
frozen_holdout_v1_posthoc,posthoc_description_only,django__django-16657,django/django,d2b688b966f5d30414899549412d370e1317ddb8,QuerySet.update() on querysets in descending order by annotations.,partial_recall,cross_file_partial_miss,只找回部分正確檔案,reranker_demotion,正確檔案在TF-IDF前50名，但被SBERT排出前20名,檢查SBERT重排與檔案分數整合，避免正確檔案被排出Top-20。,2,1,django/db/backends/mysql/features.py | django/db/models/query.py,django/db/backends/mysql/features.py,True,818,False,False
frozen_holdout_v1_posthoc,posthoc_description_only,django__django-11808,django/django,67e7dffe9543aff259f63c8f12d15642fe7be100,__eq__ should return NotImplemented when equality cannot be checked.,partial_recall,cross_file_partial_miss,只找回部分正確檔案,mixed_retrieval_and_rerank,同一Ticket同時包含初步檢索與重新排序遺漏,分別處理初步檢索與SBERT重排，不能只調整單一階段。,10,2,django/contrib/messages/storage/base.py | django/contrib/postgres/constraints.py | django/core/validators.py | django/db/models/base.py | django/db/models/constraints.py | django/db/models/expressions.py | django/db/models/indexes.py | django/db/models/query.py | django/db/models/query_utils.py | django/template/context.py,django/contrib/postgres/constraints.py | django/core/validators.py | django/db/models/constraints.py | django/db/models/expressions.py | django/db/models/indexes.py | django/db/models/query.py | django/db/models/query_utils.py | django/template/context.py,True,813,False,True
frozen_holdout_v1_posthoc,posthoc_description_only,django__django-13300,django/django,7f4c9222dfe2f28ff8a7ffc56c28ccbadf19cf6f,Use `EXISTS(SELECT 1 ...)` for subqueries,partial_recall,cross_file_partial_miss,只找回部分正確檔案,reranker_demotion,正確檔案在TF-IDF前50名，但被SBERT排出前20名,檢查SBERT重排與檔案分數整合，避免正確檔案被排出Top-20。,3,2,django/db/models/expressions.py | django/db/models/sql/compiler.py | django/db/models/sql/query.py,django/db/models/expressions.py,True,806,False,False
frozen_holdout_v1_posthoc,posthoc_description_only,django__django-14026,django/django,59942a66ceb79868cb91844df3a72a24c63e39fa,Support a default value for Sum (and possibly other aggregation functions),partial_recall,cross_file_partial_miss,只找回部分正確檔案,initial_retrieval_miss,正確檔案未進入TF-IDF前50名,優先測試API查詢擴充、Import Graph與較大的TF-IDF候選池。,4,1,django/contrib/postgres/aggregates/general.py | django/contrib/postgres/aggregates/statistics.py | django/db/backends/mysql/features.py | django/db/models/aggregates.py,django/contrib/postgres/aggregates/general.py | django/contrib/postgres/aggregates/statistics.py | django/db/backends/mysql/features.py,True,810,False,False
frozen_holdout_v1_posthoc,posthoc_description_only,django__django-16092,django/django,599f3e2cda50ab084915ffd08edb5ad6cad61415,Add Field.db_default for defining database defaults,partial_recall,cross_file_partial_miss,只找回部分正確檔案,mixed_retrieval_and_rerank,同一Ticket同時包含初步檢索與重新排序遺漏,分別處理初步檢索與SBERT重排，不能只調整單一階段。,17,5,django/db/backends/base/features.py | django/db/backends/base/schema.py | django/db/backends/mysql/features.py | django/db/backends/mysql/schema.py | django/db/backends/oracle/features.py | django/db/backends/oracle/introspection.py | django/db/backends/oracle/schema.py | django/db/backends/postgresql/features.py | django/db/backends/sqlite3/features.py | django/db/backends/sqlite3/schema.py | django/db/migrations/autodetector.py | django/db/models/base.py | django/db/models/expressions.py | django/db/models/fields/__init__.py | django/db/models/functions/comparison.py | django/db/models/lookups.py | django/db/models/query.py,django/db/backends/base/features.py | django/db/backends/mysql/features.py | django/db/backends/oracle/features.py | django/db/backends/oracle/introspection.py | django/db/backends/postgresql/features.py | django/db/backends/sqlite3/features.py | django/db/backends/sqlite3/schema.py | django/db/migrations/autodetector.py | django/db/models/expressions.py | django/db/models/functions/comparison.py | django/db/models/lookups.py | django/db/models/query.py,True,819,False,True
frozen_holdout_v1_posthoc,posthoc_description_only,django__django-10989,django/django,f63811f4813f0e0439e140a97eeba18a5017e858,Ellipses in output strings cause crashes on Windows,partial_recall,cross_file_partial_miss,只找回部分正確檔案,mixed_retrieval_and_rerank,同一Ticket同時包含初步檢索與重新排序遺漏,分別處理初步檢索與SBERT重排，不能只調整單一階段。,13,1,django/contrib/gis/utils/layermapping.py | django/core/management/commands/loaddata.py | django/core/management/commands/migrate.py | django/core/management/commands/runserver.py | django/core/management/commands/showmigrations.py | django/core/management/commands/squashmigrations.py | django/db/backends/base/creation.py | django/db/backends/mysql/creation.py | django/db/backends/oracle/creation.py | django/db/backends/postgresql/creation.py | django/db/backends/sqlite3/creation.py | django/db/models/query.py | django/db/models/sql/query.py,django/contrib/gis/utils/layermapping.py | django/core/management/commands/loaddata.py | django/core/management/commands/migrate.py | django/core/management/commands/showmigrations.py | django/core/management/commands/squashmigrations.py | django/db/backends/base/creation.py | django/db/backends/mysql/creation.py | django/db/backends/oracle/creation.py | django/db/backends/postgresql/creation.py | django/db/backends/sqlite3/creation.py | django/db/models/query.py | django/db/models/sql/query.py,True,798,False,True
frozen_holdout_v1_posthoc,posthoc_description_only,django__django-11214,django/django,1afbc96a75bd1765a56054f57ea2d4b238af3f4d,Migration re-add check constraint continuously when check condition contains a range object.,miss,initial_retrieval_miss,正確檔案未進入TF-IDF前50名,initial_retrieval_miss,正確檔案未進入TF-IDF前50名,優先測試API查詢擴充、Import Graph與較大的TF-IDF候選池。,1,0,django/db/migrations/serializer.py,django/db/migrations/serializer.py,True,796,False,False
frozen_holdout_v1_posthoc,posthoc_description_only,django__django-13606,django/django,556fa4bbba5ba86bc1646a86fb11ab55405d4aa4,Use EXISTS to exclude multi-valued relationships,partial_recall,cross_file_partial_miss,只找回部分正確檔案,initial_retrieval_miss,正確檔案未進入TF-IDF前50名,優先測試API查詢擴充、Import Graph與較大的TF-IDF候選池。,4,3,django/db/models/expressions.py | django/db/models/lookups.py | django/db/models/sql/datastructures.py | django/db/models/sql/query.py,django/db/models/lookups.py,True,807,False,False
frozen_holdout_v1_posthoc,posthoc_description_only,django__django-16263,django/django,321ecb40f4da842926e1bc07e11df4aabe53ca4b,Strip unused annotations from count queries,partial_recall,cross_file_partial_miss,只找回部分正確檔案,initial_retrieval_miss,正確檔案未進入TF-IDF前50名,優先測試API查詢擴充、Import Graph與較大的TF-IDF候選池。,4,3,django/db/models/expressions.py | django/db/models/query_utils.py | django/db/models/sql/query.py | django/db/models/sql/where.py,django/db/models/expressions.py,True,817,False,False
frozen_holdout_v1_posthoc,posthoc_description_only,django__django-15973,django/django,2480554dc4ada4ecf3f6a08e318735a2e50783f3,"Defining the ""through"" model in a many-to-many field in another app causes ""AttributeError: 'str' object has no attribute '_meta'"" on migration",miss,initial_retrieval_miss,正確檔案未進入TF-IDF前50名,initial_retrieval_miss,正確檔案未進入TF-IDF前50名,優先測試API查詢擴充、Import Graph與較大的TF-IDF候選池。,1,0,django/db/migrations/autodetector.py,django/db/migrations/autodetector.py,True,816,False,False
frozen_holdout_v1_posthoc,posthoc_description_only,django__django-16757,django/django,83c9765f45e4622e4a5af3adcd92263a28b13624,"Admin check for reversed foreign key used in ""list_display""",miss,reranker_demotion,正確檔案在TF-IDF前50名，但被SBERT排出前20名,reranker_demotion,正確檔案在TF-IDF前50名，但被SBERT排出前20名,檢查SBERT重排與檔案分數整合，避免正確檔案被排出Top-20。,1,0,django/contrib/admin/checks.py,django/contrib/admin/checks.py,True,819,False,False
frozen_holdout_v1_posthoc,posthoc_description_only,django__django-12518,django/django,370628673b98ada302c3930865c4bfde2d8ed5a1,sqlmigrate doesn't allow inspecting migrations that have been squashed,partial_recall,cross_file_partial_miss,只找回部分正確檔案,reranker_demotion,正確檔案在TF-IDF前50名，但被SBERT排出前20名,檢查SBERT重排與檔案分數整合，避免正確檔案被排出Top-20。,3,2,django/core/management/commands/sqlmigrate.py | django/db/migrations/executor.py | django/db/migrations/loader.py,django/db/migrations/loader.py,True,813,False,False
frozen_holdout_v1_posthoc,posthoc_description_only,django__django-16952,django/django,d6e9ec40145b9edc65e8d0c65bd3f4ef8a7a27bb,Creating objects with nested MTI crashes.,partial_recall,cross_file_partial_miss,只找回部分正確檔案,initial_retrieval_miss,正確檔案未進入TF-IDF前50名,優先測試API查詢擴充、Import Graph與較大的TF-IDF候選池。,2,1,django/db/models/base.py | django/db/models/options.py,django/db/models/options.py,True,819,False,False
frozen_holdout_v1_posthoc,posthoc_description_only,django__django-16938,django/django,1136aa5005f0ae70fea12796b7e37d6f027b9263,Serialization of m2m relation fails with custom manager using select_related,partial_recall,cross_file_partial_miss,只找回部分正確檔案,initial_retrieval_miss,正確檔案未進入TF-IDF前50名,優先測試API查詢擴充、Import Graph與較大的TF-IDF候選池。,2,1,django/core/serializers/python.py | django/core/serializers/xml_serializer.py,django/core/serializers/xml_serializer.py,True,819,False,False
frozen_holdout_v1_posthoc,posthoc_description_only,django__django-15774,django/django,d19a53d8e3640e8f937048bf7826c7e2229a9665,Django detects HTTP Accept-Language header in case-sensitive manner,partial_recall,cross_file_partial_miss,只找回部分正確檔案,initial_retrieval_miss,正確檔案未進入TF-IDF前50名,優先測試API查詢擴充、Import Graph與較大的TF-IDF候選池。,2,1,django/utils/translation/trans_null.py | django/utils/translation/trans_real.py,django/utils/translation/trans_null.py,True,815,False,False
frozen_holdout_v1_posthoc,posthoc_description_only,django__django-16302,django/django,78f163a4fb3937aca2e71786fbdd51a0ef39629e,Cannot define CharField with unlimited length,partial_recall,cross_file_partial_miss,只找回部分正確檔案,mixed_retrieval_and_rerank,同一Ticket同時包含初步檢索與重新排序遺漏,分別處理初步檢索與SBERT重排，不能只調整單一階段。,5,1,django/core/management/commands/inspectdb.py | django/db/backends/base/features.py | django/db/backends/postgresql/base.py | django/db/backends/postgresql/features.py | django/db/models/fields/__init__.py,django/core/management/commands/inspectdb.py | django/db/backends/base/features.py | django/db/backends/postgresql/base.py | django/db/backends/postgresql/features.py,True,821,False,True
frozen_holdout_v1_posthoc,posthoc_description_only,django__django-15316,django/django,fdfa97fb166ef5065aa2b229f19cb4ce303084e5,simplify_regex() doesn't handle non-capturing groups,partial_recall,cross_file_partial_miss,只找回部分正確檔案,initial_retrieval_miss,正確檔案未進入TF-IDF前50名,優先測試API查詢擴充、Import Graph與較大的TF-IDF候選池。,2,1,django/contrib/admindocs/utils.py | django/contrib/admindocs/views.py,django/contrib/admindocs/utils.py,True,813,False,False
frozen_holdout_v1_posthoc,posthoc_description_only,matplotlib__matplotlib-21490,matplotlib/matplotlib,b09aad279b5dcfc49dcf43e0b064eee664ddaf68,[Bug]: Line2D should copy its inputs,partial_recall,cross_file_partial_miss,只找回部分正確檔案,initial_retrieval_miss,正確檔案未進入TF-IDF前50名,優先測試API查詢擴充、Import Graph與較大的TF-IDF候選池。,2,1,examples/units/basic_units.py | lib/matplotlib/lines.py,examples/units/basic_units.py,True,1025,False,False
frozen_holdout_v1_posthoc,posthoc_description_only,matplotlib__matplotlib-25859,matplotlib/matplotlib,8faa835c81d9cf12342992521ddb95e9a645bc36,[MNT]: Do not accept arbitrary positional parameters in Figure.add_axes(),partial_recall,cross_file_partial_miss,只找回部分正確檔案,mixed_retrieval_and_rerank,同一Ticket同時包含初步檢索與重新排序遺漏,分別處理初步檢索與SBERT重排，不能只調整單一階段。,3,1,lib/matplotlib/axes/_axes.py | lib/matplotlib/figure.py | lib/matplotlib/pyplot.py,lib/matplotlib/axes/_axes.py | lib/matplotlib/pyplot.py,True,1008,False,True
frozen_holdout_v1_posthoc,posthoc_description_only,matplotlib__matplotlib-13983,matplotlib/matplotlib,76db50151a65927c19c83a8c3c195c87dbcc0556,Remove()ing a shared axes prevents the remaining axes from using unit-provided formatters,partial_recall,cross_file_partial_miss,只找回部分正確檔案,reranker_demotion,正確檔案在TF-IDF前50名，但被SBERT排出前20名,檢查SBERT重排與檔案分數整合，避免正確檔案被排出Top-20。,2,1,lib/matplotlib/axis.py | lib/matplotlib/figure.py,lib/matplotlib/axis.py,True,1024,False,False
frozen_holdout_v1_posthoc,posthoc_description_only,matplotlib__matplotlib-14623,matplotlib/matplotlib,d65c9ca20ddf81ef91199e6d819f9d3506ef477c,Inverting an axis using its limits does not work for log scale,miss,initial_retrieval_miss,正確檔案未進入TF-IDF前50名,initial_retrieval_miss,正確檔案未進入TF-IDF前50名,優先測試API查詢擴充、Import Graph與較大的TF-IDF候選池。,3,0,lib/matplotlib/axes/_base.py | lib/matplotlib/ticker.py | lib/mpl_toolkits/mplot3d/axes3d.py,lib/matplotlib/axes/_base.py | lib/matplotlib/ticker.py | lib/mpl_toolkits/mplot3d/axes3d.py,True,1026,False,False
frozen_holdout_v1_posthoc,posthoc_description_only,matplotlib__matplotlib-23573,matplotlib/matplotlib,39c997ee9dc772838ec8e671e9820fb0a070e060,The axes module structure,partial_recall,cross_file_partial_miss,只找回部分正確檔案,mixed_retrieval_and_rerank,同一Ticket同時包含初步檢索與重新排序遺漏,分別處理初步檢索與SBERT重排，不能只調整單一階段。,16,3,lib/matplotlib/_constrained_layout.py | lib/matplotlib/axes/__init__.py | lib/matplotlib/axes/_base.py | lib/matplotlib/axes/_subplots.py | lib/matplotlib/colorbar.py | lib/matplotlib/figure.py | lib/matplotlib/gridspec.py | lib/matplotlib/pyplot.py | lib/mpl_toolkits/axes_grid1/axes_divider.py | lib/mpl_toolkits/axes_grid1/axes_rgb.py | lib/mpl_toolkits/axes_grid1/parasite_axes.py | lib/mpl_toolkits/axisartist/__init__.py | lib/mpl_toolkits/axisartist/axislines.py | lib/mpl_toolkits/axisartist/floating_axes.py | lib/mpl_toolkits/axisartist/parasite_axes.py | tutorials/intermediate/artists.py,lib/matplotlib/_constrained_layout.py | lib/matplotlib/axes/__init__.py | lib/matplotlib/colorbar.py | lib/matplotlib/figure.py | lib/matplotlib/pyplot.py | lib/mpl_toolkits/axes_grid1/axes_divider.py | lib/mpl_toolkits/axes_grid1/axes_rgb.py | lib/mpl_toolkits/axes_grid1/parasite_axes.py | lib/mpl_toolkits/axisartist/__init__.py | lib/mpl_toolkits/axisartist/axislines.py | lib/mpl_toolkits/axisartist/floating_axes.py | lib/mpl_toolkits/axisartist/parasite_axes.py | tutorials/intermediate/artists.py,True,1011,False,True
frozen_holdout_v1_posthoc,posthoc_description_only,matplotlib__matplotlib-20518,matplotlib/matplotlib,1d129737743d7a1c000367c363cbb890183450bc,Sketch params ignored when using PGF backend,partial_recall,cross_file_partial_miss,只找回部分正確檔案,initial_retrieval_miss,正確檔案未進入TF-IDF前50名,優先測試API查詢擴充、Import Graph與較大的TF-IDF候選池。,2,1,lib/matplotlib/artist.py | lib/matplotlib/backends/backend_pgf.py,lib/matplotlib/artist.py,True,1014,False,False
frozen_holdout_v1_posthoc,posthoc_description_only,mwaskom__seaborn-3394,mwaskom/seaborn,9276e22a424fe2c834eff85231d0c916e293d613,pd.NA reverses axis ordering,miss,reranker_demotion,正確檔案在TF-IDF前50名，但被SBERT排出前20名,reranker_demotion,正確檔案在TF-IDF前50名，但被SBERT排出前20名,檢查SBERT重排與檔案分數整合，避免正確檔案被排出Top-20。,3,0,seaborn/_core/plot.py | seaborn/_core/rules.py | seaborn/_oldcore.py,seaborn/_core/plot.py | seaborn/_core/rules.py | seaborn/_oldcore.py,True,110,False,False
frozen_holdout_v1_posthoc,posthoc_description_only,pydata__xarray-6971,pydata/xarray,a042ae69c0444912f94bb4f29c93fa05046893ed,Public API for setting new indexes: add a set_xindex method?,partial_recall,cross_file_partial_miss,只找回部分正確檔案,index_coverage_failure,正確檔案未進入Code Index,檢查測試檔排除規則、支援副檔名與檔案大小限制。,4,3,xarray/core/dataarray.py | xarray/core/dataset.py | xarray/core/indexes.py | xarray/indexes/__init__.py,xarray/indexes/__init__.py,True,109,False,False
frozen_holdout_v1_posthoc,posthoc_description_only,pydata__xarray-6400,pydata/xarray,728b648d5c7c3e22fe3704ba163012840408bf66,Very poor html repr performance on large multi-indexes,partial_recall,cross_file_partial_miss,只找回部分正確檔案,reranker_demotion,正確檔案在TF-IDF前50名，但被SBERT排出前20名,檢查SBERT重排與檔案分數整合，避免正確檔案被排出Top-20。,3,1,xarray/core/formatting.py | xarray/core/indexing.py | xarray/core/options.py,xarray/core/formatting.py | xarray/core/options.py,True,108,False,False
frozen_holdout_v1_posthoc,posthoc_description_only,pydata__xarray-4442,pydata/xarray,9a4313b4b75c181eade5a61f1a2f053b9d1bb293,to_dataframe/to_series fails when one out of more than one dims are stacked / multiindex,miss,reranker_demotion,正確檔案在TF-IDF前50名，但被SBERT排出前20名,reranker_demotion,正確檔案在TF-IDF前50名，但被SBERT排出前20名,檢查SBERT重排與檔案分數整合，避免正確檔案被排出Top-20。,1,0,xarray/core/coordinates.py,xarray/core/coordinates.py,True,102,False,False
frozen_holdout_v1_posthoc,posthoc_description_only,pydata__xarray-7229,pydata/xarray,3aa75c8d00a4a2d4acf10d80f76b937cadb666b7,"`xr.where(..., keep_attrs=True)` overwrites coordinate attributes",miss,reranker_demotion,正確檔案在TF-IDF前50名，但被SBERT排出前20名,reranker_demotion,正確檔案在TF-IDF前50名，但被SBERT排出前20名,檢查SBERT重排與檔案分數整合，避免正確檔案被排出Top-20。,1,0,xarray/core/computation.py,xarray/core/computation.py,True,113,False,False
frozen_holdout_v1_posthoc,posthoc_description_only,pydata__xarray-3302,pydata/xarray,94525bbaf417476dbe9a70b98801ae04aceaebf3,Improving interpolate_na()'s limit argument,partial_recall,cross_file_partial_miss,只找回部分正確檔案,initial_retrieval_miss,正確檔案未進入TF-IDF前50名,優先測試API查詢擴充、Import Graph與較大的TF-IDF候選池。,4,3,doc/conf.py | xarray/core/dataarray.py | xarray/core/dataset.py | xarray/core/missing.py,doc/conf.py,True,97,False,False
frozen_holdout_v1_posthoc,posthoc_description_only,pydata__xarray-5365,pydata/xarray,3960ea3ba08f81d211899827612550f6ac2de804,Feature request: vector cross product,partial_recall,cross_file_partial_miss,只找回部分正確檔案,initial_retrieval_miss,正確檔案未進入TF-IDF前50名,優先測試API查詢擴充、Import Graph與較大的TF-IDF候選池。,2,1,xarray/__init__.py | xarray/core/computation.py,xarray/__init__.py,True,108,False,False
frozen_holdout_v1_posthoc,posthoc_description_only,pydata__xarray-4759,pydata/xarray,f52a95cbe694336fe47bc5a42c713bee8ad74d64,Dataset character coordinates change to object upon use in Dataset,partial_recall,cross_file_partial_miss,只找回部分正確檔案,mixed_retrieval_and_rerank,同一Ticket同時包含初步檢索與重新排序遺漏,分別處理初步檢索與SBERT重排，不能只調整單一階段。,7,4,xarray/core/alignment.py | xarray/core/concat.py | xarray/core/dataarray.py | xarray/core/dataset.py | xarray/core/merge.py | xarray/core/utils.py | xarray/core/variable.py,xarray/core/merge.py | xarray/core/utils.py | xarray/core/variable.py,True,101,False,True
frozen_holdout_v1_posthoc,posthoc_description_only,pydata__xarray-7105,pydata/xarray,50ea159bfd0872635ebf4281e741f3c87f0bef6b,groupby(multi-index level) not working correctly on a multi-indexed DataArray or DataSet,partial_recall,cross_file_partial_miss,只找回部分正確檔案,mixed_retrieval_and_rerank,同一Ticket同時包含初步檢索與重新排序遺漏,分別處理初步檢索與SBERT重排，不能只調整單一階段。,7,5,xarray/core/alignment.py | xarray/core/dataarray.py | xarray/core/groupby.py | xarray/core/indexes.py | xarray/core/indexing.py | xarray/core/utils.py | xarray/core/variable.py,xarray/core/alignment.py | xarray/core/utils.py,True,110,False,True
frozen_holdout_v1_posthoc,posthoc_description_only,pylint-dev__pylint-4330,pylint-dev/pylint,5e1928b325bc798f5be1ab94031bf6816d058d9f,Have spellchecker ignore code in docstring or comments (i.e. things flanked with double backticks),partial_recall,cross_file_partial_miss,只找回部分正確檔案,initial_retrieval_miss,正確檔案未進入TF-IDF前50名,優先測試API查詢擴充、Import Graph與較大的TF-IDF候選池。,2,1,pylint/checkers/spelling.py | pylint/testutils/decorator.py,pylint/testutils/decorator.py,True,112,False,False
frozen_holdout_v1_posthoc,posthoc_description_only,pylint-dev__pylint-6937,pylint-dev/pylint,f6b2cfeb76dcd571ca02c3853ca80ee3c938e98b,--disable ignored when --errors-only specified,miss,reranker_demotion,正確檔案在TF-IDF前50名，但被SBERT排出前20名,reranker_demotion,正確檔案在TF-IDF前50名，但被SBERT排出前20名,檢查SBERT重排與檔案分數整合，避免正確檔案被排出Top-20。,2,0,pylint/lint/base_options.py | pylint/lint/message_state_handler.py,pylint/lint/base_options.py | pylint/lint/message_state_handler.py,True,791,False,False
frozen_holdout_v1_posthoc,posthoc_description_only,pylint-dev__pylint-4661,pylint-dev/pylint,1d1619ef913b99b06647d2030bddff4800abdf63,Make pylint XDG Base Directory Specification compliant,partial_recall,cross_file_partial_miss,只找回部分正確檔案,index_coverage_failure,正確檔案未進入Code Index,檢查測試檔排除規則、支援副檔名與檔案大小限制。,2,1,pylint/config/__init__.py | setup.cfg,setup.cfg,True,117,False,False
frozen_holdout_v1_posthoc,posthoc_description_only,pylint-dev__pylint-5839,pylint-dev/pylint,15040ee7c42958606ae27aa32ccbe54371b83049,Pylint needs to forbid to re-use the msgid or symbol of old deleted msgid/symbol,partial_recall,cross_file_partial_miss,只找回部分正確檔案,mixed_retrieval_and_rerank,同一Ticket同時包含初步檢索與重新排序遺漏,分別處理初步檢索與SBERT重排，不能只調整單一階段。,4,2,pylint/checkers/__init__.py | pylint/checkers/unsupported_version.py | pylint/constants.py | script/get_unused_message_id_category.py,pylint/checkers/__init__.py | pylint/constants.py,True,147,False,True
frozen_holdout_v1_posthoc,posthoc_description_only,pylint-dev__pylint-8169,pylint-dev/pylint,4689b195d8539ef04fd0c30423037a5f4932a20f,False positive `no-name-in-module` when importing from ``from ccxt.base.errors`` even when using the ``ignored-modules`` option,miss,reranker_demotion,正確檔案在TF-IDF前50名，但被SBERT排出前20名,reranker_demotion,正確檔案在TF-IDF前50名，但被SBERT排出前20名,檢查SBERT重排與檔案分數整合，避免正確檔案被排出Top-20。,1,0,pylint/checkers/variables.py,pylint/checkers/variables.py,True,950,False,False
frozen_holdout_v1_posthoc,posthoc_description_only,pylint-dev__pylint-4175,pylint-dev/pylint,ae6cbd1062c0a8e68d32a5cdc67c993da26d0f4a,Pylint 2.7.0 seems to ignore the min-similarity-lines setting,miss,reranker_demotion,正確檔案在TF-IDF前50名，但被SBERT排出前20名,reranker_demotion,正確檔案在TF-IDF前50名，但被SBERT排出前20名,檢查SBERT重排與檔案分數整合，避免正確檔案被排出Top-20。,1,0,pylint/lint/parallel.py,pylint/lint/parallel.py,True,117,True,True
frozen_holdout_v1_posthoc,posthoc_description_only,pytest-dev__pytest-7535,pytest-dev/pytest,7ec6401ffabf79d52938ece5b8ff566a8b9c260e,pytest 6: Traceback in pytest.raises contains repr of py.path.local,miss,reranker_demotion,正確檔案在TF-IDF前50名，但被SBERT排出前20名,reranker_demotion,正確檔案在TF-IDF前50名，但被SBERT排出前20名,檢查SBERT重排與檔案分數整合，避免正確檔案被排出Top-20。,1,0,src/_pytest/_code/code.py,src/_pytest/_code/code.py,True,203,False,False
frozen_holdout_v1_posthoc,posthoc_description_only,pytest-dev__pytest-5559,pytest-dev/pytest,60a358fa2dc82a571c68d1be2d25703b51351538,pytest stepwise doesn't work with xfail strict failures,partial_recall,cross_file_partial_miss,只找回部分正確檔案,initial_retrieval_miss,正確檔案未進入TF-IDF前50名,優先測試API查詢擴充、Import Graph與較大的TF-IDF候選池。,3,1,doc/en/example/nonpython/conftest.py | src/_pytest/_code/code.py | src/_pytest/stepwise.py,doc/en/example/nonpython/conftest.py | src/_pytest/_code/code.py,True,187,False,False
frozen_holdout_v1_posthoc,posthoc_description_only,pytest-dev__pytest-7637,pytest-dev/pytest,d69abff2c7de8bc65b7f1ef867dec5b5b9c564bd,Reintroduce warnings postponed in 6.0,partial_recall,cross_file_partial_miss,只找回部分正確檔案,mixed_retrieval_and_rerank,同一Ticket同時包含初步檢索與重新排序遺漏,分別處理初步檢索與SBERT重排，不能只調整單一階段。,4,1,src/_pytest/fixtures.py | src/_pytest/hookspec.py | src/_pytest/mark/__init__.py | src/pytest/collect.py,src/_pytest/hookspec.py | src/_pytest/mark/__init__.py | src/pytest/collect.py,True,202,False,True
frozen_holdout_v1_posthoc,posthoc_description_only,pytest-dev__pytest-7122,pytest-dev/pytest,be68496440508b760ba1f988bcc63d1d09ace206,-k mishandles numbers,miss,index_coverage_failure,正確檔案未進入Code Index,index_coverage_failure,正確檔案未進入Code Index,檢查測試檔排除規則、支援副檔名與檔案大小限制。,2,0,src/_pytest/mark/expression.py | src/_pytest/mark/legacy.py,src/_pytest/mark/expression.py | src/_pytest/mark/legacy.py,True,193,False,False
frozen_holdout_v1_posthoc,posthoc_description_only,pytest-dev__pytest-7648,pytest-dev/pytest,d426a79a90351dff0492fbd40404b1256b24f91f,"Since pytest 6.0.0, pylint complains about unimplemented abstract methods in custom collector",partial_recall,cross_file_partial_miss,只找回部分正確檔案,reranker_demotion,正確檔案在TF-IDF前50名，但被SBERT排出前20名,檢查SBERT重排與檔案分數整合，避免正確檔案被排出Top-20。,4,1,src/_pytest/deprecated.py | src/_pytest/main.py | src/_pytest/nodes.py | src/_pytest/python.py,src/_pytest/deprecated.py | src/_pytest/main.py | src/_pytest/nodes.py,True,204,False,False
frozen_holdout_v1_posthoc,posthoc_description_only,scikit-learn__scikit-learn-10382,scikit-learn/scikit-learn,1e1417cab24e5602d2d4db85e218d5277f13aeda,TfidfVectorizer dtype argument ignored,partial_recall,cross_file_partial_miss,只找回部分正確檔案,reranker_demotion,正確檔案在TF-IDF前50名，但被SBERT排出前20名,檢查SBERT重排與檔案分數整合，避免正確檔案被排出Top-20。,2,1,sklearn/exceptions.py | sklearn/model_selection/_validation.py,sklearn/exceptions.py,True,572,False,False
frozen_holdout_v1_posthoc,posthoc_description_only,scikit-learn__scikit-learn-11585,scikit-learn/scikit-learn,58fa28e3e5e7be677f3bf0a95e4d1010f46e42d0,SparsePCA incorrectly scales results in .transform(),partial_recall,cross_file_partial_miss,只找回部分正確檔案,initial_retrieval_miss,正確檔案未進入TF-IDF前50名,優先測試API查詢擴充、Import Graph與較大的TF-IDF候選池。,2,1,examples/decomposition/plot_faces_decomposition.py | sklearn/decomposition/sparse_pca.py,examples/decomposition/plot_faces_decomposition.py,True,585,False,False
frozen_holdout_v1_posthoc,posthoc_description_only,scikit-learn__scikit-learn-13915,scikit-learn/scikit-learn,b7b4d3e2f1a65bcb6d40431d3b61ed1d563c9dab,utils.sparsefuncs.min_max_axis gives TypeError when input is large csc matrix when OS is 32 bit Windows,partial_recall,cross_file_partial_miss,只找回部分正確檔案,mixed_retrieval_and_rerank,同一Ticket同時包含初步檢索與重新排序遺漏,分別處理初步檢索與SBERT重排，不能只調整單一階段。,7,2,sklearn/__init__.py | sklearn/cross_decomposition/pls_.py | sklearn/experimental/enable_iterative_imputer.py | sklearn/metrics/classification.py | sklearn/metrics/pairwise.py | sklearn/preprocessing/_encoders.py | sklearn/utils/sparsefuncs.py,sklearn/__init__.py | sklearn/cross_decomposition/pls_.py | sklearn/experimental/enable_iterative_imputer.py | sklearn/metrics/classification.py | sklearn/preprocessing/_encoders.py,True,544,False,True
frozen_holdout_v1_posthoc,posthoc_description_only,scikit-learn__scikit-learn-12784,scikit-learn/scikit-learn,55bf5d93e5674f13a1134d93a11fd0cd11aabcd1,KNeighborsRegressor gives different results for different n_jobs values,partial_recall,cross_file_partial_miss,只找回部分正確檔案,mixed_retrieval_and_rerank,同一Ticket同時包含初步檢索與重新排序遺漏,分別處理初步檢索與SBERT重排，不能只調整單一階段。,18,1,build_tools/generate_authors_table.py | examples/applications/plot_stock_market.py | examples/compose/plot_transformed_target.py | examples/mixture/plot_gmm_covariances.py | examples/neighbors/plot_kde_1d.py | examples/plot_anomaly_comparison.py | examples/plot_johnson_lindenstrauss_bound.py | examples/text/plot_document_classification_20newsgroups.py | sklearn/compose/_column_transformer.py | sklearn/feature_extraction/text.py | sklearn/linear_model/logistic.py | sklearn/metrics/pairwise.py | sklearn/metrics/regression.py | sklearn/neural_network/multilayer_perceptron.py | sklearn/preprocessing/data.py | sklearn/svm/base.py | sklearn/utils/testing.py | sklearn/utils/validation.py,build_tools/generate_authors_table.py | examples/applications/plot_stock_market.py | examples/compose/plot_transformed_target.py | examples/mixture/plot_gmm_covariances.py | examples/neighbors/plot_kde_1d.py | examples/plot_anomaly_comparison.py | examples/plot_johnson_lindenstrauss_bound.py | examples/text/plot_document_classification_20newsgroups.py | sklearn/compose/_column_transformer.py | sklearn/feature_extraction/text.py | sklearn/linear_model/logistic.py | sklearn/metrics/regression.py | sklearn/neural_network/multilayer_perceptron.py | sklearn/preprocessing/data.py | sklearn/svm/base.py | sklearn/utils/testing.py | sklearn/utils/validation.py,True,622,False,True
frozen_holdout_v1_posthoc,posthoc_description_only,scikit-learn__scikit-learn-14464,scikit-learn/scikit-learn,5936ae356ce3385cb393384928ca9c6783f18bd8,Cloning custom transform replaces values in __init__ dictionary,partial_recall,cross_file_partial_miss,只找回部分正確檔案,initial_retrieval_miss,正確檔案未進入TF-IDF前50名,優先測試API查詢擴充、Import Graph與較大的TF-IDF候選池。,3,2,sklearn/base.py | sklearn/gaussian_process/kernels.py | sklearn/pipeline.py,sklearn/gaussian_process/kernels.py,True,546,False,False
frozen_holdout_v1_posthoc,posthoc_description_only,scikit-learn__scikit-learn-10427,scikit-learn/scikit-learn,cc50b90034a9cda77a8aabedc8a853fe92de60b5,load_sample_images uses deprecated imread,partial_recall,cross_file_partial_miss,只找回部分正確檔案,index_coverage_failure,正確檔案未進入Code Index,檢查測試檔排除規則、支援副檔名與檔案大小限制。,3,2,sklearn/datasets/base.py | sklearn/datasets/lfw.py | sklearn/externals/_pilutil.py,sklearn/externals/_pilutil.py,True,574,False,False
frozen_holdout_v1_posthoc,posthoc_description_only,scikit-learn__scikit-learn-10331,scikit-learn/scikit-learn,61e6f502956d6e49bfab342d7a5b8d8eab45a2ad,[WIP] gamma=auto in SVC #8361,partial_recall,cross_file_partial_miss,只找回部分正確檔案,mixed_retrieval_and_rerank,同一Ticket同時包含初步檢索與重新排序遺漏,分別處理初步檢索與SBERT重排，不能只調整單一階段。,4,1,sklearn/grid_search.py | sklearn/model_selection/_search.py | sklearn/svm/base.py | sklearn/svm/classes.py,sklearn/grid_search.py | sklearn/model_selection/_search.py | sklearn/svm/base.py,True,578,False,True
frozen_holdout_v1_posthoc,posthoc_description_only,scikit-learn__scikit-learn-11596,scikit-learn/scikit-learn,51407623e4f491f00e3b465626dd5c4b55860bd0,Add sklearn.show_versions() similar to pandas.show_versions (with numpy blas binding info),partial_recall,cross_file_partial_miss,只找回部分正確檔案,index_coverage_failure,正確檔案未進入Code Index,檢查測試檔排除規則、支援副檔名與檔案大小限制。,2,1,sklearn/__init__.py | sklearn/utils/_show_versions.py,sklearn/utils/_show_versions.py,True,585,False,False
frozen_holdout_v1_posthoc,posthoc_description_only,scikit-learn__scikit-learn-13436,scikit-learn/scikit-learn,77b73d63d05bc198ba89193582aee93cae1f69a4,Confusing pretty print repr for nested Pipeline,miss,initial_retrieval_miss,正確檔案未進入TF-IDF前50名,initial_retrieval_miss,正確檔案未進入TF-IDF前50名,優先測試API查詢擴充、Import Graph與較大的TF-IDF候選池。,1,0,sklearn/base.py,sklearn/base.py,True,527,False,False
frozen_holdout_v1_posthoc,posthoc_description_only,scikit-learn__scikit-learn-11206,scikit-learn/scikit-learn,4143356c3c51831300789e4fdf795d83716dbab6,increment_mean_and_var can now handle NaN values,partial_recall,cross_file_partial_miss,只找回部分正確檔案,mixed_retrieval_and_rerank,同一Ticket同時包含初步檢索與重新排序遺漏,分別處理初步檢索與SBERT重排，不能只調整單一階段。,5,1,sklearn/decomposition/incremental_pca.py | sklearn/preprocessing/data.py | sklearn/utils/estimator_checks.py | sklearn/utils/extmath.py | sklearn/utils/sparsefuncs.py,sklearn/preprocessing/data.py | sklearn/utils/estimator_checks.py | sklearn/utils/extmath.py | sklearn/utils/sparsefuncs.py,True,581,False,True
frozen_holdout_v1_posthoc,posthoc_description_only,sphinx-doc__sphinx-8679,sphinx-doc/sphinx,b372a99c0158f5799338a9a1b8611626ff1d114f,"reference pointing at a ""rubric"" directive containing a ``quoted`` part breaks",miss,initial_retrieval_miss,正確檔案未進入TF-IDF前50名,initial_retrieval_miss,正確檔案未進入TF-IDF前50名,優先測試API查詢擴充、Import Graph與較大的TF-IDF候選池。,1,0,sphinx/domains/std.py,sphinx/domains/std.py,True,273,False,False
frozen_holdout_v1_posthoc,posthoc_description_only,sphinx-doc__sphinx-9128,sphinx-doc/sphinx,dfdc7626b5dd06bff3d326e6efddc492ef00c471,autodoc: duplication warning on documenting aliased object,miss,reranker_demotion,正確檔案在TF-IDF前50名，但被SBERT排出前20名,reranker_demotion,正確檔案在TF-IDF前50名，但被SBERT排出前20名,檢查SBERT重排與檔案分數整合，避免正確檔案被排出Top-20。,1,0,sphinx/domains/python.py,sphinx/domains/python.py,True,285,False,False
frozen_holdout_v1_posthoc,posthoc_description_only,sphinx-doc__sphinx-9982,sphinx-doc/sphinx,8d0fd9e74a6d44ca1a518225d9be030d91917c9b,Different build warnings are colored differently,miss,initial_retrieval_miss,正確檔案未進入TF-IDF前50名,initial_retrieval_miss,正確檔案未進入TF-IDF前50名,優先測試API查詢擴充、Import Graph與較大的TF-IDF候選池。,1,0,sphinx/util/logging.py,sphinx/util/logging.py,True,293,False,False
frozen_holdout_v1_posthoc,posthoc_description_only,sphinx-doc__sphinx-8264,sphinx-doc/sphinx,d1f8dddeff742ca09dca6ab829410248b919a5c5,TypeError: 'type' object is not iterable,miss,reranker_demotion,正確檔案在TF-IDF前50名，但被SBERT排出前20名,reranker_demotion,正確檔案在TF-IDF前50名，但被SBERT排出前20名,檢查SBERT重排與檔案分數整合，避免正確檔案被排出Top-20。,1,0,sphinx/util/typing.py,sphinx/util/typing.py,True,272,False,False
frozen_holdout_v1_posthoc,posthoc_description_only,sphinx-doc__sphinx-10673,sphinx-doc/sphinx,f35d2a6cc726f97d0e859ca7a0e1729f7da8a6c8,"toctree contains reference to nonexisting document 'genindex', 'modindex', 'search'",partial_recall,cross_file_partial_miss,只找回部分正確檔案,reranker_demotion,正確檔案在TF-IDF前50名，但被SBERT排出前20名,檢查SBERT重排與檔案分數整合，避免正確檔案被排出Top-20。,3,2,sphinx/directives/other.py | sphinx/environment/adapters/toctree.py | sphinx/environment/collectors/toctree.py,sphinx/environment/collectors/toctree.py,True,289,False,False
frozen_holdout_v1_posthoc,posthoc_description_only,sphinx-doc__sphinx-10067,sphinx-doc/sphinx,e1fa6c79be8b3928c21e312a0c0e65e1cfd9a7f7,"To improve accessibility, set language in conf.py using sphinx-quickstart",partial_recall,cross_file_partial_miss,只找回部分正確檔案,mixed_retrieval_and_rerank,同一Ticket同時包含初步檢索與重新排序遺漏,分別處理初步檢索與SBERT重排，不能只調整單一階段。,9,2,sphinx/application.py | sphinx/builders/html/__init__.py | sphinx/builders/latex/__init__.py | sphinx/builders/latex/util.py | sphinx/config.py | sphinx/environment/__init__.py | sphinx/environment/collectors/asset.py | sphinx/util/i18n.py | sphinx/writers/latex.py,sphinx/builders/latex/__init__.py | sphinx/builders/latex/util.py | sphinx/config.py | sphinx/environment/__init__.py | sphinx/environment/collectors/asset.py | sphinx/util/i18n.py | sphinx/writers/latex.py,True,293,False,True
frozen_holdout_v1_posthoc,posthoc_description_only,sphinx-doc__sphinx-7615,sphinx-doc/sphinx,6ce265dc813f9ecb92bf1cdf8733fbada7f5c967,"Sphinx, unlike Docutils, incorrectly renders consecutive backslashes",miss,initial_retrieval_miss,正確檔案未進入TF-IDF前50名,initial_retrieval_miss,正確檔案未進入TF-IDF前50名,優先測試API查詢擴充、Import Graph與較大的TF-IDF候選池。,1,0,sphinx/transforms/__init__.py,sphinx/transforms/__init__.py,True,272,False,False
frozen_holdout_v1_posthoc,posthoc_description_only,sphinx-doc__sphinx-9658,sphinx-doc/sphinx,232dbe41c5250eb7d559d40438c4743483e95f15,Inherited classes not correctly documented when mocked,miss,initial_retrieval_miss,正確檔案未進入TF-IDF前50名,initial_retrieval_miss,正確檔案未進入TF-IDF前50名,優先測試API查詢擴充、Import Graph與較大的TF-IDF候選池。,1,0,sphinx/ext/autodoc/mock.py,sphinx/ext/autodoc/mock.py,True,293,False,False
frozen_holdout_v1_posthoc,posthoc_description_only,sphinx-doc__sphinx-9104,sphinx-doc/sphinx,8954770f677994cfb13d93ea6d08b13db5382e31,WARNING: py:class reference target not found: ..,miss,reranker_demotion,正確檔案在TF-IDF前50名，但被SBERT排出前20名,reranker_demotion,正確檔案在TF-IDF前50名，但被SBERT排出前20名,檢查SBERT重排與檔案分數整合，避免正確檔案被排出Top-20。,1,0,sphinx/domains/python.py,sphinx/domains/python.py,True,285,False,False
frozen_holdout_v1_posthoc,posthoc_description_only,sphinx-doc__sphinx-9230,sphinx-doc/sphinx,567ff22716ac258b9edd2c1711d766b440ac0b11,"Doc rendering is incorrect when :param has datatype dict(str,str)",miss,initial_retrieval_miss,正確檔案未進入TF-IDF前50名,initial_retrieval_miss,正確檔案未進入TF-IDF前50名,優先測試API查詢擴充、Import Graph與較大的TF-IDF候選池。,1,0,sphinx/util/docfields.py,sphinx/util/docfields.py,True,285,False,False
frozen_holdout_v1_posthoc,posthoc_description_only,sphinx-doc__sphinx-7593,sphinx-doc/sphinx,56772395bb945099a6d5331501c179dd2831fa1c,Convert :kbd: to nested <kbd> HTML elements,miss,index_coverage_failure,正確檔案未進入Code Index,index_coverage_failure,正確檔案未進入Code Index,檢查測試檔排除規則、支援副檔名與檔案大小限制。,3,0,sphinx/builders/html/__init__.py | sphinx/builders/html/transforms.py | sphinx/util/nodes.py,sphinx/builders/html/__init__.py | sphinx/builders/html/transforms.py | sphinx/util/nodes.py,True,271,False,False
frozen_holdout_v1_posthoc,posthoc_description_only,sphinx-doc__sphinx-8633,sphinx-doc/sphinx,0f1fcdc1137e9f1e954d349f4721744af1e82828,building psf/requests documentation fails with AttributeError: 'LookupDict' object has no attribute '__name__',miss,reranker_demotion,正確檔案在TF-IDF前50名，但被SBERT排出前20名,reranker_demotion,正確檔案在TF-IDF前50名，但被SBERT排出前20名,檢查SBERT重排與檔案分數整合，避免正確檔案被排出Top-20。,1,0,sphinx/ext/autodoc/__init__.py,sphinx/ext/autodoc/__init__.py,True,273,False,False
frozen_holdout_v1_posthoc,posthoc_description_only,sphinx-doc__sphinx-10449,sphinx-doc/sphinx,36367765fe780f962bba861bf368a765380bbc68,"`autodoc_typehints = ""description""` causes autoclass to put a return type",miss,initial_retrieval_miss,正確檔案未進入TF-IDF前50名,initial_retrieval_miss,正確檔案未進入TF-IDF前50名,優先測試API查詢擴充、Import Graph與較大的TF-IDF候選池。,1,0,sphinx/ext/autodoc/typehints.py,sphinx/ext/autodoc/typehints.py,True,292,False,False
frozen_holdout_v1_posthoc,posthoc_description_only,sympy__sympy-13682,sympy/sympy,53fc684467088cdf0acccb6ad770cbde97e32268,Ordinal arithmetic,miss,index_coverage_failure,正確檔案未進入Code Index,index_coverage_failure,正確檔案未進入Code Index,檢查測試檔排除規則、支援副檔名與檔案大小限制。,3,0,sympy/printing/str.py | sympy/sets/__init__.py | sympy/sets/ordinals.py,sympy/printing/str.py | sympy/sets/__init__.py | sympy/sets/ordinals.py,True,662,False,False
frozen_holdout_v1_posthoc,posthoc_description_only,sympy__sympy-16597,sympy/sympy,6fd65310fa3167b9626c38a5487e171ca407d988,a.is_even does not imply a.is_finite,partial_recall,cross_file_partial_miss,只找回部分正確檔案,mixed_retrieval_and_rerank,同一Ticket同時包含初步檢索與重新排序遺漏,分別處理初步檢索與SBERT重排，不能只調整單一階段。,6,2,sympy/assumptions/ask.py | sympy/assumptions/ask_generated.py | sympy/core/assumptions.py | sympy/core/power.py | sympy/printing/tree.py | sympy/tensor/indexed.py,sympy/assumptions/ask.py | sympy/assumptions/ask_generated.py | sympy/printing/tree.py | sympy/tensor/indexed.py,True,742,False,True
frozen_holdout_v1_posthoc,posthoc_description_only,sympy__sympy-13301,sympy/sympy,daac289bed6a780e91a452a0538ad6421c2ed8d5,AccumBounds needs recreatable str/srepr,partial_recall,cross_file_partial_miss,只找回部分正確檔案,reranker_demotion,正確檔案在TF-IDF前50名，但被SBERT排出前20名,檢查SBERT重排與檔案分數整合，避免正確檔案被排出Top-20。,3,2,sympy/calculus/util.py | sympy/printing/pretty/pretty.py | sympy/printing/str.py,sympy/calculus/util.py,True,656,False,False
frozen_holdout_v1_posthoc,posthoc_description_only,sympy__sympy-20139,sympy/sympy,3449cecacb1938d47ce2eb628a812e4ecf6702f1,Use Str instead of Symbol for name of MatrixSymbol,partial_recall,cross_file_partial_miss,只找回部分正確檔案,mixed_retrieval_and_rerank,同一Ticket同時包含初步檢索與重新排序遺漏,分別處理初步檢索與SBERT重排，不能只調整單一階段。,3,1,sympy/core/symbol.py | sympy/matrices/expressions/matexpr.py | sympy/printing/dot.py,sympy/core/symbol.py | sympy/printing/dot.py,True,816,False,True
frozen_holdout_v1_posthoc,posthoc_description_only,sympy__sympy-18211,sympy/sympy,b4f1aa3540fe68d078d76e78ba59d022dd6df39f,`solveset` raises `NotImplementedError` instead of returning `ConditionSet`,miss,initial_retrieval_miss,正確檔案未進入TF-IDF前50名,initial_retrieval_miss,正確檔案未進入TF-IDF前50名,優先測試API查詢擴充、Import Graph與較大的TF-IDF候選池。,1,0,sympy/core/relational.py,sympy/core/relational.py,True,768,False,False
frozen_holdout_v1_posthoc,posthoc_description_only,sympy__sympy-11232,sympy/sympy,4c8a8590be682e74ec91ab217c646baa4686a255,cse leaves behind unevaluated subexpressions,partial_recall,cross_file_partial_miss,只找回部分正確檔案,initial_retrieval_miss,正確檔案未進入TF-IDF前50名,優先測試API查詢擴充、Import Graph與較大的TF-IDF候選池。,5,4,sympy/core/expr.py | sympy/matrices/expressions/matmul.py | sympy/printing/llvmjitcode.py | sympy/simplify/cse_main.py | sympy/solvers/ode.py,sympy/matrices/expressions/matmul.py,True,617,True,True
frozen_holdout_v1_posthoc,posthoc_description_only,sympy__sympy-21586,sympy/sympy,1808affb21ee0dd5226134ad7b3bb9f1785d2e56,parse_expr with local_dict,partial_recall,cross_file_partial_miss,只找回部分正確檔案,initial_retrieval_miss,正確檔案未進入TF-IDF前50名,優先測試API查詢擴充、Import Graph與較大的TF-IDF候選池。,4,2,sympy/abc.py | sympy/core/assumptions.py | sympy/core/sympify.py | sympy/parsing/sympy_parser.py,sympy/abc.py | sympy/core/assumptions.py,True,860,False,False
frozen_holdout_v1_posthoc,posthoc_description_only,sympy__sympy-12906,sympy/sympy,d250ff08a834bb0ba2b636b0a7d63a4cf33f6e22,Relational.canonical does not yield canonical,partial_recall,cross_file_partial_miss,只找回部分正確檔案,initial_retrieval_miss,正確檔案未進入TF-IDF前50名,優先測試API查詢擴充、Import Graph與較大的TF-IDF候選池。,2,1,sympy/concrete/summations.py | sympy/core/relational.py,sympy/concrete/summations.py,True,631,False,False
frozen_holdout_v1_posthoc,posthoc_description_only,sympy__sympy-17845,sympy/sympy,dd53633d0f28ed8656480e25a49615258121cb5d,Interval and FiniteSet printing,partial_recall,cross_file_partial_miss,只找回部分正確檔案,mixed_retrieval_and_rerank,同一Ticket同時包含初步檢索與重新排序遺漏,分別處理初步檢索與SBERT重排，不能只調整單一階段。,15,3,sympy/calculus/singularities.py | sympy/calculus/util.py | sympy/categories/baseclasses.py | sympy/combinatorics/partitions.py | sympy/combinatorics/polyhedron.py | sympy/core/function.py | sympy/logic/boolalg.py | sympy/printing/str.py | sympy/sets/conditionset.py | sympy/sets/fancysets.py | sympy/sets/powerset.py | sympy/sets/sets.py | sympy/solvers/inequalities.py | sympy/solvers/solveset.py | sympy/stats/stochastic_process_types.py,sympy/calculus/singularities.py | sympy/categories/baseclasses.py | sympy/combinatorics/partitions.py | sympy/combinatorics/polyhedron.py | sympy/core/function.py | sympy/logic/boolalg.py | sympy/printing/str.py | sympy/sets/conditionset.py | sympy/sets/powerset.py | sympy/solvers/inequalities.py | sympy/solvers/solveset.py | sympy/stats/stochastic_process_types.py,True,762,False,True
frozen_holdout_v1_posthoc,posthoc_description_only,sympy__sympy-12286,sympy/sympy,24ba5c32d9a6383e67cc159740152f60c48c2b2b,Dummy fails when is re-evaluated in S and srepr,partial_recall,cross_file_partial_miss,只找回部分正確檔案,initial_retrieval_miss,正確檔案未進入TF-IDF前50名,優先測試API查詢擴充、Import Graph與較大的TF-IDF候選池。,3,1,sympy/core/function.py | sympy/core/symbol.py | sympy/printing/repr.py,sympy/core/symbol.py | sympy/printing/repr.py,True,619,False,False
frozen_holdout_v1_posthoc,posthoc_description_only,sympy__sympy-20115,sympy/sympy,d57aaf064041fe52c0fa357639b069100f8b28e1,Lambdify does not identify frac(),miss,initial_retrieval_miss,正確檔案未進入TF-IDF前50名,initial_retrieval_miss,正確檔案未進入TF-IDF前50名,優先測試API查詢擴充、Import Graph與較大的TF-IDF候選池。,1,0,sympy/printing/pycode.py,sympy/printing/pycode.py,True,816,False,False
frozen_holdout_v1_posthoc,posthoc_description_only,sympy__sympy-13309,sympy/sympy,b0176512baf3cdad1f8494dcd63d11f24ef8e0cc,implement Piecewise rewriting for Min and Max,miss,reranker_demotion,正確檔案在TF-IDF前50名，但被SBERT排出前20名,reranker_demotion,正確檔案在TF-IDF前50名，但被SBERT排出前20名,檢查SBERT重排與檔案分數整合，避免正確檔案被排出Top-20。,1,0,sympy/functions/elementary/miscellaneous.py,sympy/functions/elementary/miscellaneous.py,True,655,True,True
frozen_holdout_v1_posthoc,posthoc_description_only,sympy__sympy-16858,sympy/sympy,6ffc2f04ad820e3f592b2107e66a16fd4585ac02,Added missing checks and attributes to sympy.stats,miss,reranker_demotion,正確檔案在TF-IDF前50名，但被SBERT排出前20名,reranker_demotion,正確檔案在TF-IDF前50名，但被SBERT排出前20名,檢查SBERT重排與檔案分數整合，避免正確檔案被排出Top-20。,2,0,sympy/stats/crv_types.py | sympy/stats/joint_rv_types.py,sympy/stats/crv_types.py | sympy/stats/joint_rv_types.py,True,742,False,False
frozen_holdout_v1_posthoc,posthoc_description_only,sympy__sympy-21932,sympy/sympy,b4c1da60fa4e8201b2b929083df2610da7a5b52f,imageset over Range does not work,partial_recall,cross_file_partial_miss,只找回部分正確檔案,reranker_demotion,正確檔案在TF-IDF前50名，但被SBERT排出前20名,檢查SBERT重排與檔案分數整合，避免正確檔案被排出Top-20。,2,1,sympy/sets/fancysets.py | sympy/stats/stochastic_process_types.py,sympy/stats/stochastic_process_types.py,True,871,False,False
frozen_holdout_v1_posthoc,posthoc_description_only,sympy__sympy-17251,sympy/sympy,8ca4a683d58ac1f61cfd2e4dacf7f58b9c0fefab,exp doesn't simplify based on its periodicity,partial_recall,cross_file_partial_miss,只找回部分正確檔案,initial_retrieval_miss,正確檔案未進入TF-IDF前50名,優先測試API查詢擴充、Import Graph與較大的TF-IDF候選池。,2,1,sympy/functions/elementary/exponential.py | sympy/physics/matrices.py,sympy/physics/matrices.py,True,746,False,False
frozen_holdout_v1_posthoc,posthoc_description_only,sympy__sympy-17271,sympy/sympy,52641f02c78331a274ec79b6b2ccf78c38a3c6ce,frac(zoo) gives TypeError,partial_recall,cross_file_partial_miss,只找回部分正確檔案,initial_retrieval_miss,正確檔案未進入TF-IDF前50名,優先測試API查詢擴充、Import Graph與較大的TF-IDF候選池。,2,1,sympy/functions/elementary/integers.py | sympy/printing/latex.py,sympy/printing/latex.py,True,747,False,False
frozen_holdout_v1_posthoc,posthoc_description_only,sympy__sympy-15198,sympy/sympy,115dd821a4b9ec94ca1bd339a8c0d63f31a12167,1.3rc1 codegen regression in octave/julia/jscode,partial_recall,cross_file_partial_miss,只找回部分正確檔案,mixed_retrieval_and_rerank,同一Ticket同時包含初步檢索與重新排序遺漏,分別處理初步檢索與SBERT重排，不能只調整單一階段。,11,3,sympy/combinatorics/homomorphisms.py | sympy/printing/ccode.py | sympy/printing/codeprinter.py | sympy/printing/fcode.py | sympy/printing/glsl.py | sympy/printing/jscode.py | sympy/printing/julia.py | sympy/printing/mathematica.py | sympy/printing/octave.py | sympy/utilities/lambdify.py | sympy/utilities/runtests.py,sympy/combinatorics/homomorphisms.py | sympy/printing/ccode.py | sympy/printing/codeprinter.py | sympy/printing/fcode.py | sympy/printing/glsl.py | sympy/printing/mathematica.py | sympy/utilities/lambdify.py | sympy/utilities/runtests.py,True,737,False,True
frozen_holdout_v1_posthoc,posthoc_description_only,sympy__sympy-18116,sympy/sympy,4a735bb4f38f7534f11c6634ab1cc36a8d57885e,Separate boolean and symbolic relationals,partial_recall,cross_file_partial_miss,只找回部分正確檔案,mixed_retrieval_and_rerank,同一Ticket同時包含初步檢索與重新排序遺漏,分別處理初步檢索與SBERT重排，不能只調整單一階段。,7,1,sympy/codegen/array_utils.py | sympy/core/decorators.py | sympy/core/expr.py | sympy/core/numbers.py | sympy/sets/sets.py | sympy/simplify/trigsimp.py | sympy/solvers/ode.py,sympy/codegen/array_utils.py | sympy/core/decorators.py | sympy/core/numbers.py | sympy/sets/sets.py | sympy/simplify/trigsimp.py | sympy/solvers/ode.py,True,768,False,True
frozen_holdout_v1_posthoc,posthoc_description_only,sympy__sympy-18200,sympy/sympy,c559a8421ac4865ebfe66024be6cd43a6103a62b,"ImageSet(Lambda(n, n**2), S.Integers).intersect(S.Integers) raises AttributeError",partial_recall,cross_file_partial_miss,只找回部分正確檔案,initial_retrieval_miss,正確檔案未進入TF-IDF前50名,優先測試API查詢擴充、Import Graph與較大的TF-IDF候選池。,2,1,sympy/sets/handlers/intersection.py | sympy/solvers/diophantine.py,sympy/solvers/diophantine.py,True,768,False,False
frozen_holdout_v1_posthoc,posthoc_description_only,sympy__sympy-12088,sympy/sympy,cd3224018333211374b2fe914705825e5125a3b1,Poly doesn't use correct precision unless mpmath.mp.dps is set,partial_recall,cross_file_partial_miss,只找回部分正確檔案,mixed_retrieval_and_rerank,同一Ticket同時包含初步檢索與重新排序遺漏,分別處理初步檢索與SBERT重排，不能只調整單一階段。,8,6,sympy/core/numbers.py | sympy/polys/constructor.py | sympy/polys/domains/fractionfield.py | sympy/polys/domains/mpelements.py | sympy/polys/domains/polynomialring.py | sympy/polys/fields.py | sympy/polys/rings.py | sympy/simplify/simplify.py,sympy/polys/fields.py | sympy/simplify/simplify.py,True,630,False,True
frozen_holdout_v1_posthoc,posthoc_description_only,sympy__sympy-18667,sympy/sympy,cd86e3c3335a7f43379185c239619c576522ef4a,Added new feature Schur_Number,miss,index_coverage_failure,正確檔案未進入Code Index,index_coverage_failure,正確檔案未進入Code Index,檢查測試檔排除規則、支援副檔名與檔案大小限制。,1,0,sympy/combinatorics/schur_number.py,sympy/combinatorics/schur_number.py,True,786,False,False
frozen_holdout_v1_posthoc,posthoc_description_only,sympy__sympy-14085,sympy/sympy,b95ffadae8cfad3acf15fada28140373c896b766,"sympify(u""α"") does not work",partial_recall,cross_file_partial_miss,只找回部分正確檔案,initial_retrieval_miss,正確檔案未進入TF-IDF前50名,優先測試API查詢擴充、Import Graph與較大的TF-IDF候選池。,2,1,sympy/parsing/sympy_parser.py | sympy/parsing/sympy_tokenize.py,sympy/parsing/sympy_tokenize.py,True,671,False,False
frozen_holdout_v1_posthoc,posthoc_description_only,sympy__sympy-18587,sympy/sympy,afbffa714654e4c8e8e853b7689d324e7146e40f,combinatorics.Permutation - exception not raised if wrong size is passed to constructor,partial_recall,cross_file_partial_miss,只找回部分正確檔案,reranker_demotion,正確檔案在TF-IDF前50名，但被SBERT排出前20名,檢查SBERT重排與檔案分數整合，避免正確檔案被排出Top-20。,2,1,sympy/combinatorics/permutations.py | sympy/matrices/common.py,sympy/matrices/common.py,True,786,False,False
frozen_holdout_v1_posthoc,posthoc_description_only,sympy__sympy-19093,sympy/sympy,64d28fe0534f6993695d11244ea740f783958dc8,Regression: can't make expressions with mutable BlockDiagMatrix's,partial_recall,cross_file_partial_miss,只找回部分正確檔案,mixed_retrieval_and_rerank,同一Ticket同時包含初步檢索與重新排序遺漏,分別處理初步檢索與SBERT重排，不能只調整單一階段。,14,5,sympy/assumptions/handlers/matrices.py | sympy/matrices/expressions/blockmatrix.py | sympy/matrices/expressions/determinant.py | sympy/matrices/expressions/hadamard.py | sympy/matrices/expressions/inverse.py | sympy/matrices/expressions/kronecker.py | sympy/matrices/expressions/matadd.py | sympy/matrices/expressions/matexpr.py | sympy/matrices/expressions/matmul.py | sympy/matrices/expressions/matpow.py | sympy/matrices/expressions/trace.py | sympy/matrices/matrices.py | sympy/solvers/solvers.py | sympy/stats/stochastic_process_types.py,sympy/assumptions/handlers/matrices.py | sympy/matrices/expressions/determinant.py | sympy/matrices/expressions/inverse.py | sympy/matrices/expressions/matadd.py | sympy/matrices/expressions/matmul.py | sympy/matrices/expressions/matpow.py | sympy/matrices/matrices.py | sympy/solvers/solvers.py | sympy/stats/stochastic_process_types.py,True,792,False,True
frozen_holdout_v1_posthoc,posthoc_description_only,sympy__sympy-12472,sympy/sympy,0cd4f13ab5dd4ecb7700ba5d2d94672cb40fd1e3,sqrt splits out non-real factors,partial_recall,cross_file_partial_miss,只找回部分正確檔案,initial_retrieval_miss,正確檔案未進入TF-IDF前50名,優先測試API查詢擴充、Import Graph與較大的TF-IDF候選池。,6,4,sympy/core/add.py | sympy/core/expr.py | sympy/core/mul.py | sympy/core/power.py | sympy/simplify/hyperexpand.py | sympy/simplify/radsimp.py,sympy/core/power.py | sympy/simplify/hyperexpand.py,True,630,True,True
frozen_holdout_v1_posthoc,posthoc_description_only,sympy__sympy-13236,sympy/sympy,626c33ecf8334a36d99263faa474f3cf63a03638,"factorial(n) should ""know"" that it is divisible by n",partial_recall,cross_file_partial_miss,只找回部分正確檔案,mixed_retrieval_and_rerank,同一Ticket同時包含初步檢索與重新排序遺漏,分別處理初步檢索與SBERT重排，不能只調整單一階段。,7,4,sympy/core/assumptions.py | sympy/core/exprtools.py | sympy/core/mod.py | sympy/core/mul.py | sympy/core/power.py | sympy/functions/combinatorial/factorials.py | sympy/ntheory/factor_.py,sympy/core/assumptions.py | sympy/core/exprtools.py | sympy/ntheory/factor_.py,True,638,True,True
frozen_holdout_v1_posthoc,posthoc_description_only,sympy__sympy-18033,sympy/sympy,cab3c1cbfa415ced4ea4e46542ae7eb7044df6d6,Remove Permutation.print_cyclic flag,partial_recall,cross_file_partial_miss,只找回部分正確檔案,mixed_retrieval_and_rerank,同一Ticket同時包含初步檢索與重新排序遺漏,分別處理初步檢索與SBERT重排，不能只調整單一階段。,14,4,sympy/codegen/array_utils.py | sympy/combinatorics/generators.py | sympy/combinatorics/homomorphisms.py | sympy/combinatorics/named_groups.py | sympy/combinatorics/perm_groups.py | sympy/combinatorics/permutations.py | sympy/combinatorics/polyhedron.py | sympy/combinatorics/tensor_can.py | sympy/combinatorics/util.py | sympy/interactive/printing.py | sympy/printing/latex.py | sympy/printing/pretty/pretty.py | sympy/printing/repr.py | sympy/printing/str.py,sympy/codegen/array_utils.py | sympy/combinatorics/generators.py | sympy/combinatorics/homomorphisms.py | sympy/combinatorics/named_groups.py | sympy/combinatorics/perm_groups.py | sympy/combinatorics/polyhedron.py | sympy/combinatorics/tensor_can.py | sympy/combinatorics/util.py | sympy/printing/latex.py | sympy/printing/repr.py,True,767,False,True
