gold_id,ticket_id,repo,base_commit,file_path,mapping_status,mapping_method,mapping_confidence,exclusion_reason,symbol_id,qualified_name,symbol_kind,start_line,start_column,end_line,end_column,change_type,hunk_index,old_file_path,new_file_path,old_start_line,old_line_count,new_start_line,new_line_count,matched_old_lines,context_old_lines,insertion_anchor_line,patch_sha256,review_status,file_correct,qualified_name_correct,symbol_kind_correct,review_note
sha256:1e823fb98729f17a5ef5d670410d3e7f557d20a45ad478bc240695ec0d682893,astropy__astropy-13073,astropy/astropy,43ee5806e9c6f7d58c12c1cb9287b3c61abe489d,astropy/io/ascii/core.py,mapped,insertion_anchor_containment,0.8,,sha256:fc42d478bfdeceb9819ab9d7d9a710081969c7d2246b57c56a0a3b0374b9d7a5,BaseOutputter,class,1015,0,1084,34,modified,0,astropy/io/ascii/core.py,astropy/io/ascii/core.py,1016,7,1016,10,,1016 1017 1018 1019 1020 1021 1022,1018,sha256:491a351636fab32ca45f623ce82ee894f6631037db08d6948e03946bfafec763,,,,,
sha256:9db676de5727cb85ed99f761dcbb66d21d644165be83f6a16c7d366859974de9,astropy__astropy-13073,astropy/astropy,43ee5806e9c6f7d58c12c1cb9287b3c61abe489d,astropy/io/ascii/core.py,mapped,insertion_anchor_containment,0.8,,sha256:fc42d478bfdeceb9819ab9d7d9a710081969c7d2246b57c56a0a3b0374b9d7a5,BaseOutputter,class,1015,0,1084,34,modified,0,astropy/io/ascii/core.py,astropy/io/ascii/core.py,1016,7,1016,10,,1016 1017 1018 1019 1020 1021 1022,1019,sha256:491a351636fab32ca45f623ce82ee894f6631037db08d6948e03946bfafec763,,,,,
sha256:6fdb4dab85605435bd5f7c202cc20024f0963896f579de2d41bc9df956fde795,astropy__astropy-13073,astropy/astropy,43ee5806e9c6f7d58c12c1cb9287b3c61abe489d,astropy/io/ascii/core.py,mapped,modified_line_containment,1.0,,sha256:779b02c46d95d4a2f05e670cc334a75f8ef1ec2682db218d49a94f52578a6192,BaseOutputter._validate_and_copy,method,1022,4,1039,29,modified,1,astropy/io/ascii/core.py,astropy/io/ascii/core.py,1024,18,1027,33,1030 1032 1036 1038,1024 1025 1026 1027 1028 1029 1031 1033 1034 1035 1037 1039 1040 1041,1026,sha256:491a351636fab32ca45f623ce82ee894f6631037db08d6948e03946bfafec763,,,,,
sha256:0534c13e0f33a78272d9df09470ed8dc74b4d6eb3c0995daf49b386493b231f8,astropy__astropy-13073,astropy/astropy,43ee5806e9c6f7d58c12c1cb9287b3c61abe489d,astropy/io/ascii/docs.py,mapped,module_level,1.0,,sha256:034d7275c62a407bc684aa04ad09596eabc8338f34442877d5fa1a641f1173c5,<module>,module,40,0,42,0,modified,0,astropy/io/ascii/docs.py,astropy/io/ascii/docs.py,37,9,37,12,40 41 42,37 38 39 43 44 45,43,sha256:491a351636fab32ca45f623ce82ee894f6631037db08d6948e03946bfafec763,,,,,
sha256:f75971e55038b34c7c527ed8596e86dd18c38145aafce470b4333cf2fcfe51de,astropy__astropy-13236,astropy/astropy,6ed769d58d89380ebaa1ef52b300691eefda8928,astropy/table/table.py,mapped,modified_line_containment,1.0,,sha256:35a61666f5b294f8ad336f5af94a4505952bb4d5017cc65d7f57287f257640c1,Table._convert_data_to_col,method,1179,4,1324,18,modified,0,astropy/table/table.py,astropy/table/table.py,1239,13,1239,6,1242 1243 1244 1245 1246 1247 1248,1239 1240 1241 1249 1250 1251,,sha256:e3366b1923660fb0ae2bbc8fb16981184e77fc3f9e3669727f1a3e6061ddaa6d,,,,,
sha256:bc6e08ae2963eacb72e28a4bba01d4a898b11aa46689f3a2dd62cee0fbc11b30,astropy__astropy-13465,astropy/astropy,0f3e4a6549bc8bb3276184a021ecdd3482eb5d13,astropy/io/fits/diff.py,mapped,modified_line_containment,1.0,,sha256:93d67ad7fac4d579801479ff61ac1127a569d171798025fb7ab113cf50defc00,ImageDataDiff._report,method,1032,4,1059,64,modified,0,astropy/io/fits/diff.py,astropy/io/fits/diff.py,1051,7,1051,8,1054,1051 1052 1053 1055 1056 1057,1055,sha256:b6de43113115ef1de499b3da7117ecc85b37c58680ff9e987c43c2008e6f88cf,,,,,
sha256:9f835c8e0a98857176c462aa802c87351c438e3efea011964ce8550e88a2321f,astropy__astropy-13465,astropy/astropy,0f3e4a6549bc8bb3276184a021ecdd3482eb5d13,astropy/io/fits/diff.py,mapped,modified_line_containment,1.0,,sha256:410d068f8e71c24e4270fc73d4471897f77f15ccb85df925aff96cbd384882f5,RawDataDiff._report,method,1116,4,1137,64,modified,1,astropy/io/fits/diff.py,astropy/io/fits/diff.py,1130,7,1131,8,1133,1130 1131 1132 1134 1135 1136,1134,sha256:b6de43113115ef1de499b3da7117ecc85b37c58680ff9e987c43c2008e6f88cf,,,,,
sha256:d820b1b7e4eb53ede3b9f76442f9d0836e9b603d7ee025f5eba69555232158f8,astropy__astropy-13465,astropy/astropy,0f3e4a6549bc8bb3276184a021ecdd3482eb5d13,astropy/io/fits/diff.py,mapped,modified_line_containment,1.0,,sha256:0f991ff0b854e5fbd684ccb103336c2cdc65625a15ec26b3a6b729e6c4696374,TableDataDiff._report,method,1398,4,1447,64,modified,2,astropy/io/fits/diff.py,astropy/io/fits/diff.py,1417,7,1419,8,1420,1417 1418 1419 1421 1422 1423,1421,sha256:b6de43113115ef1de499b3da7117ecc85b37c58680ff9e987c43c2008e6f88cf,,,,,
sha256:c6e8112db5f3ffded3a13ee09796278d7baaf270f040b06aae5c14c801477686,astropy__astropy-13465,astropy/astropy,0f3e4a6549bc8bb3276184a021ecdd3482eb5d13,astropy/io/fits/diff.py,mapped,modified_line_containment,1.0,,sha256:0f991ff0b854e5fbd684ccb103336c2cdc65625a15ec26b3a6b729e6c4696374,TableDataDiff._report,method,1398,4,1447,64,modified,3,astropy/io/fits/diff.py,astropy/io/fits/diff.py,1433,7,1436,8,1436,1433 1434 1435 1437 1438 1439,1437,sha256:b6de43113115ef1de499b3da7117ecc85b37c58680ff9e987c43c2008e6f88cf,,,,,
sha256:19ab2147c6b75fc43907cbaec72754c24c24a8cb52a272e177a4fc8065950b21,astropy__astropy-13465,astropy/astropy,0f3e4a6549bc8bb3276184a021ecdd3482eb5d13,astropy/utils/diff.py,mapped,modified_line_containment,1.0,,sha256:21270613550410383099bf37452211371e117f7e83d2708d9c170dc0e04bea23,report_diff_values,function,46,0,138,20,modified,0,astropy/utils/diff.py,astropy/utils/diff.py,43,7,43,7,46,43 44 45 47 48 49,47,sha256:b6de43113115ef1de499b3da7117ecc85b37c58680ff9e987c43c2008e6f88cf,,,,,
sha256:f072a99a81692b0c013f3978de221dca536e07db013e7fa65fc98abeff1b9c7a,astropy__astropy-13465,astropy/astropy,0f3e4a6549bc8bb3276184a021ecdd3482eb5d13,astropy/utils/diff.py,mapped,insertion_anchor_containment,0.8,,sha256:21270613550410383099bf37452211371e117f7e83d2708d9c170dc0e04bea23,report_diff_values,function,46,0,138,20,modified,1,astropy/utils/diff.py,astropy/utils/diff.py,60,6,60,10,,60 61 62 63 64 65,62,sha256:b6de43113115ef1de499b3da7117ecc85b37c58680ff9e987c43c2008e6f88cf,,,,,
sha256:436b7be870796ff90435fd3d47511997e5e965769dfac442884d455632f02ba2,astropy__astropy-13465,astropy/astropy,0f3e4a6549bc8bb3276184a021ecdd3482eb5d13,astropy/utils/diff.py,mapped,modified_line_containment,1.0,,sha256:21270613550410383099bf37452211371e117f7e83d2708d9c170dc0e04bea23,report_diff_values,function,46,0,138,20,modified,2,astropy/utils/diff.py,astropy/utils/diff.py,75,15,79,19,78 83 84 86,75 76 77 79 80 81 82 85 87 88 89,79,sha256:b6de43113115ef1de499b3da7117ecc85b37c58680ff9e987c43c2008e6f88cf,,,,,
sha256:c384287e496fb5df571c9317998dbbf2f5765960039ce44c04f723b0d9e33561,astropy__astropy-14365,astropy/astropy,7269fa3e33e8d02485a647da91a5a2a60a06af61,astropy/io/ascii/qdp.py,mapped,modified_line_containment,1.0,,sha256:386b2c9a0a20e3b463d904c7c411132d3a2c4f4bb9d7c2a9a0e7ab71b9a4495e,_line_type,function,20,0,85,24,modified,0,astropy/io/ascii/qdp.py,astropy/io/ascii/qdp.py,68,7,68,7,71,68 69 70 72 73 74,72,sha256:42420ff7003feddd01ddde186a66486ab686dc91af2a3155970dea6ca4df63c3,,,,,
sha256:52895a3cb16165cc077f1c8ca3d996087422461ccd8e90b6f0f4f1afebb37e74,astropy__astropy-14365,astropy/astropy,7269fa3e33e8d02485a647da91a5a2a60a06af61,astropy/io/ascii/qdp.py,mapped,modified_line_containment,1.0,,sha256:d1ebdc784392f9328f6f041c14c0b1196257a3d0f8c2122d769506c181458b87,_get_tables_from_qdp_file,function,237,0,342,21,modified,1,astropy/io/ascii/qdp.py,astropy/io/ascii/qdp.py,306,7,306,7,309,306 307 308 310 311 312,310,sha256:42420ff7003feddd01ddde186a66486ab686dc91af2a3155970dea6ca4df63c3,,,,,
sha256:ff27f47345336ea078fecd72beace146e69f92c78cefda73834b5ce1ec85252c,astropy__astropy-14598,astropy/astropy,80c3854a5f4f4a6ab86c03d9db7854767fcd83c1,astropy/io/fits/card.py,mapped,modified_line_containment,1.0,,sha256:042b3e12aa23028499978ac7a36925786172860234ba07ce70206928384bd570,Card,class,41,0,1243,22,modified,0,astropy/io/fits/card.py,astropy/io/fits/card.py,66,7,66,7,69,66 67 68 70 71 72,70,sha256:867bc2472fb6f36b4bb180ae83d94b99533948f51c0f16f1e666dd87c9d4c396,,,,,
sha256:e31b244d00223bf4283e4adc644f16ce499e8c0530db8d38a2bb423381ff803f,astropy__astropy-14598,astropy/astropy,80c3854a5f4f4a6ab86c03d9db7854767fcd83c1,astropy/io/fits/card.py,mapped,modified_line_containment,1.0,,sha256:8474e467dc8b1e9610bf70ac92da2504d6f7a50ebc63c4f8739666c205e61c58,Card._split,method,829,4,895,52,modified,1,astropy/io/fits/card.py,astropy/io/fits/card.py,859,7,859,7,862,859 860 861 863 864 865,863,sha256:867bc2472fb6f36b4bb180ae83d94b99533948f51c0f16f1e666dd87c9d4c396,,,,,
sha256:b575b0728bd1df52bd53660c44c3f970ff714ba6b8b8870b9962afff6e9926a6,django__django-12237,django/django,cf5d4701dc12ad69d51042b0d7e81e4a54de4bd7,django/utils/text.py,mapped,modified_line_containment,1.0,,sha256:6a81778ecee9a06ed80436709fbafb969f16367a75e559c85a5698d7f511a9e9,slugify,function,393,0,406,40,modified,0,django/utils/text.py,django/utils/text.py,402,7,402,7,405,402 403 404 406 407 408,406,sha256:b5196f7f521fccfc0d82c3132b59b3397cdd7ccf00f40d7458d35c3dd76ecc39,,,,,
sha256:d1ac98cda21d063d8d8a3b89b0305c1261fb80478fe3215138d05af575ea73f3,django__django-14399,django/django,958cdf65ae90d26236d1815bbba804729595ec7a,django/conf/__init__.py,mapped,module_level,0.8,,sha256:54443103ef24a6ff43fbbdb78df92268c72537333751da4a36f31a6e6ae38ba9,<module>,module,11,0,11,0,modified,0,django/conf/__init__.py,django/conf/__init__.py,9,10,9,12,,9 10 11 12 13 14 15 16 17 18,11,sha256:920b660e69a8f5d01d383c7ff143a06ab760b2fe5316982db557ab9267ca60d2,,,,,
sha256:79faa1c5302f2c2b882b2a7009bfe33fa998291934fb7c8f47c18fe5d081e83c,django__django-14399,django/django,958cdf65ae90d26236d1815bbba804729595ec7a,django/conf/__init__.py,mapped,module_level,0.8,,sha256:54443103ef24a6ff43fbbdb78df92268c72537333751da4a36f31a6e6ae38ba9,<module>,module,15,0,15,0,modified,0,django/conf/__init__.py,django/conf/__init__.py,9,10,9,12,,9 10 11 12 13 14 15 16 17 18,15,sha256:920b660e69a8f5d01d383c7ff143a06ab760b2fe5316982db557ab9267ca60d2,,,,,
sha256:a6e251f87145cc23b21ad24cdf27bf754194a414db4fef4f0b432f78eeccf665,django__django-14399,django/django,958cdf65ae90d26236d1815bbba804729595ec7a,django/conf/__init__.py,mapped,insertion_anchor_containment,0.8,,sha256:1297271c8041023a80acf96f8fdc4294c9435259b983bb9d353eb6e4850b4ce0,Settings.__init__,method,132,4,170,24,modified,1,django/conf/__init__.py,django/conf/__init__.py,157,6,159,14,,157 158 159 160 161 162,159,sha256:920b660e69a8f5d01d383c7ff143a06ab760b2fe5316982db557ab9267ca60d2,,,,,
sha256:f8dc87da92a26d32fd11e5db32444b16095bbe93cb9ed800c52cec2970c9c254,django__django-14785,django/django,93f3b7a0ba2969109940775a18515728603afac6,django/db/models/fields/__init__.py,mapped,module_level,0.8,,sha256:080d81b8795e76b42594d0404a96fab73f20d6304a7e224baa74f7bcda8bb14d,<module>,module,4,0,4,0,modified,0,django/db/models/fields/__init__.py,django/db/models/fields/__init__.py,2,6,2,7,,2 3 4 5 6 7,4,sha256:019e10b60c7050cda4369ec39f8118ce4033badf72d5c582f544571439c06b75,,,,,
sha256:e2e150ab40107ad85dab4e908a185575a3743b0219c19b96ae0d9d18a8d034fa,django__django-14785,django/django,93f3b7a0ba2969109940775a18515728603afac6,django/db/models/fields/__init__.py,mapped,insertion_anchor_containment,0.8,,sha256:6b9c07ec8d7492605d5e24b9890da9b4e29b0a0840f40222a041eaacfd504e33,DecimalField.to_python,method,1538,4,1550,13,modified,1,django/db/models/fields/__init__.py,django/db/models/fields/__init__.py,1539,6,1540,12,,1539 1540 1541 1542 1543 1544,1541,sha256:019e10b60c7050cda4369ec39f8118ce4033badf72d5c582f544571439c06b75,,,,,
sha256:3890efc9501a00619e38e0d9e99590b7d5101c885fd3c3612d90f1937b0ae5fe,django__django-15139,django/django,08d8bccbf1b0764a0de68325569ee47da256e206,django/contrib/sessions/backends/base.py,mapped,modified_line_containment,1.0,,sha256:6110f23617c6acd63c9df3ce54779215d396b08d026463d76289342f48851dc8,SessionBase.get_expiry_age,method,193,4,216,49,modified,0,django/contrib/sessions/backends/base.py,django/contrib/sessions/backends/base.py,210,8,210,10,213,210 211 212 214 215 216 217,214,sha256:eda6a963b0a542eca714643ceb6c713353670377c9a5faa7e53e1de0e4619aad,,,,,
sha256:1b3b0bb9e086eded3ff43d298b1ce1e586f2e5a250bacf2bd55529e9937b58ef,django__django-15139,django/django,08d8bccbf1b0764a0de68325569ee47da256e206,django/contrib/sessions/backends/base.py,mapped,insertion_anchor_containment,0.8,,sha256:d8e699c6c5b901a5318bf478ead6f86c17ebdcdf292ce0ae9d8fa84b1cb7df47,SessionBase.get_expiry_date,method,218,4,237,55,modified,1,django/contrib/sessions/backends/base.py,django/contrib/sessions/backends/base.py,233,6,235,8,,233 234 235 236 237 238,235,sha256:eda6a963b0a542eca714643ceb6c713353670377c9a5faa7e53e1de0e4619aad,,,,,
sha256:96662a0a919899c2839b691022d721f8b2654f6f20670ed8f6fcd81b3c9e73d6,django__django-15139,django/django,08d8bccbf1b0764a0de68325569ee47da256e206,django/contrib/sessions/backends/base.py,mapped,insertion_anchor_containment,0.8,,sha256:6950d09686e7728b0b6408009674b1d1d9ea3c8e72ea8d21e2a92e241b85428d,SessionBase.set_expiry,method,239,4,263,39,modified,2,django/contrib/sessions/backends/base.py,django/contrib/sessions/backends/base.py,260,6,264,8,,260 261 262 263 264 265,262,sha256:eda6a963b0a542eca714643ceb6c713353670377c9a5faa7e53e1de0e4619aad,,,,,
sha256:5499bd5b66ce0a3cafad19e5eab40e7e7ccf26041e419d044f5a31c98592ff45,django__django-15139,django/django,08d8bccbf1b0764a0de68325569ee47da256e206,django/contrib/sessions/backends/base.py,mapped,modified_line_containment,1.0,,sha256:403dc90c5bd133385a2a5c93d791ac5d789a53d407fce826e1b11cc88e15496d,SessionBase.get_expire_at_browser_close,method,265,4,274,47,modified,3,django/contrib/sessions/backends/base.py,django/contrib/sessions/backends/base.py,269,9,275,9,272 274,269 270 271 273 275 276 277,273,sha256:eda6a963b0a542eca714643ceb6c713353670377c9a5faa7e53e1de0e4619aad,,,,,
sha256:0bd3fd30c632df2cfbe08cc41b09bfde8977c62b9575fd5bdffdc652e0d6fb05,django__django-15139,django/django,08d8bccbf1b0764a0de68325569ee47da256e206,django/contrib/sessions/serializers.py,mapped,module_level,0.8,,sha256:853c2a931669748cd49d4c3018c8ce18e69dee3f47c86caef52e19d4fd703e5b,<module>,module,1,0,1,0,modified,0,django/contrib/sessions/serializers.py,django/contrib/sessions/serializers.py,1,3,1,4,,1 2 3,1,sha256:eda6a963b0a542eca714643ceb6c713353670377c9a5faa7e53e1de0e4619aad,,,,,
sha256:118b40919540e77a72df4e0872b88c1645a8a08c37d682fdb8f1f22512a1278e,django__django-15139,django/django,08d8bccbf1b0764a0de68325569ee47da256e206,django/core/cache/backends/redis.py,mapped,modified_line_containment,1.0,,sha256:642b7742a1543114c97a583a8db976089aa46916eda758007c3bfeeee87e8cde,RedisSerializer,class,12,0,28,38,modified,0,django/core/cache/backends/redis.py,django/core/cache/backends/redis.py,1,31,1,30,12 13 14 15 16,1 2 3 4 5 6 8 9 10 11 17 18 19 20 21 23 24 25 26 27 29 30 31,2,sha256:eda6a963b0a542eca714643ceb6c713353670377c9a5faa7e53e1de0e4619aad,,,,,
sha256:406c27322e71de25210a1bda5017f33f61bce095a64259e7a62e3ed8597771c1,django__django-15139,django/django,08d8bccbf1b0764a0de68325569ee47da256e206,django/core/cache/backends/redis.py,mapped,modified_line_containment,1.0,,sha256:d34ac283aa44036514d9af8d04d3c4bb289a3fd3806e253f9917d37581928658,RedisSerializer.dumps,method,17,4,22,33,modified,0,django/core/cache/backends/redis.py,django/core/cache/backends/redis.py,1,31,1,30,22,1 2 3 4 5 6 8 9 10 11 17 18 19 20 21 23 24 25 26 27 29 30 31,2,sha256:eda6a963b0a542eca714643ceb6c713353670377c9a5faa7e53e1de0e4619aad,,,,,
sha256:8e3aee4752c7e3c95f86712a5978ea8554b4076fe082296e2d525adaadadf8c4,django__django-15139,django/django,08d8bccbf1b0764a0de68325569ee47da256e206,django/core/cache/backends/redis.py,mapped,modified_line_containment,1.0,,sha256:2398b7698eb18a3f31f85b2a531c6bf0ba6f5b2c7125f32392f481c1ad845a49,RedisSerializer.loads,method,24,4,28,38,modified,0,django/core/cache/backends/redis.py,django/core/cache/backends/redis.py,1,31,1,30,28,1 2 3 4 5 6 8 9 10 11 17 18 19 20 21 23 24 25 26 27 29 30 31,2,sha256:eda6a963b0a542eca714643ceb6c713353670377c9a5faa7e53e1de0e4619aad,,,,,
sha256:f59f7b85f01341135983aaac88cf3a0a1fcc255029f7b1780140a726f065480b,django__django-15139,django/django,08d8bccbf1b0764a0de68325569ee47da256e206,django/core/cache/backends/redis.py,mapped,module_level,1.0,,sha256:74712d42e5b3cbcfbbcbb31304107d77ca5fc472734d4decc33a8d785af24309,<module>,module,7,0,7,0,modified,0,django/core/cache/backends/redis.py,django/core/cache/backends/redis.py,1,31,1,30,7,1 2 3 4 5 6 8 9 10 11 17 18 19 20 21 23 24 25 26 27 29 30 31,2,sha256:eda6a963b0a542eca714643ceb6c713353670377c9a5faa7e53e1de0e4619aad,,,,,
sha256:b52969ea11558e0e3115e9fd50237105e4fc734e22c4ae18b9b7e49e2ee30627,django__django-15139,django/django,08d8bccbf1b0764a0de68325569ee47da256e206,django/core/serializers/base.py,mapped,module_level,0.8,,sha256:1c93d3172c248f77275dec557dbd6c43163a39ef03ef4f812eb34f56bc92dd48,<module>,module,4,0,4,0,modified,0,django/core/serializers/base.py,django/core/serializers/base.py,2,10,2,12,,2 3 4 5 6 7 8 9 10 11,4,sha256:eda6a963b0a542eca714643ceb6c713353670377c9a5faa7e53e1de0e4619aad,,,,,
sha256:70ba8eac861b0e1f2f3464e49af7efc6b2dba0ffa4797e957d18a9c1e5226d40,django__django-15139,django/django,08d8bccbf1b0764a0de68325569ee47da256e206,django/core/serializers/base.py,mapped,module_level,0.8,,sha256:1c93d3172c248f77275dec557dbd6c43163a39ef03ef4f812eb34f56bc92dd48,<module>,module,8,0,8,0,modified,0,django/core/serializers/base.py,django/core/serializers/base.py,2,10,2,12,,2 3 4 5 6 7 8 9 10 11,8,sha256:eda6a963b0a542eca714643ceb6c713353670377c9a5faa7e53e1de0e4619aad,,,,,
sha256:5a3188c6b9a942d2f837d566abcae874819816777c7ae7bae2bd16f1f4bb829f,django__django-15139,django/django,08d8bccbf1b0764a0de68325569ee47da256e206,django/core/serializers/base.py,mapped,insertion_anchor_containment,0.8,,sha256:3ee86279dbe2c85853b086b512f91c37f5243ff3b445d9f5607c673d70e10206,PickleSerializer.__init__,method,18,4,19,81,modified,1,django/core/serializers/base.py,django/core/serializers/base.py,16,6,18,11,,16 17 18 19 20 21,18,sha256:eda6a963b0a542eca714643ceb6c713353670377c9a5faa7e53e1de0e4619aad,,,,,
sha256:d8ce09f144200603292272218046296aa1b118ec589a3860de69495c7b2f9210,django__django-15682,django/django,34e2148fc725e7200050f74130d7523e3cd8507a,django/db/models/expressions.py,mapped,module_level,0.8,,sha256:ad3b1857719008606d744f0e46f193224dd0b3ef72aa74820f388c75d33290ef,<module>,module,4,0,4,0,modified,0,django/db/models/expressions.py,django/db/models/expressions.py,2,6,2,7,,2 3 4 5 6 7,4,sha256:fd709c38aac48251e7bcab5e5b09f0b9715d5b37402622e5a6f63cf2bcce5ea3,,,,,
sha256:4e60bab89ca4bc364d8f2ae580895d07497c6e29fb492bb205fefe520e5a8da3,django__django-15682,django/django,34e2148fc725e7200050f74130d7523e3cd8507a,django/db/models/expressions.py,mapped,module_level,0.8,,sha256:ad3b1857719008606d744f0e46f193224dd0b3ef72aa74820f388c75d33290ef,<module>,module,14,0,14,0,modified,1,django/db/models/expressions.py,django/db/models/expressions.py,12,6,13,7,,12 13 14 15 16 17,14,sha256:fd709c38aac48251e7bcab5e5b09f0b9715d5b37402622e5a6f63cf2bcce5ea3,,,,,
sha256:fe86bb90dbc8f2f3ededdd60db279f00d54452bf5bd968a3176ac4930b10a454,django__django-15682,django/django,34e2148fc725e7200050f74130d7523e3cd8507a,django/db/models/expressions.py,mapped,modified_line_containment,1.0,,sha256:a068481e40f5491ae3d7e691761e28e4af485a8438ac5419c10dcf0e1edcd447,OrderBy.__init__,method,1504,4,1514,36,modified,2,django/db/models/expressions.py,django/db/models/expressions.py,1501,11,1503,20,1504 1505 1506,1501 1502 1503 1507 1508 1509 1510 1511,1507,sha256:fd709c38aac48251e7bcab5e5b09f0b9715d5b37402622e5a6f63cf2bcce5ea3,,,,,
sha256:c0cc2cdfaea82436bd056c46cd86ad672d3139c2d17cb920467be719ca58138d,django__django-15682,django/django,34e2148fc725e7200050f74130d7523e3cd8507a,django/db/models/expressions.py,mapped,modified_line_containment,1.0,,sha256:4f72849b64c346546e350bc621424f7838d514b859dc90502bdd48c03a89db63,OrderBy.reverse_ordering,method,1573,4,1578,19,modified,3,django/db/models/expressions.py,django/db/models/expressions.py,1572,9,1583,12,1575 1576 1577,1572 1573 1574 1578 1579 1580,1578,sha256:fd709c38aac48251e7bcab5e5b09f0b9715d5b37402622e5a6f63cf2bcce5ea3,,,,,
sha256:2e737682bba51708ccd12ff3094b39b934fc870372a179cbe675abfed7b6671b,django__django-16517,django/django,c626173833784c86920b448793ac45005af4c058,django/contrib/admindocs/utils.py,mapped,insertion_anchor_containment,0.8,,sha256:e46f337fffb74cfc9e7611a5bcec8f3ddd44f863af1578a5d9fb9146e77b432b,create_reference_role,function,103,0,121,71,modified,0,django/contrib/admindocs/utils.py,django/contrib/admindocs/utils.py,101,6,101,9,,101 102 103 104 105 106,103,sha256:57df7875d4357dc532adf7158282485a013adf4f3728ab1c28cfd9293660930a,,,,,
sha256:51d91d486df2f247cd16d08670aad5e6f0d4aff3f98d259d68930e0b5a3d4ee1,django__django-16517,django/django,c626173833784c86920b448793ac45005af4c058,django/contrib/admindocs/utils.py,mapped,modified_line_containment,1.0,,sha256:2092fc155a843c0aa8949acabcbf112841c0194c7f57745415249b17dfa8cb2e,create_reference_role.<locals>._role,function,104,4,119,25,modified,1,django/contrib/admindocs/utils.py,django/contrib/admindocs/utils.py,111,7,114,7,114,111 112 113 115 116 117,115,sha256:57df7875d4357dc532adf7158282485a013adf4f3728ab1c28cfd9293660930a,,,,,
sha256:ed3a7c6fcfab862cc2acf414861d7f2de48a0fa841496b4389f910368c0e0dc7,matplotlib__matplotlib-22719,matplotlib/matplotlib,a2a1b0a11b993fe5f8fab64b6161e99243a6393c,lib/matplotlib/category.py,mapped,modified_line_containment,1.0,,sha256:4472f6d2c91837aaf13b9dc57c87f61caf998acd74a1276fe11a20593d1cee5d,StrCategoryConverter.convert,method,27,4,69,78,modified,0,lib/matplotlib/category.py,lib/matplotlib/category.py,58,7,58,7,61,58 59 60 62 63 64,62,sha256:4d9894b021f03db20ff4ae1afeedb8934d3640ed88d084f57ddd64e7edeb1217,,,,,
sha256:9eb8cf20a32715fa1156a1bbcf6ed773f9ff0b7bb3d9e9761255465f72dabe82,matplotlib__matplotlib-22719,matplotlib/matplotlib,a2a1b0a11b993fe5f8fab64b6161e99243a6393c,lib/matplotlib/category.py,mapped,modified_line_containment,1.0,,sha256:4db48286842c2faf388ca926398524352c4e1e0fbb51386f24a9bef0155e715b,UnitData.update,method,209,4,237,63,modified,1,lib/matplotlib/category.py,lib/matplotlib/category.py,230,7,230,7,233,230 231 232 234 235 236,234,sha256:4d9894b021f03db20ff4ae1afeedb8934d3640ed88d084f57ddd64e7edeb1217,,,,,
sha256:db71c78d3d8c5790008a2f8543f324f9b2438145497789edd04b24c2eb64096f,matplotlib__matplotlib-23057,matplotlib/matplotlib,8bfd2c43344215008a2f5597ecc0ee467fb039d3,lib/matplotlib/pyplot.py,mapped,modified_line_containment,1.0,,sha256:f79a2a65a1d41b1541fbe80688138cbf1c9dc4dce8ccbf41cd6bae7c914ea4ee,_get_backend_mod,function,198,0,215,23,modified,0,lib/matplotlib/pyplot.py,lib/matplotlib/pyplot.py,206,12,206,6,209 210 211 212 213 214,206 207 208 215 216 217,,sha256:24ad6acbb5af025eb0cc73cccbe7b9346fbac99461f1a46398d1d29f40f4e075,,,,,
sha256:ca42a956f3728f10c3940d68d3e0535bfd3850a4c0ef98a6676746d8683772d8,matplotlib__matplotlib-23057,matplotlib/matplotlib,8bfd2c43344215008a2f5597ecc0ee467fb039d3,lib/matplotlib/pyplot.py,mapped,module_level,0.8,,sha256:90c64f3fc2976800a841c8a6cd0a92446d20ee0f79a3d18c2d320d1acb36eda3,<module>,module,304,0,304,0,modified,1,lib/matplotlib/pyplot.py,lib/matplotlib/pyplot.py,302,6,296,10,,302 303 304 305 306 307,304,sha256:24ad6acbb5af025eb0cc73cccbe7b9346fbac99461f1a46398d1d29f40f4e075,,,,,
sha256:5de084845ba6aa20954e2a06a3e5ecfbb11cdf15dfd1193516ee686c9ddd75fa,matplotlib__matplotlib-25281,matplotlib/matplotlib,5aee26d0a52c237c5b4fafcb843e392907ab45b3,lib/matplotlib/legend.py,mapped,module_level,0.8,,sha256:98720648edefd6d3e5bac285a6d3db0c057070fc2706195f523739a6daa80f16,<module>,module,25,0,25,0,modified,0,lib/matplotlib/legend.py,lib/matplotlib/legend.py,23,6,23,7,,23 24 25 26 27 28,25,sha256:273bd319cddfbff77170c69532b9d8b63939540879bc9301bc93db885ab9e3ed,,,,,
sha256:e3d556b2a87eea580de93cf4a2743e9e057053f546ccf93bc2bc422cbb3ef004,matplotlib__matplotlib-25281,matplotlib/matplotlib,5aee26d0a52c237c5b4fafcb843e392907ab45b3,lib/matplotlib/legend.py,mapped,insertion_anchor_containment,0.8,,sha256:f95bd82d8fb7992dd72d76c9a7c0d8a47b4411e85f98b041c12dc173e497e03c,Legend.__init__,method,345,4,656,67,modified,1,lib/matplotlib/legend.py,lib/matplotlib/legend.py,517,6,518,9,,517 518 519 520 521 522,519,sha256:273bd319cddfbff77170c69532b9d8b63939540879bc9301bc93db885ab9e3ed,,,,,
sha256:3e44fdebd4b999c30f509a25c0b9dc664ed62d74d6d40e149e027099a9f87a4a,matplotlib__matplotlib-25281,matplotlib/matplotlib,5aee26d0a52c237c5b4fafcb843e392907ab45b3,lib/matplotlib/legend.py,mapped,insertion_anchor_containment,0.8,,sha256:f95bd82d8fb7992dd72d76c9a7c0d8a47b4411e85f98b041c12dc173e497e03c,Legend.__init__,method,345,4,656,67,modified,2,lib/matplotlib/legend.py,lib/matplotlib/legend.py,535,6,539,19,,535 536 537 538 539 540,537,sha256:273bd319cddfbff77170c69532b9d8b63939540879bc9301bc93db885ab9e3ed,,,,,
sha256:73bc8cfeee5df88e20765a3a16f5a3852b5bc33e07167bc8913f893232471e60,matplotlib__matplotlib-25404,matplotlib/matplotlib,b51a227058e16cdbc56890f49e3a0888ea02b9d2,lib/matplotlib/widgets.py,mapped,modified_line_containment,1.0,,sha256:03438d7d94c9b760aca513510af544231bbc3c21d5836ee4b5d23bc965ecbc10,_SelectorWidget.set_props,method,2458,4,2468,33,modified,0,lib/matplotlib/widgets.py,lib/matplotlib/widgets.py,2457,15,2457,16,2460 2461 2468,2457 2458 2459 2462 2463 2464 2465 2466 2467 2469 2470 2471,2462,sha256:0c013395a19ef9b5cf5779d73f08f010ec8c65c7705a796c0e72daac7aeba135,,,,,
sha256:581f14a3bfd670e8c25154394616dede72352f11715d6c386584f79c69e96890,matplotlib__matplotlib-25404,matplotlib/matplotlib,b51a227058e16cdbc56890f49e3a0888ea02b9d2,lib/matplotlib/widgets.py,mapped,modified_line_containment,1.0,,sha256:4aa09656e573a2aefb31c62b39ea1e96cba01b4e5dd89b8c40b40fe8ad2b3085,SpanSelector.__init__,method,2633,4,2687,27,modified,1,lib/matplotlib/widgets.py,lib/matplotlib/widgets.py,2658,7,2659,6,2661,2658 2659 2660 2662 2663 2664,,sha256:0c013395a19ef9b5cf5779d73f08f010ec8c65c7705a796c0e72daac7aeba135,,,,,
sha256:b85edd01272bd1121d7e272bb4ab67e6b9ca8f0880e7da23ae6cd24d5eecfc8f,matplotlib__matplotlib-25404,matplotlib/matplotlib,b51a227058e16cdbc56890f49e3a0888ea02b9d2,lib/matplotlib/widgets.py,mapped,modified_line_containment,1.0,,sha256:4aa09656e573a2aefb31c62b39ea1e96cba01b4e5dd89b8c40b40fe8ad2b3085,SpanSelector.__init__,method,2633,4,2687,27,modified,2,lib/matplotlib/widgets.py,lib/matplotlib/widgets.py,2670,7,2670,7,2673,2670 2671 2672 2674 2675 2676,2674,sha256:0c013395a19ef9b5cf5779d73f08f010ec8c65c7705a796c0e72daac7aeba135,,,,,
sha256:80c7b1b4905b62775df2ec7550776fea734770a7ae50f46cc85392c85f3f289c,matplotlib__matplotlib-25404,matplotlib/matplotlib,b51a227058e16cdbc56890f49e3a0888ea02b9d2,lib/matplotlib/widgets.py,mapped,modified_line_containment,1.0,,sha256:2a6ce09526eeef444056c2e618cc196d7eb0313ea42a75f79b39c37d6a55c695,SpanSelector.new_axes,method,2689,4,2714,44,modified,3,lib/matplotlib/widgets.py,lib/matplotlib/widgets.py,2686,7,2686,7,2689,2686 2687 2688 2690 2691 2692,2690,sha256:0c013395a19ef9b5cf5779d73f08f010ec8c65c7705a796c0e72daac7aeba135,,,,,
sha256:6df8abe0225eff020dd8e37c13a298596a3030656b1f1345a3279236e00d30f2,matplotlib__matplotlib-25404,matplotlib/matplotlib,b51a227058e16cdbc56890f49e3a0888ea02b9d2,lib/matplotlib/widgets.py,mapped,modified_line_containment,1.0,,sha256:2a6ce09526eeef444056c2e618cc196d7eb0313ea42a75f79b39c37d6a55c695,SpanSelector.new_axes,method,2689,4,2714,44,modified,4,lib/matplotlib/widgets.py,lib/matplotlib/widgets.py,2705,10,2705,11,2708 2709 2710 2711,2705 2706 2707 2712 2713 2714,2712,sha256:0c013395a19ef9b5cf5779d73f08f010ec8c65c7705a796c0e72daac7aeba135,,,,,
sha256:7e37a52ab3a226771b474be5b2eff1aed07cfec39d6798d0fce56294e9accbc1,matplotlib__matplotlib-25404,matplotlib/matplotlib,b51a227058e16cdbc56890f49e3a0888ea02b9d2,lib/matplotlib/widgets.py,mapped,modified_line_containment,1.0,,sha256:44b18a670cb13b65771152db3a77bf12a522eb43a268e8e23db379c7cfe5f508,RectangleSelector.__init__,method,3267,4,3331,37,modified,5,lib/matplotlib/widgets.py,lib/matplotlib/widgets.py,3287,9,3288,9,3290 3291 3292,3287 3288 3289 3293 3294 3295,3293,sha256:0c013395a19ef9b5cf5779d73f08f010ec8c65c7705a796c0e72daac7aeba135,,,,,
sha256:332862cffec70039e1aefb2a61b5886eaabc9ba0d9dcebf3ffcce0945d67d7f8,matplotlib__matplotlib-25404,matplotlib/matplotlib,b51a227058e16cdbc56890f49e3a0888ea02b9d2,lib/matplotlib/widgets.py,mapped,modified_line_containment,1.0,,sha256:44b18a670cb13b65771152db3a77bf12a522eb43a268e8e23db379c7cfe5f508,RectangleSelector.__init__,method,3267,4,3331,37,modified,6,lib/matplotlib/widgets.py,lib/matplotlib/widgets.py,3305,8,3306,7,3308 3309,3305 3306 3307 3310 3311 3312,3310,sha256:0c013395a19ef9b5cf5779d73f08f010ec8c65c7705a796c0e72daac7aeba135,,,,,
sha256:87da4cb84249ee411d12e87b9388509b947ab7e5f2b5e61924ec6a16fcc37d7a,matplotlib__matplotlib-25404,matplotlib/matplotlib,b51a227058e16cdbc56890f49e3a0888ea02b9d2,lib/matplotlib/widgets.py,mapped,modified_line_containment,1.0,,sha256:6ef79194e049dae1a3c3b62c28b8de5eefc188d59b64d0fb43d08716a22be43e,PolygonSelector.__init__,method,3923,4,3967,35,modified,7,lib/matplotlib/widgets.py,lib/matplotlib/widgets.py,3942,13,3942,13,3945 3946 3951,3942 3943 3944 3947 3948 3949 3950 3952 3953 3954,3947,sha256:0c013395a19ef9b5cf5779d73f08f010ec8c65c7705a796c0e72daac7aeba135,,,,,
sha256:6a15f742c090cfc6ab7c93e8d6e04d8d71e65a7e84f8f39ac7cc0d69dfa1946d,matplotlib__matplotlib-26341,matplotlib/matplotlib,2aee6ccd7c7e1f8d282c1e7579f4ee546b838542,lib/matplotlib/axes/_base.py,mapped,module_level,1.0,,sha256:d7689f49e9abcd22542cd9724a625a00ff18f34dcb40903098b1b02434c312bb,<module>,module,5,0,5,0,modified,0,lib/matplotlib/axes/_base.py,lib/matplotlib/axes/_base.py,2,7,2,6,5,2 3 4 6 7 8,,sha256:cc30e06e9c4bc5ff197516196a0830f2ffad27d1b74555c6734b3db29edcfcc8,,,,,
sha256:c975ca88a1616e585f3b026cfd6d6117c6881c9af31e71741dc33c626bc820f4,matplotlib__matplotlib-26341,matplotlib/matplotlib,2aee6ccd7c7e1f8d282c1e7579f4ee546b838542,lib/matplotlib/axes/_base.py,mapped,modified_line_containment,1.0,,sha256:b3e8aa075db4c084131a9fb911a2e936f5f17530565da9bc608bee7156d7db0a,_process_plot_var_args.__getstate__,method,227,4,229,40,modified,1,lib/matplotlib/axes/_base.py,lib/matplotlib/axes/_base.py,224,18,223,11,227 228 229,224 225 226 235 236 237 239 240 241,239,sha256:cc30e06e9c4bc5ff197516196a0830f2ffad27d1b74555c6734b3db29edcfcc8,,,,,
sha256:cc539c7151003ab92d34c302fb2ced5e65ade29016b8c9f618cb70923566f62e,matplotlib__matplotlib-26341,matplotlib/matplotlib,2aee6ccd7c7e1f8d282c1e7579f4ee546b838542,lib/matplotlib/axes/_base.py,mapped,modified_line_containment,1.0,,sha256:a36e6105b1cf21d10c1372b54a7d02d43492c8f6138048a0b14ae32bfb8886db,_process_plot_var_args,class,211,0,544,41,modified,1,lib/matplotlib/axes/_base.py,lib/matplotlib/axes/_base.py,224,18,223,11,230 234,224 225 226 235 236 237 239 240 241,239,sha256:cc30e06e9c4bc5ff197516196a0830f2ffad27d1b74555c6734b3db29edcfcc8,,,,,
sha256:a7510be6f27245bb0cee14de2c26c143907000fbced849c043d79556ef75963e,matplotlib__matplotlib-26341,matplotlib/matplotlib,2aee6ccd7c7e1f8d282c1e7579f4ee546b838542,lib/matplotlib/axes/_base.py,mapped,modified_line_containment,1.0,,sha256:6a8e2cd0183fe0995d498b9e4ebeef31ecbb990a5d1cecd1394e0fbf493f20f5,_process_plot_var_args.__setstate__,method,231,4,233,33,modified,1,lib/matplotlib/axes/_base.py,lib/matplotlib/axes/_base.py,224,18,223,11,231 232 233,224 225 226 235 236 237 239 240 241,239,sha256:cc30e06e9c4bc5ff197516196a0830f2ffad27d1b74555c6734b3db29edcfcc8,,,,,
sha256:d28526dda49725c88f10dfa7574a684221abd6474e7ddbfbaf0942b9b3590fc5,matplotlib__matplotlib-26341,matplotlib/matplotlib,2aee6ccd7c7e1f8d282c1e7579f4ee546b838542,lib/matplotlib/axes/_base.py,mapped,modified_line_containment,1.0,,sha256:5942a3bd547f8d6364ece1090e9a21214e44cf07651b8fedaa63911ac71e7b43,_process_plot_var_args.set_prop_cycle,method,235,4,239,37,modified,1,lib/matplotlib/axes/_base.py,lib/matplotlib/axes/_base.py,224,18,223,11,238,224 225 226 235 236 237 239 240 241,239,sha256:cc30e06e9c4bc5ff197516196a0830f2ffad27d1b74555c6734b3db29edcfcc8,,,,,
sha256:b709fe14afdc02a211034671a1ae8f269eb06b62b9f32f6ccaa54440aae31518,matplotlib__matplotlib-26341,matplotlib/matplotlib,2aee6ccd7c7e1f8d282c1e7579f4ee546b838542,lib/matplotlib/axes/_base.py,mapped,modified_line_containment,1.0,,sha256:2021d50c2af22578eae88dc37beaefd54224c70338bdb1c44ffad5717e8d2443,_process_plot_var_args.get_next_color,method,314,4,318,46,modified,2,lib/matplotlib/axes/_base.py,lib/matplotlib/axes/_base.py,315,7,307,9,318,315 316 317 319 320 321,319,sha256:cc30e06e9c4bc5ff197516196a0830f2ffad27d1b74555c6734b3db29edcfcc8,,,,,
sha256:7f4c4487a721bced0a69327eae956a3c3fe4e7238f210143cf06a5dc976cae4d,matplotlib__matplotlib-26341,matplotlib/matplotlib,2aee6ccd7c7e1f8d282c1e7579f4ee546b838542,lib/matplotlib/axes/_base.py,mapped,modified_line_containment,1.0,,sha256:a81df26aa7cf5e9ec106acc375ad63b735b18b11fef6a88d9ea9d7d265d3dde9,_process_plot_var_args._getdefaults,method,320,4,336,27,modified,3,lib/matplotlib/axes/_base.py,lib/matplotlib/axes/_base.py,328,7,322,8,331,328 329 330 332 333 334,332,sha256:cc30e06e9c4bc5ff197516196a0830f2ffad27d1b74555c6734b3db29edcfcc8,,,,,
sha256:51f2c2814a3fb83a6de11f141df16d3f5dd7dedd44397d33696317dcf2c5213a,matplotlib__matplotlib-26341,matplotlib/matplotlib,2aee6ccd7c7e1f8d282c1e7579f4ee546b838542,lib/matplotlib/sankey.py,mapped,modified_line_containment,1.0,,sha256:be56776f93978c91d5af8cb31ecb1e44facade4def021c7d655246e55049b985,Sankey.add,method,350,4,776,19,modified,0,lib/matplotlib/sankey.py,lib/matplotlib/sankey.py,723,7,723,7,726,723 724 725 727 728 729,727,sha256:cc30e06e9c4bc5ff197516196a0830f2ffad27d1b74555c6734b3db29edcfcc8,,,,,
sha256:aaa1b72f2d5d07d9faddfec1e52d5c9757f0d75fa6d6371375359c0086e84096,mwaskom__seaborn-2389,mwaskom/seaborn,bcdac5411a1b71ff8d4a2fd12a937c129513e79e,seaborn/matrix.py,mapped,modified_line_containment,1.0,,sha256:8bf2ce14eadd68cc01cf3007952eff6215e02a73ae9fd0e51d4f28c17dab6fa2,_convert_colors,function,39,0,56,57,modified,0,seaborn/matrix.py,seaborn/matrix.py,38,22,38,15,41 42 43 44 45 46 47 48 49 50 51 52 53 54 55 56,38 39 40 57 58 59,57,sha256:8c963cd941894c696827496053b08c1a4ab573feab13352bb16088a683c91fb4,,,,,
sha256:f74f56b4cd6bd15c95e7fad515cdcffdac68e420850ed3e3e733e4ab39b18e46,mwaskom__seaborn-2389,mwaskom/seaborn,bcdac5411a1b71ff8d4a2fd12a937c129513e79e,seaborn/matrix.py,mapped,modified_line_containment,1.0,,sha256:3f750c87e20e3a0b13400bfe5724983fc1030df0bb4655a8b2369941c734c5e6,_HeatMapper,class,96,0,353,44,modified,1,seaborn/matrix.py,seaborn/matrix.py,93,7,86,7,96,93 94 95 97 98 99,97,sha256:8c963cd941894c696827496053b08c1a4ab573feab13352bb16088a683c91fb4,,,,,
sha256:66e27b0a3719ad8d50223b04e51a664457405caaaa3aa8124afdd1b6651490e9,mwaskom__seaborn-2389,mwaskom/seaborn,bcdac5411a1b71ff8d4a2fd12a937c129513e79e,seaborn/matrix.py,mapped,modified_line_containment,1.0,,sha256:4f878a05d55c1aecc685c708397bcb1150d1909dba9d6db544f98a3d699d386f,_HeatMapper.__init__,method,99,4,192,67,modified,2,seaborn/matrix.py,seaborn/matrix.py,132,9,125,6,135 136 137,132 133 134 138 139 140,,sha256:8c963cd941894c696827496053b08c1a4ab573feab13352bb16088a683c91fb4,,,,,
sha256:b8dd48c7fe2fba48df5c43aed6dfb23105a1477043af0c9896cacc555d0fef05,mwaskom__seaborn-2389,mwaskom/seaborn,bcdac5411a1b71ff8d4a2fd12a937c129513e79e,seaborn/matrix.py,mapped,modified_line_containment,1.0,,sha256:37efbdcfc68bd260daa21411533a85fc1df74bf1ec6fbabf29298ffb21bc39a0,ClusterGrid._preprocess_colors,method,869,4,909,29,modified,3,seaborn/matrix.py,seaborn/matrix.py,889,9,879,9,892 894,889 890 891 893 895 896 897,893,sha256:8c963cd941894c696827496053b08c1a4ab573feab13352bb16088a683c91fb4,,,,,
sha256:ede25b6013edbd8bfafc6098a27a19e1614c16bbf3b05f8e5a5ff9db39086228,mwaskom__seaborn-2813,mwaskom/seaborn,60e58eb07e4448694ca25e887684d39d5138babd,seaborn/_statistics.py,mapped,insertion_anchor_containment,0.8,,sha256:39ec433d2546682c4a39654539d66157e8897f69d2d59aaeddf35c9558ab7e0f,Histogram._define_bin_edges,method,252,4,268,24,modified,0,seaborn/_statistics.py,seaborn/_statistics.py,261,6,261,9,,261 262 263 264 265 266,263,sha256:a4d1a6c1cb9fa07e040f3119f1d2f7f829444a66f09006cbf527d5945171b50c,,,,,
sha256:2679278f033a15aa41bb24c86aeebe098b42f9697e36df53fc31c96dd17881c1,mwaskom__seaborn-2813,mwaskom/seaborn,60e58eb07e4448694ca25e887684d39d5138babd,seaborn/axisgrid.py,mapped,modified_line_containment,1.0,,sha256:ca5b147b63c477bc7f0241f7f58beaf5a7a0ff3ff8a63b4cc5cfe044748348c2,pairplot,function,1975,0,2146,15,modified,0,seaborn/axisgrid.py,seaborn/axisgrid.py,2098,7,2098,7,2101,2098 2099 2100 2102 2103 2104,2102,sha256:a4d1a6c1cb9fa07e040f3119f1d2f7f829444a66f09006cbf527d5945171b50c,,,,,
sha256:a410439dbe2d7abb46c8cb2da4562e7a43f9b7218c04bf01c80579df26092f4d,mwaskom__seaborn-2813,mwaskom/seaborn,60e58eb07e4448694ca25e887684d39d5138babd,seaborn/regression.py,mapped,modified_line_containment,1.0,,sha256:20a1b634b6d78963d826533171f5113769abaa9ed739b2b89121884836251e06,lmplot,function,558,0,646,17,modified,0,seaborn/regression.py,seaborn/regression.py,618,7,618,7,621,618 619 620 622 623 624,622,sha256:a4d1a6c1cb9fa07e040f3119f1d2f7f829444a66f09006cbf527d5945171b50c,,,,,
sha256:b0454fe3fbadd0043d46662fac61dbb7c4e51276d76db0c9f0a79f174488a7ef,mwaskom__seaborn-2853,mwaskom/seaborn,a674a83cc894b5941a86d4c51ba2e57c632882c1,seaborn/regression.py,mapped,insertion_anchor_containment,0.8,,sha256:7a901a9a9ecd9d1e047086902f2ea49835d3b864b3e990ce3ccd6890cd20b9d8,_RegressionPlotter.scatterplot,method,376,4,406,37,modified,0,seaborn/regression.py,seaborn/regression.py,396,6,396,8,,396 397 398 399 400 401,398,sha256:730b8283c9f6c205e69d5ac522e3be712880c9911bc22aabb255bf36e2266a6b,,,,,
sha256:6c4b294f1c74391830d456006251f0901d966677742d89133bf13e524de13166,mwaskom__seaborn-2979,mwaskom/seaborn,ebc4bfe9f8bf5c4ff10b14da8a49c8baa1ba76d0,seaborn/_core/plot.py,mapped,modified_line_containment,1.0,,sha256:c59e0709aef4a99354c7a78f1d9ce5fddd93eb4a340813aa1a579a2fe7e60111,Plotter._setup_figure,method,894,4,987,48,modified,0,seaborn/_core/plot.py,seaborn/_core/plot.py,943,8,943,11,946,943 944 945 947 948 949 950,947,sha256:6566cc1f4a6f8392f4b530bec06efd6371394df92195fee56cb6c4cf149aa1e2,,,,,
sha256:ff8a41ff1818422943a2db96c1c3788d4911c28b9938d353e0f31807b6f5f9eb,mwaskom__seaborn-2979,mwaskom/seaborn,ebc4bfe9f8bf5c4ff10b14da8a49c8baa1ba76d0,seaborn/_core/plot.py,mapped,modified_line_containment,1.0,,sha256:868b2d5f22d49a5664cc043b2f3c21ddbaddbb788894af324ffec3935582b491,Plotter._setup_scales,method,1080,4,1198,46,modified,1,seaborn/_core/plot.py,seaborn/_core/plot.py,1149,7,1152,7,1152,1149 1150 1151 1153 1154 1155,1153,sha256:6566cc1f4a6f8392f4b530bec06efd6371394df92195fee56cb6c4cf149aa1e2,,,,,
sha256:4f468b25a4bc06e94dc11cb9acb3bd9a9c3ac5cf41fe8dabcc989ff8d600848a,mwaskom__seaborn-2979,mwaskom/seaborn,ebc4bfe9f8bf5c4ff10b14da8a49c8baa1ba76d0,seaborn/_core/subplots.py,mapped,modified_line_containment,1.0,,sha256:b65e1c2c3b901fd5f21298a1ed579040c380e6e7a6db8caf0a1329df6df4392d,Subplots.__init__,method,32,4,45,47,modified,0,seaborn/_core/subplots.py,seaborn/_core/subplots.py,30,9,30,8,33 35,30 31 32 34 36 37 38,36,sha256:6566cc1f4a6f8392f4b530bec06efd6371394df92195fee56cb6c4cf149aa1e2,,,,,
sha256:c5cff29b8cad79330820c744a26176ade5502ee28331e40fc33f5e14ffd4e242,mwaskom__seaborn-2979,mwaskom/seaborn,ebc4bfe9f8bf5c4ff10b14da8a49c8baa1ba76d0,seaborn/_core/subplots.py,mapped,modified_line_containment,1.0,,sha256:62a2434f39781d91d4b6557f9e16dafb260b54bef5218fed2a32e0b5d1063e9d,Subplots._determine_axis_sharing,method,122,4,141,44,modified,1,seaborn/_core/subplots.py,seaborn/_core/subplots.py,130,7,129,7,133,130 131 132 134 135 136,134,sha256:6566cc1f4a6f8392f4b530bec06efd6371394df92195fee56cb6c4cf149aa1e2,,,,,
sha256:9ae3111f893dbc055723765523be6a1a598fea319cbe2c7b2cbc6a10fa9ab212,mwaskom__seaborn-3187,mwaskom/seaborn,22cdfb0c93f8ec78492d87edb810f10cb7f57a31,seaborn/_core/scales.py,mapped,insertion_anchor_containment,0.8,,sha256:7f622d71feedd86aaa0021b3a38068a8f37f914f3ce8425695c6b0fd108d582c,ContinuousBase._setup,method,322,4,384,18,modified,0,seaborn/_core/scales.py,seaborn/_core/scales.py,378,6,378,14,,378 379 380 381 382 383,380,sha256:578f98370810261561a8936dd7202e8c6644ef8d9ae52a54578a680f3cb4fc1f,,,,,
sha256:4e21629e91c90dd9062612d81c7405784da31fbf929dd9336f6f7e0e60fd2dfc,mwaskom__seaborn-3187,mwaskom/seaborn,22cdfb0c93f8ec78492d87edb810f10cb7f57a31,seaborn/utils.py,mapped,insertion_anchor_containment,0.8,,sha256:a3359f949c262dbd7d489ec87ea1b0d8e200453909af8713687069453a2e4ccd,locator_to_legend_entries,function,687,0,710,39,modified,0,seaborn/utils.py,seaborn/utils.py,699,6,699,10,,699 700 701 702 703 704,701,sha256:578f98370810261561a8936dd7202e8c6644ef8d9ae52a54578a680f3cb4fc1f,,,,,
sha256:93230b17a92fe530bea4c388b709aa24fb0adc1855ba5d39958274ce7e3d3324,pallets__flask-4169,pallets/flask,66d9d4fa8d07dd50e4cb3036a9ae5f92c4693b84,src/flask/cli.py,mapped,modified_line_containment,1.0,,sha256:03ff400a150c86560e4a7e0c8bb5548bf4e4249df279a445e9864e0d21506a0b,DispatchingApp.__init__,method,311,4,323,38,modified,0,src/flask/cli.py,src/flask/cli.py,312,7,312,7,315,312 313 314 316 317 318,316,sha256:55b454613c216e69d95791ca67db720d986b44100da5e458a966f39d0c53f062,,,,,
sha256:b4a79fa230caa2c4513cc051080266f812ef9852c3d3766ce65f37ce31dac7d5,pallets__flask-4169,pallets/flask,66d9d4fa8d07dd50e4cb3036a9ae5f92c4693b84,src/flask/cli.py,mapped,modified_line_containment,1.0,,sha256:f9dfab1a41c182f76c46fa38e32e14c4ab2e8f24f9b4adc4ff0d55852320da48,DispatchingApp._load_in_background.<locals>._load_app,function,326,8,332,62,modified,1,src/flask/cli.py,src/flask/cli.py,328,23,328,24,331 332,328 329 330 333 334 335 336 337 338 343 344 345 346 348 349 350,333,sha256:55b454613c216e69d95791ca67db720d986b44100da5e458a966f39d0c53f062,,,,,
sha256:6c8a72f0b9bac0223767122f050e47679ef3ae6f2e0c34237b628febcb7903ec,pallets__flask-4169,pallets/flask,66d9d4fa8d07dd50e4cb3036a9ae5f92c4693b84,src/flask/cli.py,mapped,modified_line_containment,1.0,,sha256:d871225264d3a9b48dfe3877551386ab78bb3b526204e390802d62aea5b7fa45,DispatchingApp._flush_bg_loading_exception,method,337,4,342,26,modified,1,src/flask/cli.py,src/flask/cli.py,328,23,328,24,339 340 341 342,328 329 330 333 334 335 336 337 338 343 344 345 346 348 349 350,333,sha256:55b454613c216e69d95791ca67db720d986b44100da5e458a966f39d0c53f062,,,,,
sha256:ba009569d006cd6b03b206093f6fb6c85cf67cc546e91768010df3bc1de1e5fb,pallets__flask-4169,pallets/flask,66d9d4fa8d07dd50e4cb3036a9ae5f92c4693b84,src/flask/cli.py,mapped,modified_line_containment,1.0,,sha256:ed728ca51087a49d9c1f5e69afa62d4c9442bc2a4c28f994883102b9088d9699,DispatchingApp._load_unlocked,method,344,4,348,17,modified,1,src/flask/cli.py,src/flask/cli.py,328,23,328,24,347,328 329 330 333 334 335 336 337 338 343 344 345 346 348 349 350,333,sha256:55b454613c216e69d95791ca67db720d986b44100da5e458a966f39d0c53f062,,,,,
sha256:ced6f31a78dd336daad70ec8b3d9a6eed30013bad25cbcb1d8720f3df32131ca,pallets__flask-4544,pallets/flask,dba2be9311d2abfd1b973c6bb578f416ee771fda,src/flask/cli.py,mapped,modified_line_containment,1.0,,sha256:a8de1e54a3e95e3aaac7ec3f9a511dfa54032da243ef847aabd76ce287cfe9e2,run_command,function,762,0,861,5,modified,0,src/flask/cli.py,src/flask/cli.py,763,7,763,10,766,763 764 765 767 768 769,767,sha256:05d3d69f3c167d23249082a3a787f4eeb4d450c82846e5757b44e10d8aa88db1,,,,,
sha256:5082ae7f0adf7d4f2a8b428b31c89a5603c0767ab970a3d14ab0b48dd445e2db,pallets__flask-4642,pallets/flask,97298e06fe19298c3ff9d2e0ed9ba70bb3fda2c8,src/flask/app.py,mapped,module_level,0.8,,sha256:f6677911846bfcb8b72a202db3ee764797259852a23c08a037176053e8c84733,<module>,module,12,0,12,0,modified,0,src/flask/app.py,src/flask/app.py,10,6,10,7,,10 11 12 13 14 15,12,sha256:591ac4027fe23bdc3cd5752c7476a08b5c333cf084b21c247db928265ba2c63d,,,,,
sha256:96766ca75bf0eb879cd1e8742a472b78e1817687fbb6935cf7164d41446af0d7,pallets__flask-4642,pallets/flask,97298e06fe19298c3ff9d2e0ed9ba70bb3fda2c8,src/flask/app.py,mapped,module_level,0.8,,sha256:f6677911846bfcb8b72a202db3ee764797259852a23c08a037176053e8c84733,<module>,module,25,0,25,0,modified,1,src/flask/app.py,src/flask/app.py,23,6,24,7,,23 24 25 26 27 28,25,sha256:591ac4027fe23bdc3cd5752c7476a08b5c333cf084b21c247db928265ba2c63d,,,,,
sha256:1e78d6995fdea9863401f2ef824b175f6a1cb0068c2259f4a6ce21fe381f08be,pallets__flask-4642,pallets/flask,97298e06fe19298c3ff9d2e0ed9ba70bb3fda2c8,src/flask/app.py,mapped,modified_line_containment,1.0,,sha256:6572869dbd161934f6390480be19d2a4db68f816dfe946213125286e04ce1d6d,Flask.run,method,846,4,966,43,modified,2,src/flask/app.py,src/flask/app.py,908,12,910,18,911 912 914 916,908 909 910 913 915 917 918 919,913,sha256:591ac4027fe23bdc3cd5752c7476a08b5c333cf084b21c247db928265ba2c63d,,,,,
sha256:bd7679fa8d2e40017edfa313ec3fdb31050170f369e5ff9c154cb437911699fd,pallets__flask-4642,pallets/flask,97298e06fe19298c3ff9d2e0ed9ba70bb3fda2c8,src/flask/cli.py,mapped,module_level,0.8,,sha256:d58ff710ec7380e93cdac5599090410721ce570fbf9a9b5c512d094bc4c87166,<module>,module,7,0,7,0,modified,0,src/flask/cli.py,src/flask/cli.py,5,12,5,14,,5 6 7 8 9 10 11 12 13 14 15 16,7,sha256:591ac4027fe23bdc3cd5752c7476a08b5c333cf084b21c247db928265ba2c63d,,,,,
sha256:7b0f34185ed08295c72d79b045f5a6cfa764e2ee000716189dc00ccce9fc04a0,pallets__flask-4642,pallets/flask,97298e06fe19298c3ff9d2e0ed9ba70bb3fda2c8,src/flask/cli.py,mapped,module_level,0.8,,sha256:d58ff710ec7380e93cdac5599090410721ce570fbf9a9b5c512d094bc4c87166,<module>,module,13,0,13,0,modified,0,src/flask/cli.py,src/flask/cli.py,5,12,5,14,,5 6 7 8 9 10 11 12 13 14 15 16,13,sha256:591ac4027fe23bdc3cd5752c7476a08b5c333cf084b21c247db928265ba2c63d,,,,,
sha256:26f6915e36598f1f791a621a16a82a5a23ea9625d0a7a350c4af6cfa904c9b22,pallets__flask-4642,pallets/flask,97298e06fe19298c3ff9d2e0ed9ba70bb3fda2c8,src/flask/cli.py,mapped,modified_line_containment,1.0,,sha256:15892c5c086c0676bba4e87b375ddf530c284e9ecf936758cfa6dd7519e8379d,DispatchingApp.__init__,method,269,4,281,38,modified,1,src/flask/cli.py,src/flask/cli.py,273,7,275,7,276,273 274 275 277 278 279,277,sha256:591ac4027fe23bdc3cd5752c7476a08b5c333cf084b21c247db928265ba2c63d,,,,,
sha256:30938cdf5a50334a71a597c10ff8cd5c6e9c6280dae53929ffaa4432254ebb23,pallets__flask-4642,pallets/flask,97298e06fe19298c3ff9d2e0ed9ba70bb3fda2c8,src/flask/cli.py,mapped,modified_line_containment,1.0,,sha256:854505125676eaf39c620aa700cf5cadd3b83f50aabb086a2b9584f7624366d0,FlaskGroup.__init__,method,466,4,490,44,modified,2,src/flask/cli.py,src/flask/cli.py,477,7,479,13,480,477 478 479 481 482 483,481,sha256:591ac4027fe23bdc3cd5752c7476a08b5c333cf084b21c247db928265ba2c63d,,,,,
sha256:1bc2445555e7588e9d9b9590572487f9ab744aa5cd8d19fdd7cc0e8cc4e952c1,pallets__flask-4642,pallets/flask,97298e06fe19298c3ff9d2e0ed9ba70bb3fda2c8,src/flask/cli.py,mapped,modified_line_containment,1.0,,sha256:aff3dba71364a781837493c0a9ee81e2b680e5f1e8f6984aedcd60540c2f958a,FlaskGroup.main,method,548,4,567,44,modified,3,src/flask/cli.py,src/flask/cli.py,545,26,553,22,548 549 550 551 552 553 554 558 559 560 561 565 566 567,545 546 547 555 556 557 562 563 564 568 569 570,555,sha256:591ac4027fe23bdc3cd5752c7476a08b5c333cf084b21c247db928265ba2c63d,,,,,
sha256:45a91f74849b2408b74095579acda1e421896f0a6d538d19ac58451d983b403b,pallets__flask-4642,pallets/flask,97298e06fe19298c3ff9d2e0ed9ba70bb3fda2c8,src/flask/cli.py,mapped,modified_line_containment,1.0,,sha256:f63ef42a829859a4a016b545636155dda34f53f7776935aa42e4fad2c61c2d4c,show_server_banner,function,636,0,662,64,modified,4,src/flask/cli.py,src/flask/cli.py,637,7,641,7,640,637 638 639 641 642 643,641,sha256:591ac4027fe23bdc3cd5752c7476a08b5c333cf084b21c247db928265ba2c63d,,,,,
sha256:4a9989900b85d0a4da51b89e75a9e40bdac8e5e7f8a5738428d1617e82ca154f,pallets__flask-4642,pallets/flask,97298e06fe19298c3ff9d2e0ed9ba70bb3fda2c8,src/flask/cli.py,mapped,modified_line_containment,1.0,,sha256:f63ef42a829859a4a016b545636155dda34f53f7776935aa42e4fad2c61c2d4c,show_server_banner,function,636,0,662,64,modified,5,src/flask/cli.py,src/flask/cli.py,653,10,657,10,656 659,653 654 655 657 658 660 661 662,657,sha256:591ac4027fe23bdc3cd5752c7476a08b5c333cf084b21c247db928265ba2c63d,,,,,
sha256:ece0c8b6da1ee2d948bd51b42427242e2cedd3c05f02ded722c112efb4425450,pallets__flask-4642,pallets/flask,97298e06fe19298c3ff9d2e0ed9ba70bb3fda2c8,src/flask/cli.py,mapped,module_level,0.8,,sha256:d58ff710ec7380e93cdac5599090410721ce570fbf9a9b5c512d094bc4c87166,<module>,module,965,0,965,0,modified,6,src/flask/cli.py,src/flask/cli.py,963,6,967,7,,963 964 965 966 967 968,965,sha256:591ac4027fe23bdc3cd5752c7476a08b5c333cf084b21c247db928265ba2c63d,,,,,
sha256:e0d8628ce81dc29524b5d3628a4058259450de396fbc6539a7fc539172a12009,pallets__flask-4642,pallets/flask,97298e06fe19298c3ff9d2e0ed9ba70bb3fda2c8,src/flask/cli.py,mapped,module_level,1.0,,sha256:d58ff710ec7380e93cdac5599090410721ce570fbf9a9b5c512d094bc4c87166,<module>,module,981,0,981,0,modified,7,src/flask/cli.py,src/flask/cli.py,978,7,983,7,981,978 979 980 982 983 984,982,sha256:591ac4027fe23bdc3cd5752c7476a08b5c333cf084b21c247db928265ba2c63d,,,,,
sha256:ff664ee044cbb7ccd85866ac6f1a26a3cc89478cd305bb1824a70edf2b796d50,pallets__flask-4642,pallets/flask,97298e06fe19298c3ff9d2e0ed9ba70bb3fda2c8,src/flask/debughelpers.py,mapped,module_level,1.0,,sha256:e733a65223244ee734f3d0f53cbc4251ffd22f63d3eb059dbc5c9cd8234f8f9f,<module>,module,1,0,3,0,modified,0,src/flask/debughelpers.py,src/flask/debughelpers.py,1,6,1,4,1 3,2 4 5 6,,sha256:591ac4027fe23bdc3cd5752c7476a08b5c333cf084b21c247db928265ba2c63d,,,,,
sha256:4de9e493e0c391359e0c492ec23a5bf9bb6776351a5544663138e26f6cb1be73,pallets__flask-4642,pallets/flask,97298e06fe19298c3ff9d2e0ed9ba70bb3fda2c8,src/flask/debughelpers.py,mapped,modified_line_containment,1.0,,sha256:3429d4c2409ca6096d793ba2dc81967198b7357fa6478605729c38a96013af4c,explain_ignored_app_run,function,164,0,174,9,modified,1,src/flask/debughelpers.py,src/flask/debughelpers.py,159,16,157,3,164 165 166 167 168 169 170 171 172 173 174,159 160 161,,sha256:591ac4027fe23bdc3cd5752c7476a08b5c333cf084b21c247db928265ba2c63d,,,,,
sha256:172a826ad649e0ba79f7965a4631d9e7be1ed968ddfa2fdb8ca64fe4ed1d47e8,pallets__flask-4642,pallets/flask,97298e06fe19298c3ff9d2e0ed9ba70bb3fda2c8,src/flask/debughelpers.py,mapped,module_level,1.0,,sha256:e733a65223244ee734f3d0f53cbc4251ffd22f63d3eb059dbc5c9cd8234f8f9f,<module>,module,162,0,163,0,modified,1,src/flask/debughelpers.py,src/flask/debughelpers.py,159,16,157,3,162 163,159 160 161,,sha256:591ac4027fe23bdc3cd5752c7476a08b5c333cf084b21c247db928265ba2c63d,,,,,
sha256:0aa1a4d2e6d59dbe7e75535bd0cbed4d3c509d1b5b3363f628dbbcbecbd9dee3,pallets__flask-5014,pallets/flask,7ee9ceb71e868944a46e1ff00b506772a53a4f1d,src/flask/blueprints.py,mapped,insertion_anchor_containment,0.8,,sha256:96e0f88e35fdcdc28577a72c20df58d3767433f0bd68e1b35d022dcfbe6482fb,Blueprint.__init__,method,172,4,206,65,modified,0,src/flask/blueprints.py,src/flask/blueprints.py,190,6,190,9,,190 191 192 193 194 195,192,sha256:087d51d66413bfa35111ac0eca31f1db1636572702cfd967c428049b453f451d,,,,,
sha256:8f153cc4412474c19104130f51fc173b00cc74da92e944053b7fd97fbed3f26f,pallets__flask-5063,pallets/flask,182ce3dd15dfa3537391c3efaf9c3ff407d134d4,src/flask/cli.py,mapped,module_level,1.0,,sha256:6b947fe996b973fb462fe4713f4e90f5988becab2bf51b83bace7e3a458b8a54,<module>,module,12,0,12,0,modified,0,src/flask/cli.py,src/flask/cli.py,9,7,9,7,12,9 10 11 13 14 15,13,sha256:f9c1ef426acac91e34d551f80f34dfe27fc124ac316af71d70eec1764b4a6497,,,,,
sha256:1834d41efb76e7eac3278e80ab2682a7cb72d1f59ac19203c056f4b124ad68a8,pallets__flask-5063,pallets/flask,182ce3dd15dfa3537391c3efaf9c3ff407d134d4,src/flask/cli.py,mapped,modified_line_containment,1.0,,sha256:f2dec7231ca999b14792e86930284be5a7f0c47dbc6653d3aa71b19e03df568e,routes_command,function,988,0,1034,74,modified,1,src/flask/cli.py,src/flask/cli.py,989,49,989,62,992 995 996 1003 1009 1011 1012 1013 1014 1016 1017 1018 1019 1021 1022 1023 1024 1025 1026 1027 1028 1030 1031 1033 1034,989 990 991 993 994 997 998 999 1000 1001 1002 1004 1005 1006 1007 1008 1010 1015 1020 1029 1032 1035 1036 1037,993,sha256:f9c1ef426acac91e34d551f80f34dfe27fc124ac316af71d70eec1764b4a6497,,,,,
sha256:14b3bfe5c6bc637432f1f8f5eb54309ceb4ad3ea8f8fb382a9e84d5c3ae84720,psf__requests-1768,psf/requests,847735553aeda6e6633f2b32e14ba14ba86887a4,requests/utils.py,mapped,module_level,1.0,,sha256:132814f63e6fd0ac19d55823ab0469dd1a3e0504a036ce4ccdfdaae4ad2e79d6,<module>,module,24,0,25,0,modified,0,requests/utils.py,requests/utils.py,21,8,21,8,24 25,21 22 23 26 27 28,26,sha256:0fecab56da0b8c7b9ab835770f0911e9d7b1ff5862227ce15b912a10ae6c011c,,,,,
sha256:baf7f17d42f5048feca5ab433feb51cd8d9e82b0cd456063dd025c1c4efdf1a8,psf__requests-1768,psf/requests,847735553aeda6e6633f2b32e14ba14ba86887a4,requests/utils.py,mapped,insertion_anchor_containment,0.8,,sha256:fafb2b7783f3882dcadb550c6665abb3c509a865c9ab202842851fbbf53b5d81,get_auth_from_url,function,557,0,564,23,modified,1,requests/utils.py,requests/utils.py,558,6,558,7,,558 559 560 561 562 563,560,sha256:0fecab56da0b8c7b9ab835770f0911e9d7b1ff5862227ce15b912a10ae6c011c,,,,,
sha256:4e93417d02e6f62f763cf5cd1c7b9f49f70631b9bd918a729ec6c86d7e34b399,psf__requests-1776,psf/requests,4bceb312f1b99d36a25f2985b5606e98b6f0d8cd,requests/auth.py,mapped,module_level,0.8,,sha256:e726186ceb7455354ce957ebec2e3e1477768f9a18f833c2fa50e31620bfb8f8,<module>,module,18,0,18,0,modified,0,requests/auth.py,requests/auth.py,16,6,16,7,,16 17 18 19 20 21,18,sha256:b523f16420da794e0bfb2ed13de62f50e76bf1187dd05ad3e632c6e29a68a23a,,,,,
sha256:0b72d22d4c4c73107e07fcbca5ba9cd7444f9e8899a2023b4929117a28c74e86,psf__requests-1776,psf/requests,4bceb312f1b99d36a25f2985b5606e98b6f0d8cd,requests/auth.py,mapped,modified_line_containment,1.0,,sha256:56718084dbae0702eaa13f382a39b83a77a85459ab4c194ff7e35a2ebde15186,HTTPDigestAuth.handle_401,method,151,4,183,16,modified,1,requests/auth.py,requests/auth.py,169,7,170,8,172,169 170 171 173 174 175,173,sha256:b523f16420da794e0bfb2ed13de62f50e76bf1187dd05ad3e632c6e29a68a23a,,,,,
sha256:aab3695c28ba908bd75bbf316deb4f4f1597c65827b768f6927728e6afacf7e6,psf__requests-1776,psf/requests,4bceb312f1b99d36a25f2985b5606e98b6f0d8cd,requests/models.py,mapped,insertion_anchor_containment,0.8,,sha256:f185dcd4c89d3926ed958fe3fc27beb050f18439fa46777906285feca9348fd0,PreparedRequest.__init__,method,266,4,276,36,modified,0,requests/models.py,requests/models.py,270,6,270,9,,270 271 272 273 274 275,272,sha256:b523f16420da794e0bfb2ed13de62f50e76bf1187dd05ad3e632c6e29a68a23a,,,,,
sha256:ff8dddb5e4502480723bae34bb6d2952aa44f7c352f96aca9b7bff8a9fc8f946,psf__requests-1776,psf/requests,4bceb312f1b99d36a25f2985b5606e98b6f0d8cd,requests/models.py,mapped,insertion_anchor_containment,0.8,,sha256:c57c0c80c8c0768262302a856670dad40846ff6ac8c9bdd9efe66e416ae7752f,PreparedRequest.copy,method,297,4,304,16,modified,1,requests/models.py,requests/models.py,299,6,302,7,,299 300 301 302 303 304,301,sha256:b523f16420da794e0bfb2ed13de62f50e76bf1187dd05ad3e632c6e29a68a23a,,,,,
sha256:93cba639f605239db0ef5696fce6a29654af2637ae81b42bf6f65e78eb6b93b4,psf__requests-1776,psf/requests,4bceb312f1b99d36a25f2985b5606e98b6f0d8cd,requests/models.py,mapped,modified_line_containment,1.0,,sha256:f1e8a68ac3de0e6fbb81c3abfa2ce581bb21b2b6b7f9645313f4663176d1d9bb,PreparedRequest.prepare_cookies,method,473,4,484,54,modified,2,requests/models.py,requests/models.py,474,14,478,13,477 479 481 482 483 484,474 475 476 478 480 485 486 487,478,sha256:b523f16420da794e0bfb2ed13de62f50e76bf1187dd05ad3e632c6e29a68a23a,,,,,
sha256:5f006c320ddd41c90ccb657d61352a704f1b1264ffab8964141cbfc491a4ff8c,psf__requests-1776,psf/requests,4bceb312f1b99d36a25f2985b5606e98b6f0d8cd,requests/sessions.py,mapped,modified_line_containment,1.0,,sha256:99969623fddfde69c8cd5bff85c14d2009b40d2565ea4b625ed4f830708c51e6,SessionRedirectMixin.resolve_redirects,method,86,4,171,22,modified,0,requests/sessions.py,requests/sessions.py,153,7,153,9,156,153 154 155 157 158 159,157,sha256:b523f16420da794e0bfb2ed13de62f50e76bf1187dd05ad3e632c6e29a68a23a,,,,,
sha256:47955a7ef8ba44a86478ed6fd1e28781782db9e2bf01f3ac2062e628376938bc,psf__requests-1776,psf/requests,4bceb312f1b99d36a25f2985b5606e98b6f0d8cd,requests/sessions.py,mapped,modified_line_containment,1.0,,sha256:6bdfd1cf0f58106a63f981896abd170be7ff534fdb0c20d6df9f9882d1b805e4,Session.request,method,288,4,385,19,modified,1,requests/sessions.py,requests/sessions.py,345,9,347,6,348 349 350,345 346 347 351 352 353,,sha256:b523f16420da794e0bfb2ed13de62f50e76bf1187dd05ad3e632c6e29a68a23a,,,,,
sha256:7926adc593a5c9f1f557d85c0867f3ece5972153a0ab88bc7cb9873226469dc9,psf__requests-2317,psf/requests,091991be0da19de9108dbe5e3752917fea3d7fdc,requests/sessions.py,mapped,module_level,1.0,,sha256:5f8e9bcd92858a6b0e3f91be1f357d04ff166df6b6ea9063d171ae7dda73f17f,<module>,module,16,0,16,0,modified,0,requests/sessions.py,requests/sessions.py,13,7,13,7,16,13 14 15 17 18 19,17,sha256:e6f1e63850e2a5eefcfe6b4bbc6ba39038372415633a328ba7afea001fcbd50e,,,,,
sha256:4ec59421bf9482b09ad0f3eee083af265117692be237a3b6cfadf6110301d976,psf__requests-2317,psf/requests,091991be0da19de9108dbe5e3752917fea3d7fdc,requests/sessions.py,mapped,modified_line_containment,1.0,,sha256:a2672dfa7c82e14ddaffee585c65e6328db93dd6f16c8d1f4a6b0ecfe6d09c9c,Session.request,method,378,4,459,19,modified,1,requests/sessions.py,requests/sessions.py,425,7,425,7,428,425 426 427 429 430 431,429,sha256:e6f1e63850e2a5eefcfe6b4bbc6ba39038372415633a328ba7afea001fcbd50e,,,,,
sha256:315155402ea83e6582ae37440f99e53976743981abc28255f20cfc946d5ea459,psf__requests-2393,psf/requests,d2d576b6b1101e2871c82f63adf2c2b534c2dabc,requests/utils.py,mapped,modified_line_containment,1.0,,sha256:5f0542ea1d368ba2334ab533c50c199f742c1df601e22caaa62c88c82b97b868,requote_uri,function,415,0,424,70,modified,0,requests/utils.py,requests/utils.py,418,10,418,18,421 422 423 424,418 419 420 425 426 427,425,sha256:7d2c24a5ffcaccf34014c9dfa783bcef44091d44cc9a28cde3e2f03e2493e57b,,,,,
sha256:81289b4e56ed625a95da531bf13a30e2e31e2179d0d6c73a7e4ac6b52cf7a869,psf__requests-2873,psf/requests,4e89ba707714e3b58a46c2ed9e220cff8b7f1e6a,requests/utils.py,mapped,modified_line_containment,1.0,,sha256:769558cb903c21f82f308ec1288a6bf348bb91a6b6810fef7d45c1fa504f8b8a,super_len,function,50,0,82,32,modified,0,requests/utils.py,requests/utils.py,48,19,48,26,52 54 55 57 63,48 49 50 51 53 56 58 59 60 61 62 64 65 66,50,sha256:f501d0ea4a96110d19bbc54e4625190bb8e60d196b7997a68c165de65f67655f,,,,,
sha256:44ca35427ec72d4efb3e3b3c9360ad3ada0a4e72ec5c41c977956c39e0edd176,psf__requests-2873,psf/requests,4e89ba707714e3b58a46c2ed9e220cff8b7f1e6a,requests/utils.py,mapped,modified_line_containment,1.0,,sha256:769558cb903c21f82f308ec1288a6bf348bb91a6b6810fef7d45c1fa504f8b8a,super_len,function,50,0,82,32,modified,1,requests/utils.py,requests/utils.py,75,11,82,10,78 80 81 82,75 76 77 79 83 84 85,79,sha256:f501d0ea4a96110d19bbc54e4625190bb8e60d196b7997a68c165de65f67655f,,,,,
sha256:8418f8a2161a4fc373d736e42b32558e7991b1f35430892ecd22cb9ac9e146e7,pydata__xarray-3649,pydata/xarray,3cbc459caa010f9b5042d3fa312b66c9b2b6c403,xarray/core/combine.py,mapped,modified_line_containment,1.0,,sha256:8797ff01f7ef76f3d851ac87bba53f659d2f8444e5813127a93bbacd4da49886,_check_shape_tile_ids,function,118,0,141,13,modified,0,xarray/core/combine.py,xarray/core/combine.py,115,11,115,12,118 120 121 122,115 116 117 119 123 124 125,119,sha256:443200b16f92efb3dec1fa26a091bbafde8452ae7725a87ed9a815c8025a9971,,,,,
sha256:2d9fed6b5f7ae31101f98331ff503410844097b44f7e2f5a460b57f17d91a9c5,pydata__xarray-3649,pydata/xarray,3cbc459caa010f9b5042d3fa312b66c9b2b6c403,xarray/core/combine.py,mapped,modified_line_containment,1.0,,sha256:8797ff01f7ef76f3d851ac87bba53f659d2f8444e5813127a93bbacd4da49886,_check_shape_tile_ids,function,118,0,141,13,modified,1,xarray/core/combine.py,xarray/core/combine.py,128,8,129,13,132,128 129 130 131 133 134 135,130,sha256:443200b16f92efb3dec1fa26a091bbafde8452ae7725a87ed9a815c8025a9971,,,,,
sha256:6990eb35fa42c4d75282e5584ff4a95b9679cde2ade3acd982c8be7f14336ba7,pydata__xarray-3649,pydata/xarray,3cbc459caa010f9b5042d3fa312b66c9b2b6c403,xarray/core/combine.py,mapped,modified_line_containment,1.0,,sha256:bbe0b4509547c21ff74527b2fed0680b0fed22b9f9efbd165c20d66ac4fb3d07,combine_by_coords,function,472,0,698,5,modified,2,xarray/core/combine.py,xarray/core/combine.py,536,7,542,8,539,536 537 538 540 541 542,540,sha256:443200b16f92efb3dec1fa26a091bbafde8452ae7725a87ed9a815c8025a9971,,,,,
sha256:2000872736d1c1ab51aa391d1dc044b26caec04766b824add39b2219706aaa9a,pydata__xarray-3649,pydata/xarray,3cbc459caa010f9b5042d3fa312b66c9b2b6c403,xarray/core/combine.py,mapped,insertion_anchor_containment,0.8,,sha256:bbe0b4509547c21ff74527b2fed0680b0fed22b9f9efbd165c20d66ac4fb3d07,combine_by_coords,function,472,0,698,5,modified,3,xarray/core/combine.py,xarray/core/combine.py,653,6,660,15,,653 654 655 656 657 658,655,sha256:443200b16f92efb3dec1fa26a091bbafde8452ae7725a87ed9a815c8025a9971,,,,,
sha256:99708685ac0b6a7e3d81c4245652ed7430d1b830e0ea7dfc1b4469f9d7a4fd81,pydata__xarray-3649,pydata/xarray,3cbc459caa010f9b5042d3fa312b66c9b2b6c403,xarray/core/combine.py,mapped,modified_line_containment,1.0,,sha256:bbe0b4509547c21ff74527b2fed0680b0fed22b9f9efbd165c20d66ac4fb3d07,combine_by_coords,function,472,0,698,5,modified,4,xarray/core/combine.py,xarray/core/combine.py,667,7,683,13,670,667 668 669 671 672 673,671,sha256:443200b16f92efb3dec1fa26a091bbafde8452ae7725a87ed9a815c8025a9971,,,,,
sha256:8a21f0eb967c8c7f4348aafdaf7dd42a6223bf5c680f75e5800856d338b4970a,pydata__xarray-4184,pydata/xarray,65ca92a5c0a4143d00dd7a822bcb1d49738717f1,asv_bench/benchmarks/pandas.py,excluded,unmapped,0.0,new_file,,,,,,,,added,0,,asv_bench/benchmarks/pandas.py,0,0,1,24,,,0,sha256:5d2925997f560d21b34fc9454d7315d1022b08a0fe4ca77cbe870a403a43ec2b,,,,,
sha256:6da46f14dbb65ae65c2b45f7cb11151daf37a089c11bc50058d112665413f732,pydata__xarray-4184,pydata/xarray,65ca92a5c0a4143d00dd7a822bcb1d49738717f1,xarray/core/dataset.py,mapped,modified_line_containment,1.0,,sha256:48ed4b2342ab37575edb172d11c385f094c5e7885b1c93c178089f2c54b921cc,Dataset._set_sparse_data_from_dataframe,method,4545,4,4580,37,modified,0,xarray/core/dataset.py,xarray/core/dataset.py,4543,11,4543,10,4546 4550,4543 4544 4545 4547 4548 4549 4551 4552 4553,4547,sha256:5d2925997f560d21b34fc9454d7315d1022b08a0fe4ca77cbe870a403a43ec2b,,,,,
sha256:89925fbbed6f4a41fa29933a7a5d1e6341f15f4573a147e864706bde88e730a8,pydata__xarray-4184,pydata/xarray,65ca92a5c0a4143d00dd7a822bcb1d49738717f1,xarray/core/dataset.py,mapped,modified_line_containment,1.0,,sha256:48ed4b2342ab37575edb172d11c385f094c5e7885b1c93c178089f2c54b921cc,Dataset._set_sparse_data_from_dataframe,method,4545,4,4580,37,modified,1,xarray/core/dataset.py,xarray/core/dataset.py,4557,11,4556,7,4560 4561 4562 4563 4564,4557 4558 4559 4565 4566 4567,4565,sha256:5d2925997f560d21b34fc9454d7315d1022b08a0fe4ca77cbe870a403a43ec2b,,,,,
sha256:be8fa32b4bd85b608d6efdcbb3c88b5df974624c47dd731bb3c2d0fa9a9c1262,pydata__xarray-4184,pydata/xarray,65ca92a5c0a4143d00dd7a822bcb1d49738717f1,xarray/core/dataset.py,mapped,modified_line_containment,1.0,,sha256:dc7023c0c2b189fc9729fb23b7c99831d9aad6f5574ba20a58c62a9843c47504,Dataset._set_numpy_data_from_dataframe,method,4582,4,4595,37,modified,2,xarray/core/dataset.py,xarray/core/dataset.py,4580,18,4575,36,4583 4585 4586 4587 4588 4589 4590 4591 4592 4593 4594,4580 4581 4582 4584 4595 4596 4597,4584,sha256:5d2925997f560d21b34fc9454d7315d1022b08a0fe4ca77cbe870a403a43ec2b,,,,,
sha256:3d0f4185e002850e3c137273db98a9eff459c514a5594d1a402479d8de98f535,pydata__xarray-4184,pydata/xarray,65ca92a5c0a4143d00dd7a822bcb1d49738717f1,xarray/core/dataset.py,mapped,modified_line_containment,1.0,,sha256:3022f97e7a1fb3708484c7583cc480db1f56159e10fd5aea912bef47f0c87521,Dataset.from_dataframe,method,4597,4,4653,18,modified,3,xarray/core/dataset.py,xarray/core/dataset.py,4631,7,4644,19,4634,4631 4632 4633 4635 4636 4637,4635,sha256:5d2925997f560d21b34fc9454d7315d1022b08a0fe4ca77cbe870a403a43ec2b,,,,,
sha256:975f994e7417518d9d2f5fd4731f520b6369fa9017a91da80058c1b84e4115cb,pydata__xarray-4184,pydata/xarray,65ca92a5c0a4143d00dd7a822bcb1d49738717f1,xarray/core/dataset.py,mapped,modified_line_containment,1.0,,sha256:3022f97e7a1fb3708484c7583cc480db1f56159e10fd5aea912bef47f0c87521,Dataset.from_dataframe,method,4597,4,4653,18,modified,4,xarray/core/dataset.py,xarray/core/dataset.py,4647,9,4672,9,4650 4652,4647 4648 4649 4651 4653 4654 4655,4651,sha256:5d2925997f560d21b34fc9454d7315d1022b08a0fe4ca77cbe870a403a43ec2b,,,,,
sha256:d9e358670cc50c21df770e6b0ade87d7696c4a78734a91a2e1fd20459f06fb2c,pydata__xarray-4184,pydata/xarray,65ca92a5c0a4143d00dd7a822bcb1d49738717f1,xarray/core/indexes.py,mapped,modified_line_containment,1.0,,sha256:68b930541e45e46d30e4771ba568880b8f10b8494a0bdc415f47ff6c93387889,remove_unused_levels_categories,function,12,0,35,37,modified,0,xarray/core/indexes.py,xarray/core/indexes.py,9,7,9,7,12,9 10 11 13 14 15,13,sha256:5d2925997f560d21b34fc9454d7315d1022b08a0fe4ca77cbe870a403a43ec2b,,,,,
sha256:324e406a874b9a8a97191d42d4bf1b4bb66065e8a100a7e8163227586d822637,pydata__xarray-4184,pydata/xarray,65ca92a5c0a4143d00dd7a822bcb1d49738717f1,xarray/core/indexes.py,mapped,modified_line_containment,1.0,,sha256:68b930541e45e46d30e4771ba568880b8f10b8494a0bdc415f47ff6c93387889,remove_unused_levels_categories,function,12,0,35,37,modified,1,xarray/core/indexes.py,xarray/core/indexes.py,25,14,25,15,31 32 33 34 35,25 26 27 28 29 30 36 37 38,27,sha256:5d2925997f560d21b34fc9454d7315d1022b08a0fe4ca77cbe870a403a43ec2b,,,,,
sha256:726079f983aba460a4abcc4760dc8d7c1c2ae7e5b37ca07141ed6eb1d07c9991,pydata__xarray-4684,pydata/xarray,0f1eb96c924bad60ea87edd9139325adabfefa33,xarray/coding/times.py,mapped,module_level,0.8,,sha256:21d9507ba30a8c03daea770c61835c9f94a1a8f1ada0ac8aa0cb1f9dfb69a47f,<module>,module,28,0,28,0,modified,0,xarray/coding/times.py,xarray/coding/times.py,26,6,26,7,,26 27 28 29 30 31,28,sha256:60f6e27ab978bdd563af3679eb84bdc3cde8826ad2963b5402f7b0ed69bc0390,,,,,
sha256:11551fe3aca901c0e6e9e610b26b090ce2a0f392ba790bcb91ba81dbee798459,pydata__xarray-4684,pydata/xarray,0f1eb96c924bad60ea87edd9139325adabfefa33,xarray/coding/times.py,mapped,module_level,1.0,,sha256:21d9507ba30a8c03daea770c61835c9f94a1a8f1ada0ac8aa0cb1f9dfb69a47f,<module>,module,38,0,38,0,modified,1,xarray/coding/times.py,xarray/coding/times.py,35,7,36,15,38,35 36 37 39 40 41,39,sha256:60f6e27ab978bdd563af3679eb84bdc3cde8826ad2963b5402f7b0ed69bc0390,,,,,
sha256:e3c687cfc8d75987ecfd206e8814971b2354323b5c8941aa084d858cbe4f40a6,pydata__xarray-4684,pydata/xarray,0f1eb96c924bad60ea87edd9139325adabfefa33,xarray/coding/times.py,mapped,insertion_anchor_containment,0.8,,sha256:9117c280ee82d944e4df8226b25b08cc31301947e82ebeab6947227bec5735ce,_netcdf_to_numpy_timeunit,function,42,0,53,12,modified,2,xarray/coding/times.py,xarray/coding/times.py,44,6,53,7,,44 45 46 47 48 49,46,sha256:60f6e27ab978bdd563af3679eb84bdc3cde8826ad2963b5402f7b0ed69bc0390,,,,,
sha256:d798a655015cf55416119e0bcba7de14710c3ff9232e8c8de55fea22fc2acfdf,pydata__xarray-4684,pydata/xarray,0f1eb96c924bad60ea87edd9139325adabfefa33,xarray/coding/times.py,mapped,modified_line_containment,1.0,,sha256:a630ff19028244bbfe8bdf7bad6f15618277901cfb41a49517c90d6da8421c9a,_decode_datetime_with_pandas,function,138,0,169,75,modified,3,xarray/coding/times.py,xarray/coding/times.py,151,21,161,22,154 155 156 157 158 159 160 161 162 163 164 165 166 167,151 152 153 168 169 170 171,168,sha256:60f6e27ab978bdd563af3679eb84bdc3cde8826ad2963b5402f7b0ed69bc0390,,,,,
sha256:4d0cbfdca8f11506affb2c53b0b0c65f943d5c16253c202db1c1ed71dde3ed6a,pydata__xarray-4684,pydata/xarray,0f1eb96c924bad60ea87edd9139325adabfefa33,xarray/coding/times.py,mapped,modified_line_containment,1.0,,sha256:64c26ad72c29ae07a247dbbbaa2bfa4f0c4d9ec039b8cc0d7ec0f8c921539020,_infer_time_units_from_diff,function,254,0,261,20,modified,4,xarray/coding/times.py,xarray/coding/times.py,252,11,263,24,255 258 259,252 253 254 256 257 260 261 262,256,sha256:60f6e27ab978bdd563af3679eb84bdc3cde8826ad2963b5402f7b0ed69bc0390,,,,,
sha256:f597b691fba201182c206d4b0bd6cefd292510a8242b4bd76c50c5baaa09f81b,pydata__xarray-4684,pydata/xarray,0f1eb96c924bad60ea87edd9139325adabfefa33,xarray/coding/times.py,mapped,modified_line_containment,1.0,,sha256:bb3dd904b92454525698f56b7a75d5fdb0a85eca78d20892eb5f4ad2e7d3da12,encode_cf_datetime,function,380,0,426,33,modified,5,xarray/coding/times.py,xarray/coding/times.py,416,7,440,15,419,416 417 418 420 421 422,420,sha256:60f6e27ab978bdd563af3679eb84bdc3cde8826ad2963b5402f7b0ed69bc0390,,,,,
sha256:d558ea0823e9af17cd8b29749b3884d3c2316250bc47e195558eff3977b654ab,pydata__xarray-4940,pydata/xarray,48378c4b11c5c2672ff91396d4284743165b4fbe,xarray/core/dataset.py,mapped,insertion_anchor_containment,0.8,,sha256:e6e2e02a5539933aa5143a516d7140b6ee5d831964a72df42e41caf40b4e253a,Dataset.reduce,method,4629,4,4718,9,modified,0,xarray/core/dataset.py,xarray/core/dataset.py,4665,6,4665,12,,4665 4666 4667 4668 4669 4670,4667,sha256:1d617e625a7afdf974cdfded84b2141d9f20f3d86baaef1fd5a79b89f5b2a20a,,,,,
sha256:b9e8ce1cb8773c9e481716ef2f1a833676185cb390f47d6c3e3e50671dd2b6eb,pydata__xarray-4940,pydata/xarray,48378c4b11c5c2672ff91396d4284743165b4fbe,xarray/core/dataset.py,mapped,modified_line_containment,1.0,,sha256:855091b19bff70afad69c4d4421f73ad5230c0add91401863516e7d22eb2b3f5,Dataset.argmin,method,6857,4,6918,13,modified,1,xarray/core/dataset.py,xarray/core/dataset.py,6854,7,6860,7,6857,6854 6855 6856 6858 6859 6860,6858,sha256:1d617e625a7afdf974cdfded84b2141d9f20f3d86baaef1fd5a79b89f5b2a20a,,,,,
sha256:8e3a88e0edbcf0c2a1cd7064c67250a46695c64d5c416ca973091bc4473cbe9d,pydata__xarray-4940,pydata/xarray,48378c4b11c5c2672ff91396d4284743165b4fbe,xarray/core/dataset.py,mapped,modified_line_containment,1.0,,sha256:855091b19bff70afad69c4d4421f73ad5230c0add91401863516e7d22eb2b3f5,Dataset.argmin,method,6857,4,6918,13,modified,2,xarray/core/dataset.py,xarray/core/dataset.py,6868,9,6874,6,6871 6872 6873,6868 6869 6870 6874 6875 6876,,sha256:1d617e625a7afdf974cdfded84b2141d9f20f3d86baaef1fd5a79b89f5b2a20a,,,,,
sha256:1ca83058051a86106ba8c1cd018c866a59138bc23e5184601242ce7b920dd273,pydata__xarray-4940,pydata/xarray,48378c4b11c5c2672ff91396d4284743165b4fbe,xarray/core/dataset.py,mapped,modified_line_containment,1.0,,sha256:855091b19bff70afad69c4d4421f73ad5230c0add91401863516e7d22eb2b3f5,Dataset.argmin,method,6857,4,6918,13,modified,3,xarray/core/dataset.py,xarray/core/dataset.py,6888,28,6891,25,6891 6893 6895 6896 6897 6898 6899 6905 6912,6888 6889 6890 6892 6894 6900 6901 6902 6903 6904 6906 6907 6908 6909 6910 6911 6913 6914 6915,6894,sha256:1d617e625a7afdf974cdfded84b2141d9f20f3d86baaef1fd5a79b89f5b2a20a,,,,,
sha256:6c7f9616068c83876282550be9507ee9706eed2150ac1ca1e3533ac3827fb229,pydata__xarray-4940,pydata/xarray,48378c4b11c5c2672ff91396d4284743165b4fbe,xarray/core/dataset.py,mapped,modified_line_containment,1.0,,sha256:f332382faad6609b7e9992a5b7d6016535121888de2f993b3f5bd15e25255e54,Dataset.argmax,method,6920,4,6981,13,modified,4,xarray/core/dataset.py,xarray/core/dataset.py,6917,7,6917,7,6920,6917 6918 6919 6921 6922 6923,6921,sha256:1d617e625a7afdf974cdfded84b2141d9f20f3d86baaef1fd5a79b89f5b2a20a,,,,,
sha256:1672f181df0eeaa728091cd8ec9e2d3928ff3f7fb381a780ff3ee1c6e5354d6d,pydata__xarray-4940,pydata/xarray,48378c4b11c5c2672ff91396d4284743165b4fbe,xarray/core/dataset.py,mapped,modified_line_containment,1.0,,sha256:f332382faad6609b7e9992a5b7d6016535121888de2f993b3f5bd15e25255e54,Dataset.argmax,method,6920,4,6981,13,modified,5,xarray/core/dataset.py,xarray/core/dataset.py,6931,9,6931,6,6934 6935 6936,6931 6932 6933 6937 6938 6939,,sha256:1d617e625a7afdf974cdfded84b2141d9f20f3d86baaef1fd5a79b89f5b2a20a,,,,,
sha256:eb229317dce91150a489ea0fd88fe2d28ff104448709e86d519aeb0eb8b6e26b,pydata__xarray-4940,pydata/xarray,48378c4b11c5c2672ff91396d4284743165b4fbe,xarray/core/dataset.py,mapped,modified_line_containment,1.0,,sha256:f332382faad6609b7e9992a5b7d6016535121888de2f993b3f5bd15e25255e54,Dataset.argmax,method,6920,4,6981,13,modified,6,xarray/core/dataset.py,xarray/core/dataset.py,6953,26,6950,24,6956 6958 6959 6960 6961 6962 6968 6975,6953 6954 6955 6957 6963 6964 6965 6966 6967 6969 6970 6971 6972 6973 6974 6976 6977 6978,6957,sha256:1d617e625a7afdf974cdfded84b2141d9f20f3d86baaef1fd5a79b89f5b2a20a,,,,,
sha256:123b710af38ab938a2941385cdbe2595e47c8506a82c8f87f513b60c0042fc0f,pydata__xarray-5580,pydata/xarray,4bb9d9c6df77137f05e85c7cc6508fe7a93dc0e4,xarray/core/formatting.py,mapped,modified_line_containment,1.0,,sha256:f9feb024353b5806f5086089bde5deb4de35833f3218dd8e14870ccf5ded0e89,_mapping_repr,function,375,0,402,29,modified,0,xarray/core/formatting.py,xarray/core/formatting.py,377,14,377,12,380 381 387,377 378 379 382 383 384 385 386 388 389 390,388,sha256:a00c4034c21ae76a004470b2df354979e3d8e7027a6cfe8f137489ddf69f9375,,,,,
sha256:e8d442068155d69285727ed99c5709f0f4229fca4e132430e4ab7c3b615dbacc,pydata__xarray-5580,pydata/xarray,4bb9d9c6df77137f05e85c7cc6508fe7a93dc0e4,xarray/core/formatting.py,mapped,modified_line_containment,1.0,,sha256:47c2ebef2e6693d9a4325b03caa5280fa0a58f96e409f6db4e60dd94a76cf87d,coords_repr,function,421,0,430,5,modified,1,xarray/core/formatting.py,xarray/core/formatting.py,418,7,416,7,421,418 419 420 422 423 424,422,sha256:a00c4034c21ae76a004470b2df354979e3d8e7027a6cfe8f137489ddf69f9375,,,,,
sha256:358adfef606feb0da3d040c44e2f2dab2e56d2a5502d84ead9b0cbbf339b4ce2,pydata__xarray-5580,pydata/xarray,4bb9d9c6df77137f05e85c7cc6508fe7a93dc0e4,xarray/core/formatting.py,mapped,insertion_anchor_containment,0.8,,sha256:47c2ebef2e6693d9a4325b03caa5280fa0a58f96e409f6db4e60dd94a76cf87d,coords_repr,function,421,0,430,5,modified,2,xarray/core/formatting.py,xarray/core/formatting.py,427,6,425,7,,427 428 429 430 431 432,429,sha256:a00c4034c21ae76a004470b2df354979e3d8e7027a6cfe8f137489ddf69f9375,,,,,
sha256:a39d1e98788e558f821113cfae9040f094c942c1ac320ab5f5970c6beb49e7a9,pydata__xarray-5580,pydata/xarray,4bb9d9c6df77137f05e85c7cc6508fe7a93dc0e4,xarray/core/formatting.py,mapped,modified_line_containment,1.0,,sha256:bd02fe6f785d4b41de4a51c81b1e0513be2ed342900461e8fa3d27b53a0b8eb0,dataset_repr,function,543,0,563,29,modified,3,xarray/core/formatting.py,xarray/core/formatting.py,544,21,543,22,552 558 561,544 545 546 547 548 549 550 551 553 554 555 556 557 559 560 562 563 564,546,sha256:a00c4034c21ae76a004470b2df354979e3d8e7027a6cfe8f137489ddf69f9375,,,,,
sha256:9858235d26ca6296fd5ce088e83a082b34e46100bca3e015ed9410e56184dd01,pylint-dev__pylint-6357,pylint-dev/pylint,cb37ae4fc24a8756a5f965cdc6ab9c472f909ab0,pylint/checkers/similar.py,mapped,module_level,1.0,,sha256:81622886740925f7f67d22cde6dc048a969954e39718e5274794d7019f403640,<module>,module,31,0,31,0,modified,0,pylint/checkers/similar.py,pylint/checkers/similar.py,28,7,28,7,31,28 29 30 32 33 34,32,sha256:a9aca1790b8a4e28fa8cf79d4d21aa991a37c7824a07f53cee7c24d7358f6fc0,,,,,
sha256:c1fe02fe347d8bee1932e2164e0be810a142cf12b0b39ebdea8a6449db5790cb,pylint-dev__pylint-6357,pylint-dev/pylint,cb37ae4fc24a8756a5f965cdc6ab9c472f909ab0,pylint/checkers/similar.py,mapped,modified_line_containment,1.0,,sha256:747e9f94eb04567a74902ffd20231ecd364dc50a181a1a54def8b07cce00b03c,Similar.append_stream,method,359,4,390,16,modified,1,pylint/checkers/similar.py,pylint/checkers/similar.py,366,28,366,25,370 371 372 373 374 375 376 377 378 379 380 381 382 383 384 385 386 387 388 390,366 367 368 369 389 391 392 393,368,sha256:a9aca1790b8a4e28fa8cf79d4d21aa991a37c7824a07f53cee7c24d7358f6fc0,,,,,
sha256:e541a404aca72ecb6a677e57f0c98c93454d11d4c7d736454765ee6f86018357,pylint-dev__pylint-6357,pylint-dev/pylint,cb37ae4fc24a8756a5f965cdc6ab9c472f909ab0,pylint/checkers/similar.py,mapped,insertion_anchor_containment,0.8,,sha256:29f181b2e943d730aba75af73ae78c25e6ff4a415449b68c34315b38bf984a0e,stripped_lines,function,560,0,652,24,modified,2,pylint/checkers/similar.py,pylint/checkers/similar.py,563,6,560,7,,563 564 565 566 567 568,565,sha256:a9aca1790b8a4e28fa8cf79d4d21aa991a37c7824a07f53cee7c24d7358f6fc0,,,,,
sha256:1d4ec16da8edd4ffb8f3e344c8be7ab8dd2000a3d23c1df429777c250727e071,pylint-dev__pylint-6357,pylint-dev/pylint,cb37ae4fc24a8756a5f965cdc6ab9c472f909ab0,pylint/checkers/similar.py,mapped,insertion_anchor_containment,0.8,,sha256:29f181b2e943d730aba75af73ae78c25e6ff4a415449b68c34315b38bf984a0e,stripped_lines,function,560,0,652,24,modified,3,pylint/checkers/similar.py,pylint/checkers/similar.py,571,6,569,7,,571 572 573 574 575 576,573,sha256:a9aca1790b8a4e28fa8cf79d4d21aa991a37c7824a07f53cee7c24d7358f6fc0,,,,,
sha256:041a69458fa605da848fb689bce973e5e1f66f6d08ee7bf8ac07ae64192a7d61,pylint-dev__pylint-6357,pylint-dev/pylint,cb37ae4fc24a8756a5f965cdc6ab9c472f909ab0,pylint/checkers/similar.py,mapped,insertion_anchor_containment,0.8,,sha256:29f181b2e943d730aba75af73ae78c25e6ff4a415449b68c34315b38bf984a0e,stripped_lines,function,560,0,652,24,modified,4,pylint/checkers/similar.py,pylint/checkers/similar.py,622,6,621,10,,622 623 624 625 626 627,624,sha256:a9aca1790b8a4e28fa8cf79d4d21aa991a37c7824a07f53cee7c24d7358f6fc0,,,,,
sha256:92ee6ec1b8b1f00cf551ab72d2e8e993403398fa768b200b1c23668fb3520678,pylint-dev__pylint-6357,pylint-dev/pylint,cb37ae4fc24a8756a5f965cdc6ab9c472f909ab0,pylint/checkers/similar.py,mapped,modified_line_containment,1.0,,sha256:9920533d93d4f396554355f082dacb7122b3a9c9a034c466631cc428917ec704,LineSet.__init__,method,663,4,676,9,modified,5,pylint/checkers/similar.py,pylint/checkers/similar.py,668,11,671,17,675,668 669 670 671 672 673 674 676 677 678,670,sha256:a9aca1790b8a4e28fa8cf79d4d21aa991a37c7824a07f53cee7c24d7358f6fc0,,,,,
sha256:a7501f091401b62734a31eadf8ab0bf5c7ca6f7fba4047b24a8af6c081400a3d,pylint-dev__pylint-6528,pylint-dev/pylint,273a8b25620467c1e5686aa8d2a1dbb8c02c78d0,pylint/lint/expand_modules.py,mapped,module_level,0.8,,sha256:26f6990fd86ca015ac62ce836806822baffbd9b2877a1e331281ef8513226ab8,<module>,module,48,0,48,0,modified,0,pylint/lint/expand_modules.py,pylint/lint/expand_modules.py,46,6,46,20,,46 47 48 49 50 51,48,sha256:ed4b5b19c13c683360c4743ed660335fe029bd870faa3e786eda6271abc55265,,,,,
sha256:7515241a87c05d0ff0df33823e1cfcd99ed365e24e2719560c344348e48fe2f6,pylint-dev__pylint-6528,pylint-dev/pylint,273a8b25620467c1e5686aa8d2a1dbb8c02c78d0,pylint/lint/expand_modules.py,mapped,modified_line_containment,1.0,,sha256:106350de8b41e2d61029d9b07293c535423f8ac758f18a6bb135c6b165318b02,expand_modules,function,49,0,149,25,modified,1,pylint/lint/expand_modules.py,pylint/lint/expand_modules.py,61,10,75,8,64 65 66 67,61 62 63 68 69 70,68,sha256:ed4b5b19c13c683360c4743ed660335fe029bd870faa3e786eda6271abc55265,,,,,
sha256:7c080c37b73119f6186c2c05efda46b04cc11b849db16228baf392949a18cdf8,pylint-dev__pylint-6528,pylint-dev/pylint,273a8b25620467c1e5686aa8d2a1dbb8c02c78d0,pylint/lint/pylinter.py,mapped,module_level,1.0,,sha256:b86bd1176418cb5b1313a2b5c2966bbce21afc0d726b74490975001a2da1daa0,<module>,module,34,0,34,0,modified,0,pylint/lint/pylinter.py,pylint/lint/pylinter.py,31,7,31,7,34,31 32 33 35 36 37,35,sha256:ed4b5b19c13c683360c4743ed660335fe029bd870faa3e786eda6271abc55265,,,,,
sha256:c3d9b1a97690532b9448c283a1042ac94eada7858e1ca2402f895422e66588ca,pylint-dev__pylint-6528,pylint-dev/pylint,273a8b25620467c1e5686aa8d2a1dbb8c02c78d0,pylint/lint/pylinter.py,mapped,modified_line_containment,1.0,,sha256:fe7d50dffc56eca21d8db165ef82a7e301c9d13ab9ca752836bf7d489b3edc72,PyLinter._discover_files,method,567,4,592,31,modified,1,pylint/lint/pylinter.py,pylint/lint/pylinter.py,564,8,564,7,567 568,564 565 566 569 570 571,569,sha256:ed4b5b19c13c683360c4743ed660335fe029bd870faa3e786eda6271abc55265,,,,,
sha256:04220c8dcbcdee815f8fc66d613cece2d2c8dda0757e3d568eef37bda4ad76ac,pylint-dev__pylint-6528,pylint-dev/pylint,273a8b25620467c1e5686aa8d2a1dbb8c02c78d0,pylint/lint/pylinter.py,mapped,insertion_anchor_containment,0.8,,sha256:fe7d50dffc56eca21d8db165ef82a7e301c9d13ab9ca752836bf7d489b3edc72,PyLinter._discover_files,method,567,4,592,31,modified,2,pylint/lint/pylinter.py,pylint/lint/pylinter.py,579,6,578,16,,579 580 581 582 583 584,581,sha256:ed4b5b19c13c683360c4743ed660335fe029bd870faa3e786eda6271abc55265,,,,,
sha256:c36cf24f0ed6a4d8c0e95c2d36c9b2f30e411c0cc064f86cd88cdb24c3773fbf,pylint-dev__pylint-6820,pylint-dev/pylint,b3523ae86eb68467dca536122bc4034639887a63,pylint/config/utils.py,mapped,module_level,1.0,,sha256:22a0274969017fbd9fecd36f59e006da06007a5c853e73dbfdde0990e331d79b,<module>,module,204,0,212,0,modified,0,pylint/config/utils.py,pylint/config/utils.py,201,16,201,30,204 206 207 208 209 210 211 212,201 202 203 205 213 214 215 216,205,sha256:11aa3d0b66fe0fd01c1090f71f2395b8aaef1811a39fd6664747bac07f82c5e1,,,,,
sha256:0157bcbade40a8e00b1d85383b23bdb6263769341a6f24050054596c3842b76c,pylint-dev__pylint-6820,pylint-dev/pylint,b3523ae86eb68467dca536122bc4034639887a63,pylint/config/utils.py,mapped,modified_line_containment,1.0,,sha256:4f243eb9bf604330391693397f32708703aab20a6a5d7034cc4e4ac5c817484f,_preprocess_options,function,216,0,251,25,modified,1,pylint/config/utils.py,pylint/config/utils.py,230,12,244,21,233 238,230 231 232 234 235 236 237 239 240 241,234,sha256:11aa3d0b66fe0fd01c1090f71f2395b8aaef1811a39fd6664747bac07f82c5e1,,,,,
sha256:067e461aa79f7b7372383d17f154ae2c09922be8a843502dc79ceedb57440f3b,pylint-dev__pylint-7097,pylint-dev/pylint,c33d237e6ea5795632295bb6390778a21e6f4080,pylint/checkers/imports.py,mapped,module_level,0.8,,sha256:b95ab96cf1b4d2e00e83061be04e038bd2bf2c139d3f5c6fc2b3b4131d8882d0,<module>,module,30,0,30,0,modified,0,pylint/checkers/imports.py,pylint/checkers/imports.py,28,6,28,7,,28 29 30 31 32 33,30,sha256:41d51344f12bbc341f520c1875c79828f1bba02c45ee91cb19b574a1ad449fec,,,,,
sha256:b079214450d4187fd3c0931174ae4bd0b59f65cbfd8f4dd149e504b88d30a903,pylint-dev__pylint-7097,pylint-dev/pylint,c33d237e6ea5795632295bb6390778a21e6f4080,pylint/checkers/imports.py,mapped,modified_line_containment,1.0,,sha256:6865e3e6ed8b2cd785683700622cfe8100eac9f1f69759f475cd30b66c274445,ImportsChecker._get_imported_module,method,793,4,823,19,modified,1,pylint/checkers/imports.py,pylint/checkers/imports.py,800,10,801,10,803 804 806,800 801 802 805 807 808 809,805,sha256:41d51344f12bbc341f520c1875c79828f1bba02c45ee91cb19b574a1ad449fec,,,,,
sha256:0da05976452c63c0c044f5f40915f71369b80f9de7115412137c47acfb86f6f0,pylint-dev__pylint-7097,pylint-dev/pylint,c33d237e6ea5795632295bb6390778a21e6f4080,pylint/lint/pylinter.py,mapped,modified_line_containment,1.0,,sha256:83ae3426bae4a7e14a00e5a65639e6a292539d18877eb61b0f410cda286feb4f,PyLinter._check_files,method,679,4,699,58,modified,0,pylint/lint/pylinter.py,pylint/lint/pylinter.py,692,11,692,11,695 696 698 699,692 693 694 697 700 701 702,697,sha256:41d51344f12bbc341f520c1875c79828f1bba02c45ee91cb19b574a1ad449fec,,,,,
sha256:609973fb4da3f18b27d14815fd3e477a791d18073643cc6952cf7c3055a94056,pylint-dev__pylint-7097,pylint-dev/pylint,c33d237e6ea5795632295bb6390778a21e6f4080,pylint/lint/pylinter.py,mapped,modified_line_containment,1.0,,sha256:07752324dbe8315d5a8669f8328074b666de09ac05b04b978031c3fb6b9d3f13,PyLinter.get_ast,method,898,4,934,19,modified,1,pylint/lint/pylinter.py,pylint/lint/pylinter.py,918,7,918,8,921,918 919 920 922 923 924,922,sha256:41d51344f12bbc341f520c1875c79828f1bba02c45ee91cb19b574a1ad449fec,,,,,
sha256:7bcc18bbed3da5ce1de6d9f9d13393e4a17b0daaf63d08f6bf3655a1317483d2,pylint-dev__pylint-7993,pylint-dev/pylint,e90702074e68e20dc8e5df5013ee3ecf22139c3e,pylint/reporters/text.py,mapped,modified_line_containment,1.0,,sha256:a42e5115dd4fc76aa71ffd443278c14fea8353fea8f0f7b1c2d6763b5d973565,TextReporter.on_set_current_module,method,166,4,186,39,modified,0,pylint/reporters/text.py,pylint/reporters/text.py,175,7,175,7,178,175 176 177 179 180 181,179,sha256:a56ae72f6b88f0a03865155b280af1dfa97592074bd5bedc9a91a642801e11d5,,,,,
sha256:b5accf1daedaef8fa529052c79c5eb66cd487cf9081a76e11e19b55167068b10,pytest-dev__pytest-10893,pytest-dev/pytest,22524046cff84c66f128da9e3cdb993082445c75,src/_pytest/pathlib.py,mapped,module_level,0.8,,sha256:327c7aeb88b40efb21650b509cbd82050a71b335ace877664caf4090cf66ce4b,<module>,module,8,0,8,0,modified,0,src/_pytest/pathlib.py,src/_pytest/pathlib.py,6,6,6,7,,6 7 8 9 10 11,8,sha256:4df2577931b93db879e434bf97c7a4546c6aceff92d425b93d1886082326cf2a,,,,,
sha256:865e9a511ceda95faf6c5e7219cb8d3298d0962683d07f1277df40f213673b66,pytest-dev__pytest-10893,pytest-dev/pytest,22524046cff84c66f128da9e3cdb993082445c75,src/_pytest/pathlib.py,mapped,module_level,0.8,,sha256:327c7aeb88b40efb21650b509cbd82050a71b335ace877664caf4090cf66ce4b,<module>,module,30,0,30,0,modified,1,src/_pytest/pathlib.py,src/_pytest/pathlib.py,28,6,29,8,,28 29 30 31 32 33,30,sha256:4df2577931b93db879e434bf97c7a4546c6aceff92d425b93d1886082326cf2a,,,,,
sha256:e8bb3a13c642c908d9eef56b43502759adcfb1022620e81d97e3c67abbf80e5a,pytest-dev__pytest-10893,pytest-dev/pytest,22524046cff84c66f128da9e3cdb993082445c75,src/_pytest/pathlib.py,mapped,modified_line_containment,1.0,,sha256:d42623149a68e2de4eb9f84e2cd78185c9947f0db848d58a846cf42757c26ae8,on_rm_rf_error,function,66,0,114,15,modified,2,src/_pytest/pathlib.py,src/_pytest/pathlib.py,63,21,66,33,66 71 75 78 80,63 64 65 67 68 69 70 72 73 74 76 77 79 81 82 83,67,sha256:4df2577931b93db879e434bf97c7a4546c6aceff92d425b93d1886082326cf2a,,,,,
sha256:0af52a73b5674b09859261cfa3ab53aeb28aa6d5282f002cfe3bc8f606bc7fa0,pytest-dev__pytest-10893,pytest-dev/pytest,22524046cff84c66f128da9e3cdb993082445c75,src/_pytest/pathlib.py,mapped,modified_line_containment,1.0,,sha256:d42623149a68e2de4eb9f84e2cd78185c9947f0db848d58a846cf42757c26ae8,on_rm_rf_error,function,66,0,114,15,modified,3,src/_pytest/pathlib.py,src/_pytest/pathlib.py,86,7,101,7,89,86 87 88 90 91 92,90,sha256:4df2577931b93db879e434bf97c7a4546c6aceff92d425b93d1886082326cf2a,,,,,
sha256:3761d87d188a13814d8ee27888f9458b7838f5ecfc357358292e09405de3faf1,pytest-dev__pytest-10893,pytest-dev/pytest,22524046cff84c66f128da9e3cdb993082445c75,src/_pytest/pathlib.py,mapped,modified_line_containment,1.0,,sha256:b854f510f6322b42b27d022ec72d09433c91fbd5d8a1198f0fd398a5573b2a9f,rm_rf,function,147,0,152,45,modified,4,src/_pytest/pathlib.py,src/_pytest/pathlib.py,149,7,164,10,152,149 150 151 153 154 155,153,sha256:4df2577931b93db879e434bf97c7a4546c6aceff92d425b93d1886082326cf2a,,,,,
sha256:90c47628fecb06ef8ff8b52ea6a0cd3e39200ca85edbf354e198932e15534ba9,pytest-dev__pytest-10893,pytest-dev/pytest,22524046cff84c66f128da9e3cdb993082445c75,src/_pytest/unittest.py,mapped,insertion_anchor_containment,0.8,,sha256:f57d8193b5cb1abf6ca387f524bc4884e1ea4d5f5b1a8d37dd2a2f796a344d57,TestCaseFunction,class,183,0,342,41,modified,0,src/_pytest/unittest.py,src/_pytest/unittest.py,298,6,298,9,,298 299 300 301 302 303,300,sha256:4df2577931b93db879e434bf97c7a4546c6aceff92d425b93d1886082326cf2a,,,,,
sha256:0e315cf7f6868e66aeb303f1a329e034d3fd871a8023b4ac931a4e678356898e,pytest-dev__pytest-11160,pytest-dev/pytest,6995257cf470d2143ad1683824962de4071c0eb7,src/_pytest/recwarn.py,mapped,modified_line_containment,1.0,,sha256:8166e7597d43987264bae56fd476354db18e6012f751d8d1a2ea9c7401cdb6c5,WarningsRecorder.pop,method,208,4,214,66,modified,0,src/_pytest/recwarn.py,src/_pytest/recwarn.py,206,10,206,21,209 211 212,206 207 208 210 213 214 215,210,sha256:aaeb74105736b6050f2360bc9b232b4efdc1ff45be5aea0d04a1116b0a93f7f0,,,,,
sha256:8dc27b6dec01e1030c474f9cb109fa87ab2c971b3ab977347e1e9ea22b380892,pytest-dev__pytest-7466,pytest-dev/pytest,678c1a0745f1cf175c442c719906a1f13e496910,src/_pytest/_io/terminalwriter.py,mapped,modified_line_containment,1.0,,sha256:aa84284ded2f558a926e41ac0ebad239f2c4fb2de974b371a229a3df43cb51e9,should_do_markup,function,25,0,35,5,modified,0,src/_pytest/_io/terminalwriter.py,src/_pytest/_io/terminalwriter.py,27,11,27,12,31 32 33 34,27 28 29 30 35 36 37,29,sha256:b639f07d2d0c7c1b4a742b6c699654dc216b86e6393266677b89852179ffa2ca,,,,,
sha256:3edc2a1f3a63e8fc5344f0b51782017ccb65187a2290ecc92dc0c5df1d4e3520,pytest-dev__pytest-7749,pytest-dev/pytest,634cde9506eb1f48dec3ec77974ee8dc952207c6,src/_pytest/assertion/rewrite.py,mapped,modified_line_containment,1.0,,sha256:416c021ab5b31f4a8ea19a12bde3ee176df2a4e5106e279d808fe24690f66afa,AssertionRewriter.run,method,662,4,725,39,modified,0,src/_pytest/assertion/rewrite.py,src/_pytest/assertion/rewrite.py,687,13,687,18,690 691 692 694,687 688 689 693 695 696 697 698 699,693,sha256:5ad23efca9473f54ed836b6c5c2c172cff8cd8b9bb538975a73a2e556b3b8644,,,,,
sha256:37143e57ca94043e1c1dcae62f634d3fe04d45cc1ee586dace872f4d19ef4ebc,pytest-dev__pytest-8906,pytest-dev/pytest,69356d20cfee9a81972dcbf93d8caf9eabe113e8,src/_pytest/python.py,mapped,modified_line_containment,1.0,,sha256:600631f9732bf8d864651fdc31c8a9b83063f66005c88eca0e3ae4708fff8518,Module._importtestmodule,method,572,4,617,18,modified,0,src/_pytest/python.py,src/_pytest/python.py,608,10,608,10,611 612 613 614,608 609 610 615 616 617,615,sha256:bd0a6b9c33abec01b4b103daa2eefb835e43d35605fc56a95143045de18942b0,,,,,
sha256:d6d146894e7cddc225c74988474217876d0a69dbd661e9eb43d7ba2ede4684bb,scikit-learn__scikit-learn-11042,scikit-learn/scikit-learn,f049ec72eb70443ec8d7826066c4246035677c11,sklearn/preprocessing/data.py,mapped,modified_line_containment,1.0,,sha256:03d30400edf11e8becc37ee199fc6d567f4edc0bfe8d3f2f19a7576fb4962284,_transform_selected,function,1828,0,1877,48,modified,0,sklearn/preprocessing/data.py,sklearn/preprocessing/data.py,1825,7,1825,7,1828,1825 1826 1827 1829 1830 1831,1829,sha256:c3680f51ccd3d07625d7fe5e5d5ed849f68b7fa9c94c5730b0c15bfc6390365f,,,,,
sha256:4115aa9e9a9c57f608092a8a8653f36aec83a2146e82f9ea3524c07541e4c91d,scikit-learn__scikit-learn-11042,scikit-learn/scikit-learn,f049ec72eb70443ec8d7826066c4246035677c11,sklearn/preprocessing/data.py,mapped,insertion_anchor_containment,0.8,,sha256:03d30400edf11e8becc37ee199fc6d567f4edc0bfe8d3f2f19a7576fb4962284,_transform_selected,function,1828,0,1877,48,modified,1,sklearn/preprocessing/data.py,sklearn/preprocessing/data.py,1836,6,1836,9,,1836 1837 1838 1839 1840 1841,1838,sha256:c3680f51ccd3d07625d7fe5e5d5ed849f68b7fa9c94c5730b0c15bfc6390365f,,,,,
sha256:b8f4e8eb7254f0984b24241cb786d3ba546213383ba55a8e38c093dc4fa30555,scikit-learn__scikit-learn-11042,scikit-learn/scikit-learn,f049ec72eb70443ec8d7826066c4246035677c11,sklearn/preprocessing/data.py,mapped,modified_line_containment,1.0,,sha256:03d30400edf11e8becc37ee199fc6d567f4edc0bfe8d3f2f19a7576fb4962284,_transform_selected,function,1828,0,1877,48,modified,2,sklearn/preprocessing/data.py,sklearn/preprocessing/data.py,1869,7,1872,10,1872,1869 1870 1871 1873 1874 1875,1873,sha256:c3680f51ccd3d07625d7fe5e5d5ed849f68b7fa9c94c5730b0c15bfc6390365f,,,,,
sha256:24cb008067d3f8f7ad2b576c4bf2e2069ddc4b8a8075b002301c598e64691930,scikit-learn__scikit-learn-11042,scikit-learn/scikit-learn,f049ec72eb70443ec8d7826066c4246035677c11,sklearn/preprocessing/data.py,mapped,modified_line_containment,1.0,,sha256:4ff406b081dfb5c75a3d8d74addbb0a43a2d1414c7a362acb6e458420f3c44f7,OneHotEncoder.fit_transform,method,2053,4,2065,72,modified,3,sklearn/preprocessing/data.py,sklearn/preprocessing/data.py,2061,7,2067,7,2064,2061 2062 2063 2065 2066 2067,2065,sha256:c3680f51ccd3d07625d7fe5e5d5ed849f68b7fa9c94c5730b0c15bfc6390365f,,,,,
sha256:fa4630c8781c58e78680abe41b766860e5d2b4276bf12205430cc78414ae8936,scikit-learn__scikit-learn-11042,scikit-learn/scikit-learn,f049ec72eb70443ec8d7826066c4246035677c11,sklearn/preprocessing/data.py,mapped,modified_line_containment,1.0,,sha256:d437e0585c58811bb91ac8c9bdb2b131f5ac91d0c122a938f718d59a62b29c9d,OneHotEncoder.transform,method,2107,4,2121,72,modified,4,sklearn/preprocessing/data.py,sklearn/preprocessing/data.py,2117,7,2123,7,2120,2117 2118 2119 2121 2122 2123,2121,sha256:c3680f51ccd3d07625d7fe5e5d5ed849f68b7fa9c94c5730b0c15bfc6390365f,,,,,
sha256:c954df82fa0b61967ab39250b50f2594269ffef6553a67b31ece35d97928fcca,scikit-learn__scikit-learn-13087,scikit-learn/scikit-learn,a73260db9c0b63d582ef4a7f3c696b68058c1c43,sklearn/calibration.py,mapped,modified_line_containment,1.0,,sha256:67205e5efab55696106ac11d0c7639bc3d753183b66868689fde68cde49c05b5,calibration_curve,function,522,0,586,31,modified,0,sklearn/calibration.py,sklearn/calibration.py,519,7,519,8,522,519 520 521 523 524 525,523,sha256:9667f5018660566ced3e586505e69efe7ac679cb5440bd156093ce955fa9432a,,,,,
sha256:49888447bd3b452110de29884da2edd604bbe2483410704a66e50787b2f9927f,scikit-learn__scikit-learn-13087,scikit-learn/scikit-learn,a73260db9c0b63d582ef4a7f3c696b68058c1c43,sklearn/calibration.py,mapped,insertion_anchor_containment,0.8,,sha256:67205e5efab55696106ac11d0c7639bc3d753183b66868689fde68cde49c05b5,calibration_curve,function,522,0,586,31,modified,1,sklearn/calibration.py,sklearn/calibration.py,546,6,547,14,,546 547 548 549 550 551,548,sha256:9667f5018660566ced3e586505e69efe7ac679cb5440bd156093ce955fa9432a,,,,,
sha256:d130364525aeb82927103915cc6a5392b23c3b707e97472a8ff617927b16c8ee,scikit-learn__scikit-learn-13087,scikit-learn/scikit-learn,a73260db9c0b63d582ef4a7f3c696b68058c1c43,sklearn/calibration.py,mapped,modified_line_containment,1.0,,sha256:67205e5efab55696106ac11d0c7639bc3d753183b66868689fde68cde49c05b5,calibration_curve,function,522,0,586,31,modified,2,sklearn/calibration.py,sklearn/calibration.py,572,7,581,16,575,572 573 574 576 577 578,576,sha256:9667f5018660566ced3e586505e69efe7ac679cb5440bd156093ce955fa9432a,,,,,
sha256:ea0a09da0d5c93e9527082329dd6dd65a0233d70d6202a2c6a96594c826125d1,scikit-learn__scikit-learn-13620,scikit-learn/scikit-learn,f9af18b4e5b9d4b379867d32381296062782dc15,sklearn/ensemble/gradient_boosting.py,mapped,modified_line_containment,1.0,,sha256:88293cd5e7b565d278d4c0443f4ec9b3b8ad01e1358fb2a2b09711fb551b04f1,BaseGradientBoosting.feature_importances_,method,1704,4,1722,26,modified,0,sklearn/ensemble/gradient_boosting.py,sklearn/ensemble/gradient_boosting.py,1709,17,1709,26,1715 1716 1717 1718 1719 1720 1721 1722,1709 1710 1711 1712 1713 1714 1723 1724 1725,1711,sha256:041859b89402c19353aed9d41c1048602dbad6fcc971343b8cf7cb5a29f01e87,,,,,
sha256:6e20f80e30188c863dc0a41f932973d94e2b061a9a73a293a8d7aeffc2c35235,scikit-learn__scikit-learn-25570,scikit-learn/scikit-learn,cd25abee0ad0ac95225d4a9be8948eff69f49690,sklearn/compose/_column_transformer.py,mapped,modified_line_containment,1.0,,sha256:071bb366493000b65f6ab974723b62cffc21706423b2af52a9c5f3d475456dd3,ColumnTransformer._hstack,method,824,4,875,32,modified,0,sklearn/compose/_column_transformer.py,sklearn/compose/_column_transformer.py,865,7,865,9,868,865 866 867 869 870 871,869,sha256:47d4356dde1042031c23759fecf0ee3f0439c9aff71009a3ee6a0117e201b9e3,,,,,
sha256:217f4c4285fc0df2f0ab40ceec47fc018ab822888e704ab646519266d39455dd,scikit-learn__scikit-learn-25694,scikit-learn/scikit-learn,7b595569b26f4aa65a74a971ef428f4f071f48c4,sklearn/neural_network/_multilayer_perceptron.py,excluded,unmapped,0.0,missing_base_file,,,,,,,,modified,0,sklearn/neural_network/_multilayer_perceptron.py,sklearn/neural_network/_multilayer_perceptron.py,575,7,575,9,578,575 576 577 579 580 581,579,sha256:24a13e686632eb7bf2ca062a5255b09daead7d7164d3408a6a7d504092ee65c2,,,,,
sha256:ef9a3e5836658bd17d117b9138ce464083c1f4e0b990609468251e0701521bcb,sphinx-doc__sphinx-7440,sphinx-doc/sphinx,9bb204dcabe6ba0fc422bf4a45ad0c79c680d90b,sphinx/domains/std.py,mapped,modified_line_containment,1.0,,sha256:e112bab817aa2308df21a3f6a23ac2e30aff240673201bfe287f5503c98850c0,make_glossary_term,function,276,0,316,15,modified,0,sphinx/domains/std.py,sphinx/domains/std.py,305,7,305,7,308,305 306 307 309 310 311,309,sha256:b5ab77d37fb636b574c8e08f13495ee2d02e82c06a2b94dc92d3f3480593beb5,,,,,
sha256:8a8fbdd7035c9bef5b5f90be04af37d31d9edfc260da5b3cf9746c768225439f,sphinx-doc__sphinx-7440,sphinx-doc/sphinx,9bb204dcabe6ba0fc422bf4a45ad0c79c680d90b,sphinx/domains/std.py,mapped,modified_line_containment,1.0,,sha256:682450f588cdc9ba6512f7dc5d955b6c84cf4e0372ed1b3250d99ab598f59691,StandardDomain,class,535,0,1069,47,modified,1,sphinx/domains/std.py,sphinx/domains/std.py,565,7,565,7,568,565 566 567 569 570 571,569,sha256:b5ab77d37fb636b574c8e08f13495ee2d02e82c06a2b94dc92d3f3480593beb5,,,,,
sha256:7b9c280efda9a093d9dd87991765696eca8ccfafccf966241ec4f0da1e57973b,sphinx-doc__sphinx-7748,sphinx-doc/sphinx,9988d5ce267bf0df4791770b469431b1fb00dcdd,sphinx/ext/autodoc/__init__.py,mapped,modified_line_containment,1.0,,sha256:d98ab160c8801830abea1085592204bb0c9e358352a2d730efe80a93406dd4d0,DocstringSignatureMixin._find_signature,method,1040,4,1072,21,modified,0,sphinx/ext/autodoc/__init__.py,sphinx/ext/autodoc/__init__.py,1036,39,1036,71,1049 1050 1051 1052 1053 1054 1055 1056 1057 1058 1059 1060 1061 1062 1063 1064 1065 1066 1067 1068 1069 1070 1071,1036 1037 1038 1039 1040 1041 1042 1043 1044 1045 1046 1047 1048 1072 1073 1074,1038,sha256:7d37ba7279fb7eb44ea743a104eeeb6d23af1eb0c0cecfdfa6e009cfb8917f58,,,,,
sha256:1a0e01cc6e702fe4a56cc9c3fa13fc588f177e7a9ae0be1b969e98257dd1c0aa,sphinx-doc__sphinx-7748,sphinx-doc/sphinx,9988d5ce267bf0df4791770b469431b1fb00dcdd,sphinx/ext/autodoc/__init__.py,mapped,modified_line_containment,1.0,,sha256:803c6104871e0b5d1fc79a8634093347b6d3c70aa86a078c651a1ab6a63842eb,DocstringSignatureMixin.get_doc,method,1074,4,1082,44,modified,1,sphinx/ext/autodoc/__init__.py,sphinx/ext/autodoc/__init__.py,1076,9,1108,8,1079 1080 1081,1076 1077 1078 1082 1083 1084,1082,sha256:7d37ba7279fb7eb44ea743a104eeeb6d23af1eb0c0cecfdfa6e009cfb8917f58,,,,,
sha256:963f84dbfc8e3d1429be9d0bf896b845be5f6211360cf6cc15cf3e7412b726b2,sphinx-doc__sphinx-7748,sphinx-doc/sphinx,9988d5ce267bf0df4791770b469431b1fb00dcdd,sphinx/ext/autodoc/__init__.py,mapped,modified_line_containment,1.0,,sha256:1b5b1d1ba36ada3ba4dcf4762ef54a3a85e2ab02934da147124012753ebcb1a6,DocstringSignatureMixin.format_signature,method,1084,4,1091,49,modified,2,sphinx/ext/autodoc/__init__.py,sphinx/ext/autodoc/__init__.py,1088,7,1119,11,1091,1088 1089 1090 1092 1093 1094,1092,sha256:7d37ba7279fb7eb44ea743a104eeeb6d23af1eb0c0cecfdfa6e009cfb8917f58,,,,,
sha256:dab63acae138e71b392bed0fefd3464db3e75575cfb7fb399edbb3857f5469cb,sphinx-doc__sphinx-7748,sphinx-doc/sphinx,9988d5ce267bf0df4791770b469431b1fb00dcdd,sphinx/ext/autodoc/__init__.py,mapped,insertion_anchor_containment,0.8,,sha256:62a32cffc0a654ee8e5bf5d60396be8ac08620a883d8bd24edf5e790fc408efb,FunctionDocumenter.format_signature,method,1159,4,1175,30,modified,3,sphinx/ext/autodoc/__init__.py,sphinx/ext/autodoc/__init__.py,1170,6,1205,7,,1170 1171 1172 1173 1174 1175,1172,sha256:7d37ba7279fb7eb44ea743a104eeeb6d23af1eb0c0cecfdfa6e009cfb8917f58,,,,,
sha256:daf7a615068e551e8edd9781d6918f9e691540206241e160547d578a6a7e3811,sphinx-doc__sphinx-8056,sphinx-doc/sphinx,e188d56ed1248dead58f3f8018c0e9a3f99193f7,sphinx/ext/napoleon/docstring.py,mapped,modified_line_containment,1.0,,sha256:3fb9c5a194597e98c4752cf080bc6e48df1529ecb3664182077ec1e5cdd8e4df,GoogleDocstring._consume_fields,method,269,4,277,21,modified,0,sphinx/ext/napoleon/docstring.py,sphinx/ext/napoleon/docstring.py,266,13,266,16,269 270 275,266 267 268 271 272 273 274 276 277 278,271,sha256:0f8c8a5e18d39337e6b76124d5161b9cac33f78fba9d7decb43610bd55389374,,,,,
sha256:d1127bb552059a2c912111978d460f6d32d3d81f488d18819edcc1ad4ecb96e9,sphinx-doc__sphinx-8056,sphinx-doc/sphinx,e188d56ed1248dead58f3f8018c0e9a3f99193f7,sphinx/ext/napoleon/docstring.py,mapped,modified_line_containment,1.0,,sha256:78e65151ba1a271ed4f5cd95673ffca861224ac162393e600b7998d0bc93391f,GoogleDocstring._parse_parameters_section,method,683,4,688,63,modified,1,sphinx/ext/napoleon/docstring.py,sphinx/ext/napoleon/docstring.py,681,10,684,12,684,681 682 683 685 686 687 688 689 690,685,sha256:0f8c8a5e18d39337e6b76124d5161b9cac33f78fba9d7decb43610bd55389374,,,,,
sha256:e23e8a02fd65df976f3064ac9a758c4a427130326f5d7899138c62f337a976a6,sphinx-doc__sphinx-8611,sphinx-doc/sphinx,3f560cd67239f75840cc7a439ab54d8509c855f6,sphinx/ext/autodoc/__init__.py,mapped,modified_line_containment,1.0,,sha256:35dc4cfb8939a088e4a295f65930b7c7515d4a3ade10b7529237fb7cee019eda,NonDataDescriptorMixin.should_suppress_value_header,method,2095,4,2097,59,modified,0,sphinx/ext/autodoc/__init__.py,sphinx/ext/autodoc/__init__.py,2092,18,2092,36,2096,2092 2093 2094 2095 2097 2098 2099 2101 2102 2103 2104 2105 2106 2107 2108 2109,2094,sha256:5c33c966af5f703adafa32597b52a5205b3cf7d59f4435ea575289f6009ae61e,,,,,
sha256:868c141ed30c03616f4c2bb23a60e8f42e74c4bcfe5f865e4859b1c66c42c145,sphinx-doc__sphinx-8611,sphinx-doc/sphinx,3f560cd67239f75840cc7a439ab54d8509c855f6,sphinx/ext/autodoc/__init__.py,mapped,modified_line_containment,1.0,,sha256:bae98e1d0588d3c284054ad2e54655e8d3d6002afec8f3e9b23d7ece88312a83,NonDataDescriptorMixin.get_doc,method,2099,4,2105,52,modified,0,sphinx/ext/autodoc/__init__.py,sphinx/ext/autodoc/__init__.py,2092,18,2092,36,2100,2092 2093 2094 2095 2097 2098 2099 2101 2102 2103 2104 2105 2106 2107 2108 2109,2094,sha256:5c33c966af5f703adafa32597b52a5205b3cf7d59f4435ea575289f6009ae61e,,,,,
sha256:11b3b919987c6baea0fdd9097ece981ff2650bad9e4f6b5657c1ac888fd75757,sphinx-doc__sphinx-9798,sphinx-doc/sphinx,4c91c038b220d07bbdfe0c1680af42fe897f342c,sphinx/domains/python.py,mapped,modified_line_containment,1.0,,sha256:d1896cdd9f470d03a9a00d2a9ec56528b6f6300c819099c18379d37b58a0f6fd,PyXrefMixin.make_xrefs,method,346,4,367,22,modified,0,sphinx/domains/python.py,sphinx/domains/python.py,353,17,353,21,361,353 354 355 356 357 358 359 360 362 363 364 365 366 367 368 369,355,sha256:41be7334ae4aa928f0c2c8bf2a02404dd9a95fb193e04bef936bbf4bdfa3f7fa,,,,,
sha256:c09852eea2063705a8c228b8da01ccef4fc4225c761b117d94b07c7dfd787c26,sympy__sympy-13177,sympy/sympy,662cfb818e865f580e18b59efbb3540c34232beb,sympy/core/mod.py,mapped,modified_line_containment,1.0,,sha256:3be0fabb873e2cc37d0ab3e465092da1e6aba1aaf031e249db01f4f6aa0de871,Mod.eval.<locals>.doit,function,34,8,74,28,modified,0,sympy/core/mod.py,sympy/core/mod.py,39,7,39,8,42,39 40 41 43 44 45,43,sha256:394d8cd19e30a1b3f07344ed700aefec03ea24e34f79ef9f65f6b917373837a8,,,,,
sha256:9776a5ee23d2f11e2f1872ba5c6ddf2a5855b232681d3171a786a828cfc25e0b,sympy__sympy-13279,sympy/sympy,613373e31790f06b7324dd5ef887198538204bcc,sympy/core/add.py,mapped,modified_line_containment,1.0,,sha256:a06b39fde06549944e1114c1c5fa007a148eef1ef777149a9f678824df0a3ae2,Add.flatten,method,75,4,274,35,modified,0,sympy/core/add.py,sympy/core/add.py,144,7,144,8,147,144 145 146 148 149 150,148,sha256:e65a34cbdff19c49f992f4fa805f4f9b76351cef2cc13b546bcdd3ff143aa170,,,,,
sha256:f277cb507ad64717bd3e21ff390464eb570c657971dba17bd6b6c223ace4c6d5,sympy__sympy-13279,sympy/sympy,613373e31790f06b7324dd5ef887198538204bcc,sympy/core/mul.py,mapped,insertion_anchor_containment,0.8,,sha256:b9502566dd4fe4daced220c4972f5d4896cb844da03a37459ebfecc60a8376e6,Mul.flatten,method,97,4,616,45,modified,0,sympy/core/mul.py,sympy/core/mul.py,174,6,174,7,,174 175 176 177 178 179,176,sha256:e65a34cbdff19c49f992f4fa805f4f9b76351cef2cc13b546bcdd3ff143aa170,,,,,
sha256:11a086c7a14769be4638b1bed7ee4082fbd5b3062fb2f7067b9234df407240a1,sympy__sympy-13279,sympy/sympy,613373e31790f06b7324dd5ef887198538204bcc,sympy/core/mul.py,mapped,insertion_anchor_containment,0.8,,sha256:b9502566dd4fe4daced220c4972f5d4896cb844da03a37459ebfecc60a8376e6,Mul.flatten,method,97,4,616,45,modified,1,sympy/core/mul.py,sympy/core/mul.py,271,6,272,10,,271 272 273 274 275 276,273,sha256:e65a34cbdff19c49f992f4fa805f4f9b76351cef2cc13b546bcdd3ff143aa170,,,,,
sha256:749c7804836c3dd325c5353709695acb33c2e85e7f8b51f0f188aa4fc1c50f06,sympy__sympy-13895,sympy/sympy,4da0b64558e9551a11a99bccc63557ba34f50c58,sympy/core/numbers.py,mapped,modified_line_containment,1.0,,sha256:9053f0e272ac6ae2e48a2c4b289199f9952190ddc01cbd0afcc4262a908fea57,Integer._eval_power,method,2182,4,2289,21,modified,0,sympy/core/numbers.py,sympy/core/numbers.py,2248,11,2248,9,2251 2254 2255,2248 2249 2250 2252 2253 2256 2257 2258,2252,sha256:2ce04f2aef489bbe3b89742e06e679742443466637a56b6708d2363044b0e765,,,,,
sha256:e57c3e4b2142f47201e49f6e0a5618a57452b4db20ff6b1063dcb97c40f0b4fb,sympy__sympy-13895,sympy/sympy,4da0b64558e9551a11a99bccc63557ba34f50c58,sympy/core/numbers.py,mapped,modified_line_containment,1.0,,sha256:9053f0e272ac6ae2e48a2c4b289199f9952190ddc01cbd0afcc4262a908fea57,Integer._eval_power,method,2182,4,2289,21,modified,1,sympy/core/numbers.py,sympy/core/numbers.py,2282,10,2280,12,2285,2282 2283 2284 2286 2287 2288 2289 2290 2291,2286,sha256:2ce04f2aef489bbe3b89742e06e679742443466637a56b6708d2363044b0e765,,,,,
sha256:53e8b716cf6e3e1a3c7e54b6bd4925fb74c036bb750bb29fb44b19ad0db3a8cf,sympy__sympy-13903,sympy/sympy,99fdff6c86b73018148f9c22f680d6874b0f4f2c,sympy/printing/fcode.py,mapped,module_level,1.0,,sha256:8eec3fdfa7fcd6aa51b3c75ec6e9dbafc2d16a780b19ab0d181b2dd9c9e3908e,<module>,module,53,0,53,0,modified,0,sympy/printing/fcode.py,sympy/printing/fcode.py,50,7,50,9,53,50 51 52 54 55 56,54,sha256:8c22e45923a04a4e40f8407ca3f57f8843cb92634e3a58f0be4ef9e10afcf28a,,,,,
sha256:da91d1a93429dd72b179c4dcef676709168a8668f0fad2f06825d50fe0cda05f,sympy__sympy-13903,sympy/sympy,99fdff6c86b73018148f9c22f680d6874b0f4f2c,sympy/printing/octave.py,mapped,module_level,0.8,,sha256:85e300197eeaf0af9587e8c393ca8999c844308b3bcd5f51bf9b63abc3eab897,<module>,module,45,0,45,0,modified,0,sympy/printing/octave.py,sympy/printing/octave.py,43,6,43,8,,43 44 45 46 47 48,45,sha256:8c22e45923a04a4e40f8407ca3f57f8843cb92634e3a58f0be4ef9e10afcf28a,,,,,
sha256:f90e5b5bdd2186d5de360f642831f07456941ad2f075eae9a9a7410753a7f335,sympy__sympy-13903,sympy/sympy,99fdff6c86b73018148f9c22f680d6874b0f4f2c,sympy/printing/octave.py,mapped,insertion_anchor_containment,0.8,,sha256:3c8828c07e0d561ae72abe612d0f2a0dea9ba42998d26e08a234651fdc19e06f,OctaveCodePrinter,class,52,0,501,21,modified,1,sympy/printing/octave.py,sympy/printing/octave.py,75,6,77,7,,75 76 77 78 79 80,77,sha256:8c22e45923a04a4e40f8407ca3f57f8843cb92634e3a58f0be4ef9e10afcf28a,,,,,
sha256:9eea225534ba894a25d5ec6b0df066b463d1bcf9af9d427883aa738b7fa4d4ee,sympy__sympy-13903,sympy/sympy,99fdff6c86b73018148f9c22f680d6874b0f4f2c,sympy/printing/octave.py,mapped,insertion_anchor_containment,0.8,,sha256:3c8828c07e0d561ae72abe612d0f2a0dea9ba42998d26e08a234651fdc19e06f,OctaveCodePrinter,class,52,0,501,21,modified,2,sympy/printing/octave.py,sympy/printing/octave.py,432,6,435,16,,432 433 434 435 436 437,434,sha256:8c22e45923a04a4e40f8407ca3f57f8843cb92634e3a58f0be4ef9e10afcf28a,,,,,
sha256:f373adcaf6eb33313f78b13257c4c77e04600c52bde0f535b2ec5215f7691ff9,sympy__sympy-24909,sympy/sympy,d3b4158dea271485e3daa11bf82e69b8dab348ce,sympy/physics/units/prefixes.py,mapped,module_level,1.0,,sha256:8574240f10aa59c5b7e6a5d6941d0794f93ff38a045702512806d004b9d6d428,<module>,module,9,0,9,0,modified,0,sympy/physics/units/prefixes.py,sympy/physics/units/prefixes.py,6,7,6,7,9,6 7 8 10 11 12,10,sha256:fc8ec06d7cb7e45260608aa65da67219b160cd101fdabc61d65ebe0206b2399c,,,,,
sha256:e5dfa1d4dfe8cd5ba2699483d57b73b31602b2a7cd04773337e4cea61f4eb02e,sympy__sympy-24909,sympy/sympy,d3b4158dea271485e3daa11bf82e69b8dab348ce,sympy/physics/units/prefixes.py,mapped,modified_line_containment,1.0,,sha256:f900b3e3cff7eeaa09e7094100b90add061888e8dc2b0ec5da109ed248ba8074,Prefix.__mul__,method,81,4,97,40,modified,1,sympy/physics/units/prefixes.py,sympy/physics/units/prefixes.py,85,9,85,9,88 89 90,85 86 87 91 92 93,91,sha256:fc8ec06d7cb7e45260608aa65da67219b160cd101fdabc61d65ebe0206b2399c,,,,,
sha256:7335933436a3e0364600d8dc8981444726f3fb134b5b49243d877e5772a491bd,sympy__sympy-24909,sympy/sympy,d3b4158dea271485e3daa11bf82e69b8dab348ce,sympy/physics/units/prefixes.py,mapped,modified_line_containment,1.0,,sha256:8a4a031dbd0c51579a8a0df4a67b847602a0eb09af7b4090e679c6bd324cfac5,Prefix.__truediv__,method,99,4,113,40,modified,2,sympy/physics/units/prefixes.py,sympy/physics/units/prefixes.py,103,7,103,7,106,103 104 105 107 108 109,107,sha256:fc8ec06d7cb7e45260608aa65da67219b160cd101fdabc61d65ebe0206b2399c,,,,,
