split,split_role,ticket_id,repo,base_commit,title,outcome,primary_category,primary_category_zh,failure_stage,failure_stage_zh,suggested_next_step,gold_file_count,recovered_gold_count,gold_files,missing_gold_files,index_available,indexed_file_count,sparse_ticket_clues,manual_review_required
development,development_only,astropy__astropy-8747,astropy/astropy,2d99bedef58144e321ec62667eea495d4391ee58,Support new clip ufunc,partial_recall,cross_file_partial_miss,只找回部分正確檔案,initial_retrieval_miss,正確檔案未進入TF-IDF前50名,優先測試API查詢擴充、Import Graph與較大的TF-IDF候選池。,5,4,astropy/units/function/core.py | astropy/units/quantity.py | astropy/units/quantity_helper/converters.py | astropy/units/quantity_helper/helpers.py | astropy/utils/compat/numpycompat.py,astropy/utils/compat/numpycompat.py,True,867,False,False
development,development_only,astropy__astropy-14701,astropy/astropy,a429c3984a14c995584455e51a6f3d7d9c16e914,Register ``latex`` to ``Cosmology.write``,partial_recall,cross_file_partial_miss,只找回部分正確檔案,index_coverage_failure,正確檔案未進入Code Index,檢查測試檔排除規則、支援副檔名與檔案大小限制。,2,1,astropy/cosmology/io/__init__.py | astropy/cosmology/io/latex.py,astropy/cosmology/io/latex.py,True,613,False,False
development,development_only,astropy__astropy-7008,astropy/astropy,264d967708a3dcdb2bce0ed9f9ca3391c40f3ff3,Context manager for constant versions,partial_recall,cross_file_partial_miss,只找回部分正確檔案,index_coverage_failure,正確檔案未進入Code Index,檢查測試檔排除規則、支援副檔名與檔案大小限制。,4,3,astropy/constants/__init__.py | astropy/constants/astropyconst13.py | astropy/constants/astropyconst20.py | astropy/constants/utils.py,astropy/constants/utils.py,True,848,False,False
development,development_only,astropy__astropy-13933,astropy/astropy,5aa2d0beca53988e054d496c6dcfa2199a405fb8,Unpickled Angle.to_string fails,partial_recall,cross_file_partial_miss,只找回部分正確檔案,initial_retrieval_miss,正確檔案未進入TF-IDF前50名,優先測試API查詢擴充、Import Graph與較大的TF-IDF候選池。,2,1,astropy/coordinates/angles.py | astropy/visualization/wcsaxes/formatter_locator.py,astropy/visualization/wcsaxes/formatter_locator.py,True,712,False,False
development,development_only,astropy__astropy-14413,astropy/astropy,34d79ea59b3ba25820dfe7fc9782e9014826e8b0,Unicode and console unit representations sometimes include an extraneous space,partial_recall,cross_file_partial_miss,只找回部分正確檔案,reranker_demotion,正確檔案在TF-IDF前50名，但被SBERT排出前20名,檢查SBERT重排與檔案分數整合，避免正確檔案被排出Top-20。,3,2,astropy/units/format/console.py | astropy/units/format/latex.py | astropy/units/format/unicode_format.py,astropy/units/format/latex.py,True,638,False,False
development,development_only,astropy__astropy-12891,astropy/astropy,691ceab8aea8f7c37ee89b1b806801239bb2dc69,The `where` keyword argument of `np.mean` is not supported for `astropy.units.Quantity` instances.,partial_recall,cross_file_partial_miss,只找回部分正確檔案,reranker_demotion,正確檔案在TF-IDF前50名，但被SBERT排出前20名,檢查SBERT重排與檔案分數整合，避免正確檔案被排出Top-20。,2,1,astropy/units/quantity.py | astropy/utils/masked/core.py,astropy/utils/masked/core.py,True,707,False,False
development,development_only,django__django-13884,django/django,fdfbc66331292def201c9344e3cd29fbcbcd076a,"i18n.set_language unquotes next_url and produces wrong url for url params containing ""&"" character",partial_recall,cross_file_partial_miss,只找回部分正確檔案,initial_retrieval_miss,正確檔案未進入TF-IDF前50名,優先測試API查詢擴充、Import Graph與較大的TF-IDF候選池。,2,1,django/urls/base.py | django/views/i18n.py,django/urls/base.py,True,808,False,False
development,development_only,django__django-13495,django/django,b26ec77deb7c5052163ef8514ec7db70c0a5ea2a,Trunc() function take tzinfo param into account only when DateTimeField() are used as output_field,partial_recall,cross_file_partial_miss,只找回部分正確檔案,reranker_demotion,正確檔案在TF-IDF前50名，但被SBERT排出前20名,檢查SBERT重排與檔案分數整合，避免正確檔案被排出Top-20。,7,4,django/db/backends/base/operations.py | django/db/backends/mysql/operations.py | django/db/backends/oracle/operations.py | django/db/backends/postgresql/operations.py | django/db/backends/sqlite3/base.py | django/db/backends/sqlite3/operations.py | django/db/models/functions/datetime.py,django/db/backends/base/operations.py | django/db/backends/sqlite3/base.py | django/db/backends/sqlite3/operations.py,True,806,False,False
development,development_only,django__django-13512,django/django,b79088306513d5ed76d31ac40ab3c15f858946ea,Admin doesn't display properly unicode chars in JSONFields.,partial_recall,cross_file_partial_miss,只找回部分正確檔案,reranker_demotion,正確檔案在TF-IDF前50名，但被SBERT排出前20名,檢查SBERT重排與檔案分數整合，避免正確檔案被排出Top-20。,2,1,django/contrib/admin/utils.py | django/forms/fields.py,django/contrib/admin/utils.py,True,806,False,False
development,development_only,django__django-11062,django/django,cbf7e71558c94ce1c327b683768a18a25d82d197,Using an annotated field calculated with django.db.models.functions.Extract in aggregate results in ProgrammingError,miss,reranker_demotion,正確檔案在TF-IDF前50名，但被SBERT排出前20名,reranker_demotion,正確檔案在TF-IDF前50名，但被SBERT排出前20名,檢查SBERT重排與檔案分數整合，避免正確檔案被排出Top-20。,1,0,django/db/models/sql/query.py,django/db/models/sql/query.py,True,798,False,False
development,development_only,django__django-13354,django/django,225261b70136fa90e63b6cf4ea10341e793d7341,MigrationOptimizer mangles operation order if app name contains uppercase letters.,miss,initial_retrieval_miss,正確檔案未進入TF-IDF前50名,initial_retrieval_miss,正確檔案未進入TF-IDF前50名,優先測試API查詢擴充、Import Graph與較大的TF-IDF候選池。,1,0,django/db/migrations/operations/utils.py,django/db/migrations/operations/utils.py,True,806,False,False
development,development_only,django__django-15388,django/django,c5cd8783825b5f6384417dac5f3889b4210b7d08,Dev Server fails to restart after adding BASE_DIR to TEMPLATES[0]['DIRS'] in settings,miss,initial_retrieval_miss,正確檔案未進入TF-IDF前50名,initial_retrieval_miss,正確檔案未進入TF-IDF前50名,優先測試API查詢擴充、Import Graph與較大的TF-IDF候選池。,1,0,django/template/autoreload.py,django/template/autoreload.py,True,813,False,False
development,development_only,django__django-14894,django/django,9466fd78420a851460c92673dad50a5737c75b12,Incorrect annotation value when doing a subquery with empty queryset,partial_recall,cross_file_partial_miss,只找回部分正確檔案,initial_retrieval_miss,正確檔案未進入TF-IDF前50名,優先測試API查詢擴充、Import Graph與較大的TF-IDF候選池。,6,5,django/contrib/postgres/aggregates/statistics.py | django/db/models/aggregates.py | django/db/models/expressions.py | django/db/models/functions/comparison.py | django/db/models/sql/compiler.py | django/db/models/sql/query.py,django/contrib/postgres/aggregates/statistics.py,True,811,False,False
development,development_only,django__django-15401,django/django,11cc227344de06ffd0ad7f07c4e4bdd18851adac,Deprecate passing unsaved objects to related filters.,miss,reranker_demotion,正確檔案在TF-IDF前50名，但被SBERT排出前20名,reranker_demotion,正確檔案在TF-IDF前50名，但被SBERT排出前20名,檢查SBERT重排與檔案分數整合，避免正確檔案被排出Top-20。,1,0,django/db/models/fields/related_lookups.py,django/db/models/fields/related_lookups.py,True,814,False,False
development,development_only,django__django-11630,django/django,65e86948b80262574058a94ccaae3a9b59c3faea,Django throws error when different apps with different models have the same name table name.,miss,reranker_demotion,正確檔案在TF-IDF前50名，但被SBERT排出前20名,reranker_demotion,正確檔案在TF-IDF前50名，但被SBERT排出前20名,檢查SBERT重排與檔案分數整合，避免正確檔案被排出Top-20。,1,0,django/core/checks/model_checks.py,django/core/checks/model_checks.py,True,812,False,False
development,development_only,django__django-12771,django/django,0f2885e3f6e0c73c9f455dcbc0326ac11ba4b84c,Store ModeState.fields into a dict.,partial_recall,cross_file_partial_miss,只找回部分正確檔案,mixed_retrieval_and_rerank,同一Ticket同時包含初步檢索與重新排序遺漏,分別處理初步檢索與SBERT重排，不能只調整單一階段。,5,3,django/db/migrations/autodetector.py | django/db/migrations/operations/fields.py | django/db/migrations/operations/models.py | django/db/migrations/operations/utils.py | django/db/migrations/state.py,django/db/migrations/autodetector.py | django/db/migrations/operations/utils.py,True,813,False,True
development,development_only,django__django-16032,django/django,0c3981eb5094419fe200eb46c71b5376a2266166,__in doesn't clear selected fields on the RHS when QuerySet.alias() is used after annotate().,partial_recall,cross_file_partial_miss,只找回部分正確檔案,reranker_demotion,正確檔案在TF-IDF前50名，但被SBERT排出前20名,檢查SBERT重排與檔案分數整合，避免正確檔案被排出Top-20。,2,1,django/db/models/fields/related_lookups.py | django/db/models/sql/query.py,django/db/models/fields/related_lookups.py,True,817,False,False
development,development_only,django__django-14399,django/django,958cdf65ae90d26236d1815bbba804729595ec7a,Documentation: hypercorn and static files,miss,initial_retrieval_miss,正確檔案未進入TF-IDF前50名,initial_retrieval_miss,正確檔案未進入TF-IDF前50名,優先測試API查詢擴充、Import Graph與較大的TF-IDF候選池。,1,0,django/conf/__init__.py,django/conf/__init__.py,True,810,False,False
development,development_only,django__django-14313,django/django,d68be0494be8b82365f2a5410c9335e539d8efd6,Deleting objects after searching related many to many field crashes the admin page,partial_recall,cross_file_partial_miss,只找回部分正確檔案,initial_retrieval_miss,正確檔案未進入TF-IDF前50名,優先測試API查詢擴充、Import Graph與較大的TF-IDF候選池。,3,1,django/contrib/admin/options.py | django/contrib/admin/views/main.py | django/db/models/sql/compiler.py,django/contrib/admin/views/main.py | django/db/models/sql/compiler.py,True,810,False,False
development,development_only,django__django-11138,django/django,c84b91b7603e488f7171fdff8f08368ef3d6b856,"TIME_ZONE value in DATABASES settings is not used when making dates timezone-aware on MySQL, SQLite, and Oracle.",partial_recall,cross_file_partial_miss,只找回部分正確檔案,reranker_demotion,正確檔案在TF-IDF前50名，但被SBERT排出前20名,檢查SBERT重排與檔案分數整合，避免正確檔案被排出Top-20。,4,3,django/db/backends/mysql/operations.py | django/db/backends/oracle/operations.py | django/db/backends/sqlite3/base.py | django/db/backends/sqlite3/operations.py,django/db/backends/sqlite3/base.py,True,796,False,False
development,development_only,django__django-11677,django/django,7203efb799969b4662ecb58f4cefd2a5f2e0062b,Nested OuterRef not looking on the right model for the field.,miss,initial_retrieval_miss,正確檔案未進入TF-IDF前50名,initial_retrieval_miss,正確檔案未進入TF-IDF前50名,優先測試API查詢擴充、Import Graph與較大的TF-IDF候選池。,1,0,django/db/models/sql/where.py,django/db/models/sql/where.py,True,812,False,False
development,development_only,django__django-13250,django/django,bac5777bff8e8d8189193438b5af52f158a3f2a4,JSONField's __contains and __contained_by lookups don't work with nested values on SQLite.,partial_recall,cross_file_partial_miss,只找回部分正確檔案,mixed_retrieval_and_rerank,同一Ticket同時包含初步檢索與重新排序遺漏,分別處理初步檢索與SBERT重排，不能只調整單一階段。,5,3,django/db/backends/base/features.py | django/db/backends/oracle/features.py | django/db/backends/sqlite3/base.py | django/db/backends/sqlite3/features.py | django/db/models/fields/json.py,django/db/backends/base/features.py | django/db/backends/oracle/features.py,True,806,False,True
development,development_only,django__django-12125,django/django,89d41cba392b759732ba9f1db4ff29ed47da6a56,makemigrations produces incorrect path for inner classes,miss,reranker_demotion,正確檔案在TF-IDF前50名，但被SBERT排出前20名,reranker_demotion,正確檔案在TF-IDF前50名，但被SBERT排出前20名,檢查SBERT重排與檔案分數整合，避免正確檔案被排出Top-20。,1,0,django/db/migrations/serializer.py,django/db/migrations/serializer.py,True,813,False,False
development,development_only,django__django-17087,django/django,4a72da71001f154ea60906a2f74898d32b7322a7,Class methods from nested classes cannot be used as Field.default.,miss,initial_retrieval_miss,正確檔案未進入TF-IDF前50名,initial_retrieval_miss,正確檔案未進入TF-IDF前50名,優先測試API查詢擴充、Import Graph與較大的TF-IDF候選池。,1,0,django/db/migrations/serializer.py,django/db/migrations/serializer.py,True,818,False,False
development,development_only,django__django-12113,django/django,62254c5202e80a68f4fe6572a2be46a3d953de1a,admin_views.test_multidb fails with persistent test SQLite database.,miss,initial_retrieval_miss,正確檔案未進入TF-IDF前50名,initial_retrieval_miss,正確檔案未進入TF-IDF前50名,優先測試API查詢擴充、Import Graph與較大的TF-IDF候選池。,1,0,django/db/backends/sqlite3/creation.py,django/db/backends/sqlite3/creation.py,True,813,False,False
development,development_only,django__django-13207,django/django,ba6b32e5efc4c813ba4432777b3b1743d4205d14,Custom collations,partial_recall,cross_file_partial_miss,只找回部分正確檔案,mixed_retrieval_and_rerank,同一Ticket同時包含初步檢索與重新排序遺漏,分別處理初步檢索與SBERT重排，不能只調整單一階段。,16,1,django/core/management/commands/inspectdb.py | django/db/backends/base/features.py | django/db/backends/base/introspection.py | django/db/backends/base/schema.py | django/db/backends/mysql/features.py | django/db/backends/mysql/introspection.py | django/db/backends/mysql/schema.py | django/db/backends/oracle/features.py | django/db/backends/oracle/introspection.py | django/db/backends/oracle/schema.py | django/db/backends/postgresql/features.py | django/db/backends/postgresql/introspection.py | django/db/backends/sqlite3/features.py | django/db/backends/sqlite3/introspection.py | django/db/backends/sqlite3/schema.py | django/db/models/fields/__init__.py,django/core/management/commands/inspectdb.py | django/db/backends/base/features.py | django/db/backends/base/introspection.py | django/db/backends/base/schema.py | django/db/backends/mysql/features.py | django/db/backends/mysql/introspection.py | django/db/backends/mysql/schema.py | django/db/backends/oracle/features.py | django/db/backends/oracle/introspection.py | django/db/backends/oracle/schema.py | django/db/backends/postgresql/features.py | django/db/backends/postgresql/introspection.py | django/db/backends/sqlite3/features.py | django/db/backends/sqlite3/introspection.py | django/db/backends/sqlite3/schema.py,True,806,False,True
development,development_only,django__django-11797,django/django,3346b78a8a872286a245d1e77ef4718fc5e6be1a,Filtering on query result overrides GROUP BY of internal query,miss,reranker_demotion,正確檔案在TF-IDF前50名，但被SBERT排出前20名,reranker_demotion,正確檔案在TF-IDF前50名，但被SBERT排出前20名,檢查SBERT重排與檔案分數整合，避免正確檔案被排出Top-20。,1,0,django/db/models/lookups.py,django/db/models/lookups.py,True,813,False,False
development,development_only,django__django-13530,django/django,ac6c4260074de43a978e5c6553ef89441e1d6748,Using KeyTransform for JSONField produces invalid SQL in various places.,partial_recall,cross_file_partial_miss,只找回部分正確檔案,mixed_retrieval_and_rerank,同一Ticket同時包含初步檢索與重新排序遺漏,分別處理初步檢索與SBERT重排，不能只調整單一階段。,5,1,django/contrib/postgres/aggregates/mixins.py | django/contrib/postgres/constraints.py | django/db/models/expressions.py | django/db/models/fields/json.py | django/db/models/lookups.py,django/contrib/postgres/aggregates/mixins.py | django/contrib/postgres/constraints.py | django/db/models/expressions.py | django/db/models/lookups.py,True,806,False,True
development,development_only,django__django-14997,django/django,0d4e575c96d408e0efb4dfd0cbfc864219776950,Remaking table with unique constraint crashes on SQLite.,miss,initial_retrieval_miss,正確檔案未進入TF-IDF前50名,initial_retrieval_miss,正確檔案未進入TF-IDF前50名,優先測試API查詢擴充、Import Graph與較大的TF-IDF候選池。,1,0,django/db/backends/ddl_references.py,django/db/backends/ddl_references.py,True,811,False,False
development,development_only,django__django-11359,django/django,d08e6f55e3a986a8d4b3a58431d9615c7bc81eaa,Automatically resolve Value's output_field for stdlib types.,partial_recall,cross_file_partial_miss,只找回部分正確檔案,reranker_demotion,正確檔案在TF-IDF前50名，但被SBERT排出前20名,檢查SBERT重排與檔案分數整合，避免正確檔案被排出Top-20。,4,3,django/contrib/gis/db/models/functions.py | django/contrib/postgres/fields/ranges.py | django/db/models/expressions.py | django/db/models/lookups.py,django/db/models/lookups.py,True,816,False,False
development,development_only,django__django-12304,django/django,4c1b401e8250f9f520b3c7dc369554477ce8b15a,Enumeration Types are not usable in templates.,miss,initial_retrieval_miss,正確檔案未進入TF-IDF前50名,initial_retrieval_miss,正確檔案未進入TF-IDF前50名,優先測試API查詢擴充、Import Graph與較大的TF-IDF候選池。,1,0,django/db/models/enums.py,django/db/models/enums.py,True,813,False,False
development,development_only,django__django-16281,django/django,2848e5d0ce5cf3c31fe87525536093b21d570f69,Migration changing ManyToManyField target to 'self' doesn't work correctly,miss,initial_retrieval_miss,正確檔案未進入TF-IDF前50名,initial_retrieval_miss,正確檔案未進入TF-IDF前50名,優先測試API查詢擴充、Import Graph與較大的TF-IDF候選池。,1,0,django/db/backends/sqlite3/schema.py,django/db/backends/sqlite3/schema.py,True,820,False,False
development,development_only,django__django-16311,django/django,a1bcdc94da6d597c51b4eca0411a97a6460b482e,Mitigate the BREACH attack,partial_recall,cross_file_partial_miss,只找回部分正確檔案,initial_retrieval_miss,正確檔案未進入TF-IDF前50名,優先測試API查詢擴充、Import Graph與較大的TF-IDF候選池。,2,1,django/middleware/gzip.py | django/utils/text.py,django/utils/text.py,True,821,False,False
development,development_only,django__django-16816,django/django,191f6a9a4586b5e5f79f4f42f190e7ad4bbacc84,Error E108 does not cover some cases,miss,initial_retrieval_miss,正確檔案未進入TF-IDF前50名,initial_retrieval_miss,正確檔案未進入TF-IDF前50名,優先測試API查詢擴充、Import Graph與較大的TF-IDF候選池。,1,0,django/contrib/admin/checks.py,django/contrib/admin/checks.py,True,819,False,False
development,development_only,django__django-12519,django/django,d4fff711d4c97356bd6ba1273d2a5e349326eb5f,Subquery annotations are omitted in group by query section if multiple annotation are declared,partial_recall,cross_file_partial_miss,只找回部分正確檔案,initial_retrieval_miss,正確檔案未進入TF-IDF前50名,優先測試API查詢擴充、Import Graph與較大的TF-IDF候選池。,3,1,django/db/backends/mysql/base.py | django/db/backends/mysql/validation.py | django/db/models/expressions.py,django/db/backends/mysql/base.py | django/db/backends/mysql/validation.py,True,813,False,False
development,development_only,django__django-14580,django/django,36fa071d6ebd18a61c4d7f1b5c9d17106134bd44,Missing import statement in generated migration (NameError: name 'models' is not defined),miss,initial_retrieval_miss,正確檔案未進入TF-IDF前50名,initial_retrieval_miss,正確檔案未進入TF-IDF前50名,優先測試API查詢擴充、Import Graph與較大的TF-IDF候選池。,1,0,django/db/migrations/serializer.py,django/db/migrations/serializer.py,True,809,False,False
development,development_only,django__django-16229,django/django,04b15022e8d1f49af69d8a1e6cd678f31f1280ff,ModelForm fields with callable defaults don't correctly propagate default values,miss,reranker_demotion,正確檔案在TF-IDF前50名，但被SBERT排出前20名,reranker_demotion,正確檔案在TF-IDF前50名，但被SBERT排出前20名,檢查SBERT重排與檔案分數整合，避免正確檔案被排出Top-20。,1,0,django/forms/boundfield.py,django/forms/boundfield.py,True,820,False,False
development,development_only,django__django-11527,django/django,c2f381ef17058e5cfea58ae507983d2e459a2888,sqlsequencereset should inform that no sequences found.,partial_recall,cross_file_partial_miss,只找回部分正確檔案,initial_retrieval_miss,正確檔案未進入TF-IDF前50名,優先測試API查詢擴充、Import Graph與較大的TF-IDF候選池。,3,1,django/core/management/commands/sqlflush.py | django/core/management/commands/sqlmigrate.py | django/core/management/commands/sqlsequencereset.py,django/core/management/commands/sqlflush.py | django/core/management/commands/sqlmigrate.py,True,799,False,False
development,development_only,django__django-11885,django/django,04ac9b45a34440fa447feb6ae934687aacbfc5f4,Combine fast delete queries,partial_recall,cross_file_partial_miss,只找回部分正確檔案,initial_retrieval_miss,正確檔案未進入TF-IDF前50名,優先測試API查詢擴充、Import Graph與較大的TF-IDF候選池。,2,1,django/contrib/admin/utils.py | django/db/models/deletion.py,django/contrib/admin/utils.py,True,813,False,False
development,development_only,django__django-12754,django/django,18759b2209ff556aed7f20d83cbf23e3d234e41c,FieldError when migrating field to new model subclass.,miss,reranker_demotion,正確檔案在TF-IDF前50名，但被SBERT排出前20名,reranker_demotion,正確檔案在TF-IDF前50名，但被SBERT排出前20名,檢查SBERT重排與檔案分數整合，避免正確檔案被排出Top-20。,1,0,django/db/migrations/autodetector.py,django/db/migrations/autodetector.py,True,811,False,False
development,development_only,django__django-12821,django/django,6c19c2ca51746f30fa35668876416c9178487388,Stop minifying only some admin static assets,partial_recall,cross_file_partial_miss,只找回部分正確檔案,mixed_retrieval_and_rerank,同一Ticket同時包含初步檢索與重新排序遺漏,分別處理初步檢索與SBERT重排，不能只調整單一階段。,3,1,django/contrib/admin/bin/compress.py | django/contrib/admin/helpers.py | django/contrib/admin/options.py,django/contrib/admin/helpers.py | django/contrib/admin/options.py,True,815,False,True
development,development_only,django__django-15629,django/django,694cf458f16b8d340a3195244196980b2dec34fd,Errors with db_collation – no propagation to foreignkeys,partial_recall,cross_file_partial_miss,只找回部分正確檔案,mixed_retrieval_and_rerank,同一Ticket同時包含初步檢索與重新排序遺漏,分別處理初步檢索與SBERT重排，不能只調整單一階段。,4,1,django/db/backends/base/schema.py | django/db/backends/oracle/features.py | django/db/backends/sqlite3/schema.py | django/db/models/fields/related.py,django/db/backends/base/schema.py | django/db/backends/oracle/features.py | django/db/backends/sqlite3/schema.py,True,815,False,True
development,development_only,django__django-15154,django/django,d3a64bea51676fcf8a0ae593cf7b103939e12c87,Detecting uniqueness doesn't work for models with functional unique constraints.,miss,reranker_demotion,正確檔案在TF-IDF前50名，但被SBERT排出前20名,reranker_demotion,正確檔案在TF-IDF前50名，但被SBERT排出前20名,檢查SBERT重排與檔案分數整合，避免正確檔案被排出Top-20。,1,0,django/db/models/options.py,django/db/models/options.py,True,812,False,False
development,development_only,django__django-13344,django/django,e39e727ded673e74016b5d3658d23cbe20234d11,Coroutine passed to the first middleware's process_response() instead of HttpResponse.,partial_recall,cross_file_partial_miss,只找回部分正確檔案,reranker_demotion,正確檔案在TF-IDF前50名，但被SBERT排出前20名,檢查SBERT重排與檔案分數整合，避免正確檔案被排出Top-20。,3,2,django/contrib/sessions/middleware.py | django/middleware/cache.py | django/middleware/security.py,django/contrib/sessions/middleware.py,True,806,False,False
development,development_only,django__django-14430,django/django,fde6fb28984a76d5bee794f4c0458eb25fe56fcd,Coalesce in Aggregations ignored when EmptyResultSet returned,partial_recall,cross_file_partial_miss,只找回部分正確檔案,initial_retrieval_miss,正確檔案未進入TF-IDF前50名,優先測試API查詢擴充、Import Graph與較大的TF-IDF候選池。,6,5,django/contrib/postgres/aggregates/statistics.py | django/db/models/aggregates.py | django/db/models/expressions.py | django/db/models/functions/comparison.py | django/db/models/sql/compiler.py | django/db/models/sql/query.py,django/contrib/postgres/aggregates/statistics.py,True,809,False,False
development,development_only,django__django-15022,django/django,e1d673c373a7d032060872b690a92fc95496612e,Unnecessary joins in admin changelist query,miss,reranker_demotion,正確檔案在TF-IDF前50名，但被SBERT排出前20名,reranker_demotion,正確檔案在TF-IDF前50名，但被SBERT排出前20名,檢查SBERT重排與檔案分數整合，避免正確檔案被排出Top-20。,1,0,django/contrib/admin/options.py,django/contrib/admin/options.py,True,812,False,False
development,development_only,django__django-15052,django/django,25157033e979c134d455d46995a6db0838457d98,Aggregate filtered by an Exists subquery crashes,partial_recall,cross_file_partial_miss,只找回部分正確檔案,initial_retrieval_miss,正確檔案未進入TF-IDF前50名,優先測試API查詢擴充、Import Graph與較大的TF-IDF候選池。,2,1,django/contrib/postgres/aggregates/mixins.py | django/db/models/aggregates.py,django/contrib/postgres/aggregates/mixins.py,True,811,False,False
development,development_only,django__django-12396,django/django,9cc743d0c82e019306d80eb8a83f86f8c6244610,Omits test_ prefix from database name when running subset of tests,partial_recall,cross_file_partial_miss,只找回部分正確檔案,mixed_retrieval_and_rerank,同一Ticket同時包含初步檢索與重新排序遺漏,分別處理初步檢索與SBERT重排，不能只調整單一階段。,6,3,django/core/checks/database.py | django/core/checks/registry.py | django/core/management/base.py | django/core/management/commands/check.py | django/core/management/commands/migrate.py | django/db/models/base.py,django/core/checks/database.py | django/core/management/commands/check.py | django/core/management/commands/migrate.py,True,813,False,True
development,development_only,django__django-12419,django/django,7fa1a93c6c8109010a6ff3f604fda83b604e0e97,Add secure default SECURE_REFERRER_POLICY / Referrer-policy header,miss,reranker_demotion,正確檔案在TF-IDF前50名，但被SBERT排出前20名,reranker_demotion,正確檔案在TF-IDF前50名，但被SBERT排出前20名,檢查SBERT重排與檔案分數整合，避免正確檔案被排出Top-20。,1,0,django/conf/global_settings.py,django/conf/global_settings.py,True,813,False,False
development,development_only,django__django-12313,django/django,f3da09df0f4147223ab76a00a841586ccf11005d,makemigrations does not detect/like model name case changes,partial_recall,cross_file_partial_miss,只找回部分正確檔案,initial_retrieval_miss,正確檔案未進入TF-IDF前50名,優先測試API查詢擴充、Import Graph與較大的TF-IDF候選池。,2,1,django/db/migrations/autodetector.py | django/db/models/fields/related.py,django/db/models/fields/related.py,True,812,False,False
development,development_only,django__django-11815,django/django,e02f67ef2d03d48128e7a118bf75f0418e24e8ac,Migrations uses value of enum object instead of its name.,miss,initial_retrieval_miss,正確檔案未進入TF-IDF前50名,initial_retrieval_miss,正確檔案未進入TF-IDF前50名,優先測試API查詢擴充、Import Graph與較大的TF-IDF候選池。,1,0,django/db/migrations/serializer.py,django/db/migrations/serializer.py,True,813,False,False
development,development_only,django__django-11916,django/django,09578f6dfb757c55f107e30a85434cedeb47465a,Make prefetch_related faster by lazily creating related querysets,partial_recall,cross_file_partial_miss,只找回部分正確檔案,reranker_demotion,正確檔案在TF-IDF前50名，但被SBERT排出前20名,檢查SBERT重排與檔案分數整合，避免正確檔案被排出Top-20。,2,1,django/db/models/fields/related_descriptors.py | django/db/models/query.py,django/db/models/fields/related_descriptors.py,True,812,False,False
development,development_only,django__django-15925,django/django,fd93db97c7228b16a4f92f97ef05b0d72418d952,RemoveField on indexed fields crashes on SQLite 3.35.5+,miss,initial_retrieval_miss,正確檔案未進入TF-IDF前50名,initial_retrieval_miss,正確檔案未進入TF-IDF前50名,優先測試API查詢擴充、Import Graph與較大的TF-IDF候選池。,1,0,django/db/backends/sqlite3/schema.py,django/db/backends/sqlite3/schema.py,True,816,False,False
development,development_only,django__django-15352,django/django,022a864a5d1de28b853f009566a24be251e90d96,Session ID should be cleansed from error reporting,miss,initial_retrieval_miss,正確檔案未進入TF-IDF前50名,initial_retrieval_miss,正確檔案未進入TF-IDF前50名,優先測試API查詢擴充、Import Graph與較大的TF-IDF候選池。,1,0,django/views/debug.py,django/views/debug.py,True,817,False,False
development,development_only,django__django-12928,django/django,859cd7c6b43bf70e2852eda10f635c70feeb397f,Implement autoreload behaviour for cached template loader,partial_recall,cross_file_partial_miss,只找回部分正確檔案,index_coverage_failure,正確檔案未進入Code Index,檢查測試檔排除規則、支援副檔名與檔案大小限制。,5,2,django/template/__init__.py | django/template/autoreload.py | django/template/loaders/cached.py | django/utils/autoreload.py | django/utils/translation/reloader.py,django/template/__init__.py | django/template/autoreload.py | django/utils/translation/reloader.py,True,807,False,False
development,development_only,django__django-11564,django/django,580e644f24f1c5ae5b94784fb73a9953a178fd26,Add support for SCRIPT_NAME in STATIC_URL and MEDIA_URL,miss,initial_retrieval_miss,正確檔案未進入TF-IDF前50名,initial_retrieval_miss,正確檔案未進入TF-IDF前50名,優先測試API查詢擴充、Import Graph與較大的TF-IDF候選池。,1,0,django/conf/__init__.py,django/conf/__init__.py,True,813,False,False
development,development_only,django__django-15139,django/django,08d8bccbf1b0764a0de68325569ee47da256e206,Deprecate PickleSerializer and move it out of core,partial_recall,cross_file_partial_miss,只找回部分正確檔案,initial_retrieval_miss,正確檔案未進入TF-IDF前50名,優先測試API查詢擴充、Import Graph與較大的TF-IDF候選池。,4,3,django/contrib/sessions/backends/base.py | django/contrib/sessions/serializers.py | django/core/cache/backends/redis.py | django/core/serializers/base.py,django/contrib/sessions/backends/base.py,True,813,False,False
development,development_only,django__django-14722,django/django,c1e4111c74ee9d9f48cbee5a5b7c40289203c93d,Moving a unique constraint from unique_together to Field.unique generate an invalid migration.,miss,initial_retrieval_miss,正確檔案未進入TF-IDF前50名,initial_retrieval_miss,正確檔案未進入TF-IDF前50名,優先測試API查詢擴充、Import Graph與較大的TF-IDF候選池。,1,0,django/db/migrations/autodetector.py,django/db/migrations/autodetector.py,True,811,False,False
development,development_only,django__django-13569,django/django,257f8495d6c93e30ab0f52af4c488d7344bcf112,order_by('?') unexpectedly breaking queryset aggregation,miss,initial_retrieval_miss,正確檔案未進入TF-IDF前50名,initial_retrieval_miss,正確檔案未進入TF-IDF前50名,優先測試API查詢擴充、Import Graph與較大的TF-IDF候選池。,1,0,django/db/models/functions/math.py,django/db/models/functions/math.py,True,806,False,False
development,development_only,django__django-13350,django/django,5fcfe5361e5b8c9738b1ee4c1e9a6f293a7dda40,Temporary files do not get deleted on canceled upload request.,partial_recall,cross_file_partial_miss,只找回部分正確檔案,reranker_demotion,正確檔案在TF-IDF前50名，但被SBERT排出前20名,檢查SBERT重排與檔案分數整合，避免正確檔案被排出Top-20。,2,1,django/core/files/uploadhandler.py | django/http/multipartparser.py,django/http/multipartparser.py,True,806,True,True
development,development_only,django__django-12184,django/django,5d674eac871a306405b0fbbaeb17bbeba9c68bf3,Optional URL params crash some view functions.,miss,reranker_demotion,正確檔案在TF-IDF前50名，但被SBERT排出前20名,reranker_demotion,正確檔案在TF-IDF前50名，但被SBERT排出前20名,檢查SBERT重排與檔案分數整合，避免正確檔案被排出Top-20。,1,0,django/urls/resolvers.py,django/urls/resolvers.py,True,812,False,False
development,development_only,django__django-14149,django/django,a96c730431196b119559bbb18a0e85e6ee8b2597,Validate the type of ALLOWED_HOSTS,miss,initial_retrieval_miss,正確檔案未進入TF-IDF前50名,initial_retrieval_miss,正確檔案未進入TF-IDF前50名,優先測試API查詢擴充、Import Graph與較大的TF-IDF候選池。,1,0,django/conf/__init__.py,django/conf/__init__.py,True,809,False,False
development,development_only,django__django-14019,django/django,7c18b22e2fa70aa8dcfadb33beb17933abdf7ee4,Make Index and Constraint __repr__ consistent.,partial_recall,cross_file_partial_miss,只找回部分正確檔案,reranker_demotion,正確檔案在TF-IDF前50名，但被SBERT排出前20名,檢查SBERT重排與檔案分數整合，避免正確檔案被排出Top-20。,3,2,django/contrib/postgres/constraints.py | django/db/models/constraints.py | django/db/models/indexes.py,django/db/models/indexes.py,True,808,False,False
development,development_only,django__django-13915,django/django,9c6ba876928fd20194ac3238dc06aeae66d7bd50,Drop support for Python 3.6 & 3.7.,partial_recall,cross_file_partial_miss,只找回部分正確檔案,initial_retrieval_miss,正確檔案未進入TF-IDF前50名,優先測試API查詢擴充、Import Graph與較大的TF-IDF候選池。,12,1,django/core/management/commands/compilemessages.py | django/db/backends/postgresql/base.py | django/db/backends/sqlite3/base.py | django/db/backends/sqlite3/client.py | django/db/migrations/questioner.py | django/http/cookie.py | django/http/request.py | django/utils/autoreload.py | django/utils/http.py | django/utils/module_loading.py | django/utils/version.py | setup.py,django/core/management/commands/compilemessages.py | django/db/backends/postgresql/base.py | django/db/backends/sqlite3/base.py | django/db/backends/sqlite3/client.py | django/db/migrations/questioner.py | django/http/cookie.py | django/http/request.py | django/utils/autoreload.py | django/utils/http.py | django/utils/module_loading.py | setup.py,True,808,False,False
development,development_only,django__django-15272,django/django,847f46e9bf88964484c8b76a10af753ea1018311,Add a management command to optimize a migration,miss,index_coverage_failure,正確檔案未進入Code Index,index_coverage_failure,正確檔案未進入Code Index,檢查測試檔排除規則、支援副檔名與檔案大小限制。,1,0,django/core/management/commands/optimizemigration.py,django/core/management/commands/optimizemigration.py,True,813,False,False
development,development_only,django__django-16599,django/django,cc67344db9de0248ba1064f7e986c6b29276a7b1,Querying with an integer larger than SQLite supports crashes with OverflowError,miss,initial_retrieval_miss,正確檔案未進入TF-IDF前50名,initial_retrieval_miss,正確檔案未進入TF-IDF前50名,優先測試API查詢擴充、Import Graph與較大的TF-IDF候選池。,1,0,django/db/models/lookups.py,django/db/models/lookups.py,True,818,False,False
development,development_only,django__django-14785,django/django,93f3b7a0ba2969109940775a18515728603afac6,NaN can be stored in DecimalField but cannot be retrieved,miss,reranker_demotion,正確檔案在TF-IDF前50名，但被SBERT排出前20名,reranker_demotion,正確檔案在TF-IDF前50名，但被SBERT排出前20名,檢查SBERT重排與檔案分數整合，避免正確檔案被排出Top-20。,1,0,django/db/models/fields/__init__.py,django/db/models/fields/__init__.py,True,811,False,False
development,development_only,matplotlib__matplotlib-25126,matplotlib/matplotlib,f3938be9f3be3446065e184b810ee0a8bcb54901,"[Bug]: ax.plot(x,y) disappears after changing y_scale",miss,analysis_unavailable,缺少Code Index或TF-IDF前50資料，暫時無法判定,analysis_unavailable,缺少Code Index或TF-IDF前50資料，暫時無法判定,人工檢查Ticket線索、索引與候選排名。,1,0,lib/matplotlib/transforms.py,lib/matplotlib/transforms.py,False,0,False,True
development,development_only,matplotlib__matplotlib-24749,matplotlib/matplotlib,84cc898d6475a6bd1f14bd60d53e914484768ca3,[Bug]: contour raises IndexError if Z is specified as keyword argument,miss,analysis_unavailable,缺少Code Index或TF-IDF前50資料，暫時無法判定,analysis_unavailable,缺少Code Index或TF-IDF前50資料，暫時無法判定,人工檢查Ticket線索、索引與候選排名。,1,0,lib/matplotlib/contour.py,lib/matplotlib/contour.py,False,0,False,True
development,development_only,matplotlib__matplotlib-18869,matplotlib/matplotlib,b7d05919865fc0c37a0164cf467d5d5513bd0ede,Add easily comparable version info to toplevel,miss,analysis_unavailable,缺少Code Index或TF-IDF前50資料，暫時無法判定,analysis_unavailable,缺少Code Index或TF-IDF前50資料，暫時無法判定,人工檢查Ticket線索、索引與候選排名。,1,0,lib/matplotlib/__init__.py,lib/matplotlib/__init__.py,False,0,False,True
development,development_only,matplotlib__matplotlib-25027,matplotlib/matplotlib,f0f133943d3e4f1e2e665291fe1c8f658a84cc09,[ENH]: support RGB(A) in pcolor,partial_recall,cross_file_partial_miss,只找回部分正確檔案,analysis_unavailable,缺少Code Index或TF-IDF前50資料，暫時無法判定,人工確認遺漏檔案與已命中檔案的程式關係。,2,1,lib/matplotlib/axes/_axes.py | lib/matplotlib/collections.py,lib/matplotlib/collections.py,False,0,False,True
development,development_only,matplotlib__matplotlib-26078,matplotlib/matplotlib,fc350ea5343cf96e231656d97d4b7ac2f32c97d8,[Bug]: parasite_axes does not properly handle units,partial_recall,cross_file_partial_miss,只找回部分正確檔案,analysis_unavailable,缺少Code Index或TF-IDF前50資料，暫時無法判定,人工確認遺漏檔案與已命中檔案的程式關係。,3,1,lib/matplotlib/axes/_axes.py | lib/matplotlib/axes/_base.py | lib/mpl_toolkits/mplot3d/axes3d.py,lib/matplotlib/axes/_axes.py | lib/mpl_toolkits/mplot3d/axes3d.py,False,0,False,True
development,development_only,matplotlib__matplotlib-25551,matplotlib/matplotlib,5b85655c84fb2e149a548374d7259230577b6181,handling of zeros in log-scale changes irreversibly after user zoom,partial_recall,cross_file_partial_miss,只找回部分正確檔案,analysis_unavailable,缺少Code Index或TF-IDF前50資料，暫時無法判定,人工確認遺漏檔案與已命中檔案的程式關係。,2,1,lib/matplotlib/axes/_base.py | lib/mpl_toolkits/mplot3d/axes3d.py,lib/mpl_toolkits/mplot3d/axes3d.py,False,0,True,True
development,development_only,matplotlib__matplotlib-23742,matplotlib/matplotlib,942aa77a4ba1bd5b50e22c0246240b27ba925305,[Bug]: Bug with toolbar instantiation in notebook,partial_recall,cross_file_partial_miss,只找回部分正確檔案,analysis_unavailable,缺少Code Index或TF-IDF前50資料，暫時無法判定,人工確認遺漏檔案與已命中檔案的程式關係。,2,1,examples/user_interfaces/embedding_webagg_sgskip.py | lib/matplotlib/backends/backend_webagg_core.py,examples/user_interfaces/embedding_webagg_sgskip.py,False,0,False,True
development,development_only,matplotlib__matplotlib-22945,matplotlib/matplotlib,89b21b517df0b2a9c378913bae8e1f184988b554,[Bug]: Regression in animation from #22175,miss,initial_retrieval_miss,正確檔案未進入TF-IDF前50名,initial_retrieval_miss,正確檔案未進入TF-IDF前50名,優先測試API查詢擴充、Import Graph與較大的TF-IDF候選池。,1,0,lib/matplotlib/collections.py,lib/matplotlib/collections.py,True,1030,False,False
development,development_only,matplotlib__matplotlib-25311,matplotlib/matplotlib,430fb1db88843300fb4baae3edc499bbfe073b0c,[Bug]: Unable to pickle figure with draggable legend,miss,analysis_unavailable,缺少Code Index或TF-IDF前50資料，暫時無法判定,analysis_unavailable,缺少Code Index或TF-IDF前50資料，暫時無法判定,人工檢查Ticket線索、索引與候選排名。,1,0,lib/matplotlib/offsetbox.py,lib/matplotlib/offsetbox.py,False,0,False,True
development,development_only,matplotlib__matplotlib-25332,matplotlib/matplotlib,66ba515e671638971bd11a34cff12c107a437e0b,[Bug]: Unable to pickle figure with aligned labels,miss,analysis_unavailable,缺少Code Index或TF-IDF前50資料，暫時無法判定,analysis_unavailable,缺少Code Index或TF-IDF前50資料，暫時無法判定,人工檢查Ticket線索、索引與候選排名。,1,0,lib/matplotlib/cbook.py,lib/matplotlib/cbook.py,False,0,False,True
development,development_only,matplotlib__matplotlib-26122,matplotlib/matplotlib,6391678cc16042ceebb1dec1a6e2aa224ce77366,imshow() should not modify axes aspect if transform != ax.transData.,partial_recall,cross_file_partial_miss,只找回部分正確檔案,analysis_unavailable,缺少Code Index或TF-IDF前50資料，暫時無法判定,人工確認遺漏檔案與已命中檔案的程式關係。,2,1,galleries/examples/misc/demo_ribbon_box.py | lib/matplotlib/axes/_axes.py,galleries/examples/misc/demo_ribbon_box.py,False,0,False,True
development,development_only,matplotlib__matplotlib-24971,matplotlib/matplotlib,a3011dfd1aaa2487cce8aa7369475533133ef777,[Bug]: compressed layout setting can be forgotten on second save,miss,analysis_unavailable,缺少Code Index或TF-IDF前50資料，暫時無法判定,analysis_unavailable,缺少Code Index或TF-IDF前50資料，暫時無法判定,人工檢查Ticket線索、索引與候選排名。,1,0,lib/matplotlib/_tight_bbox.py,lib/matplotlib/_tight_bbox.py,False,0,False,True
development,development_only,matplotlib__matplotlib-25775,matplotlib/matplotlib,26224d96066b5c60882296c551f54ca7732c0af0,[ENH]: Add get/set_antialiased to Text objects,partial_recall,cross_file_partial_miss,只找回部分正確檔案,analysis_unavailable,缺少Code Index或TF-IDF前50資料，暫時無法判定,人工確認遺漏檔案與已命中檔案的程式關係。,3,2,lib/matplotlib/backends/backend_agg.py | lib/matplotlib/backends/backend_cairo.py | lib/matplotlib/text.py,lib/matplotlib/text.py,False,0,False,True
development,development_only,matplotlib__matplotlib-25640,matplotlib/matplotlib,61ed3f40057a48821ccad758fd5f04f0df1b8aab,PGF output: Contour labels extend beyond figure boundary,miss,analysis_unavailable,缺少Code Index或TF-IDF前50資料，暫時無法判定,analysis_unavailable,缺少Code Index或TF-IDF前50資料，暫時無法判定,人工檢查Ticket線索、索引與候選排名。,1,0,lib/matplotlib/backends/backend_pgf.py,lib/matplotlib/backends/backend_pgf.py,False,0,False,True
development,development_only,matplotlib__matplotlib-19553,matplotlib/matplotlib,ca275dca26d746fb1ce59a16e8c0f7db42d6813a,make `Normalize` objects notifiy scalar-mappables on changes,partial_recall,cross_file_partial_miss,只找回部分正確檔案,analysis_unavailable,缺少Code Index或TF-IDF前50資料，暫時無法判定,人工確認遺漏檔案與已命中檔案的程式關係。,5,4,lib/matplotlib/cm.py | lib/matplotlib/colorbar.py | lib/matplotlib/colors.py | lib/matplotlib/contour.py | lib/matplotlib/image.py,lib/matplotlib/contour.py,False,0,False,True
development,development_only,matplotlib__matplotlib-25779,matplotlib/matplotlib,06305a2f5dc589888697b3b909859103b8259153,Plot ellipse with arrow showing rotation,partial_recall,cross_file_partial_miss,只找回部分正確檔案,analysis_unavailable,缺少Code Index或TF-IDF前50資料，暫時無法判定,人工確認遺漏檔案與已命中檔案的程式關係。,2,1,galleries/examples/shapes_and_collections/ellipse_arrow.py | lib/matplotlib/patches.py,galleries/examples/shapes_and_collections/ellipse_arrow.py,False,0,False,True
development,development_only,matplotlib__matplotlib-23031,matplotlib/matplotlib,c3cf938bc02cbbb0d853c54255c4197b6e90ea1e,[MNT]: Require that matplotlibrc/style files use utf-8 (or have an encoding cookie),partial_recall,cross_file_partial_miss,只找回部分正確檔案,analysis_unavailable,缺少Code Index或TF-IDF前50資料，暫時無法判定,人工確認遺漏檔案與已命中檔案的程式關係。,2,1,lib/matplotlib/__init__.py | setup.py,setup.py,False,0,False,True
development,development_only,matplotlib__matplotlib-21238,matplotlib/matplotlib,8a8dd9093d381500555bccf46fc5d46b42d132ec,mpl_connect silently does nothing when passed an invalid event type string,partial_recall,cross_file_partial_miss,只找回部分正確檔案,analysis_unavailable,缺少Code Index或TF-IDF前50資料，暫時無法判定,人工確認遺漏檔案與已命中檔案的程式關係。,9,2,lib/matplotlib/artist.py | lib/matplotlib/axes/_base.py | lib/matplotlib/axis.py | lib/matplotlib/cbook/__init__.py | lib/matplotlib/cm.py | lib/matplotlib/colors.py | lib/matplotlib/container.py | lib/matplotlib/figure.py | lib/matplotlib/widgets.py,lib/matplotlib/artist.py | lib/matplotlib/axes/_base.py | lib/matplotlib/axis.py | lib/matplotlib/cbook/__init__.py | lib/matplotlib/cm.py | lib/matplotlib/colors.py | lib/matplotlib/container.py,False,0,False,True
development,development_only,matplotlib__matplotlib-26341,matplotlib/matplotlib,2aee6ccd7c7e1f8d282c1e7579f4ee546b838542,[MNT]: Make cyclers indexable and rely on indexing them rather than itertools.cycle,partial_recall,cross_file_partial_miss,只找回部分正確檔案,analysis_unavailable,缺少Code Index或TF-IDF前50資料，暫時無法判定,人工確認遺漏檔案與已命中檔案的程式關係。,2,1,lib/matplotlib/axes/_base.py | lib/matplotlib/sankey.py,lib/matplotlib/sankey.py,False,0,False,True
development,development_only,matplotlib__matplotlib-20826,matplotlib/matplotlib,a0d2e399729d36499a1924e5ca5bc067c8396810,"ax.clear() adds extra ticks, un-hides shared-axis tick labels",miss,analysis_unavailable,缺少Code Index或TF-IDF前50資料，暫時無法判定,analysis_unavailable,缺少Code Index或TF-IDF前50資料，暫時無法判定,人工檢查Ticket線索、索引與候選排名。,1,0,lib/matplotlib/axis.py,lib/matplotlib/axis.py,False,0,False,True
development,development_only,mwaskom__seaborn-2813,mwaskom/seaborn,60e58eb07e4448694ca25e887684d39d5138babd,histplot stat=count does not count all data points,partial_recall,cross_file_partial_miss,只找回部分正確檔案,reranker_demotion,正確檔案在TF-IDF前50名，但被SBERT排出前20名,檢查SBERT重排與檔案分數整合，避免正確檔案被排出Top-20。,3,2,seaborn/_statistics.py | seaborn/axisgrid.py | seaborn/regression.py,seaborn/regression.py,True,108,False,False
development,development_only,psf__requests-2153,psf/requests,3eb69be879063de4803f7f0152b83738a1c95ca4,Uncaught socket.timeout during post,partial_recall,cross_file_partial_miss,只找回部分正確檔案,initial_retrieval_miss,正確檔案未進入TF-IDF前50名,優先測試API查詢擴充、Import Graph與較大的TF-IDF候選池。,2,1,requests/compat.py | requests/models.py,requests/compat.py,True,82,False,False
development,development_only,psf__requests-2678,psf/requests,276202f51ee9967969eafc1880c4785c80d63d3b,urllib3 exceptions passing through requests API,partial_recall,cross_file_partial_miss,只找回部分正確檔案,index_coverage_failure,正確檔案未進入Code Index,檢查測試檔排除規則、支援副檔名與檔案大小限制。,16,11,requests/adapters.py | requests/auth.py | requests/packages/__init__.py | requests/packages/urllib3/__init__.py | requests/packages/urllib3/connection.py | requests/packages/urllib3/connectionpool.py | requests/packages/urllib3/contrib/appengine.py | requests/packages/urllib3/contrib/pyopenssl.py | requests/packages/urllib3/exceptions.py | requests/packages/urllib3/poolmanager.py | requests/packages/urllib3/request.py | requests/packages/urllib3/response.py | requests/packages/urllib3/util/connection.py | requests/packages/urllib3/util/response.py | requests/packages/urllib3/util/retry.py | requests/packages/urllib3/util/ssl_.py,requests/auth.py | requests/packages/__init__.py | requests/packages/urllib3/contrib/appengine.py | requests/packages/urllib3/contrib/pyopenssl.py | requests/packages/urllib3/util/ssl_.py,True,82,False,False
development,development_only,pydata__xarray-4684,pydata/xarray,0f1eb96c924bad60ea87edd9139325adabfefa33,Millisecond precision is lost on datetime64 during IO roundtrip,miss,reranker_demotion,正確檔案在TF-IDF前50名，但被SBERT排出前20名,reranker_demotion,正確檔案在TF-IDF前50名，但被SBERT排出前20名,檢查SBERT重排與檔案分數整合，避免正確檔案被排出Top-20。,1,0,xarray/coding/times.py,xarray/coding/times.py,True,101,False,False
development,development_only,pydata__xarray-7179,pydata/xarray,076bd8e15f04878d7b97100fb29177697018138f,Long import time,partial_recall,cross_file_partial_miss,只找回部分正確檔案,mixed_retrieval_and_rerank,同一Ticket同時包含初步檢索與重新排序遺漏,分別處理初步檢索與SBERT重排，不能只調整單一階段。,23,8,asv_bench/benchmarks/import.py | xarray/backends/cfgrib_.py | xarray/backends/common.py | xarray/backends/h5netcdf_.py | xarray/backends/netCDF4_.py | xarray/backends/pseudonetcdf_.py | xarray/backends/pydap_.py | xarray/backends/pynio_.py | xarray/backends/scipy_.py | xarray/backends/zarr.py | xarray/convert.py | xarray/core/_aggregations.py | xarray/core/dataset.py | xarray/core/duck_array_ops.py | xarray/core/formatting.py | xarray/core/indexing.py | xarray/core/missing.py | xarray/core/parallel.py | xarray/core/pycompat.py | xarray/core/utils.py | xarray/core/variable.py | xarray/plot/utils.py | xarray/util/generate_aggregations.py,xarray/backends/cfgrib_.py | xarray/backends/h5netcdf_.py | xarray/backends/netCDF4_.py | xarray/backends/pseudonetcdf_.py | xarray/backends/pydap_.py | xarray/backends/pynio_.py | xarray/backends/scipy_.py | xarray/backends/zarr.py | xarray/convert.py | xarray/core/_aggregations.py | xarray/core/duck_array_ops.py | xarray/core/missing.py | xarray/core/parallel.py | xarray/plot/utils.py | xarray/util/generate_aggregations.py,True,112,False,True
development,development_only,pydata__xarray-5662,pydata/xarray,2694046c748a51125de6d460073635f1d789958e,Limit number of displayed dimensions in repr,miss,initial_retrieval_miss,正確檔案未進入TF-IDF前50名,initial_retrieval_miss,正確檔案未進入TF-IDF前50名,優先測試API查詢擴充、Import Graph與較大的TF-IDF候選池。,1,0,xarray/core/formatting.py,xarray/core/formatting.py,True,107,False,False
development,development_only,pydata__xarray-7112,pydata/xarray,114bf98719f31a653f2ef7bc7fcdfaf010eb3612,New deep copy behavior in 2022.9.0 causes maximum recursion error,partial_recall,cross_file_partial_miss,只找回部分正確檔案,initial_retrieval_miss,正確檔案未進入TF-IDF前50名,優先測試API查詢擴充、Import Graph與較大的TF-IDF候選池。,5,4,xarray/core/dataarray.py | xarray/core/dataset.py | xarray/core/formatting.py | xarray/core/utils.py | xarray/core/variable.py,xarray/core/formatting.py,True,110,False,False
development,development_only,pydata__xarray-4184,pydata/xarray,65ca92a5c0a4143d00dd7a822bcb1d49738717f1,Stack + to_array before to_xarray is much faster that a simple to_xarray,partial_recall,cross_file_partial_miss,只找回部分正確檔案,index_coverage_failure,正確檔案未進入Code Index,檢查測試檔排除規則、支援副檔名與檔案大小限制。,3,1,asv_bench/benchmarks/pandas.py | xarray/core/dataset.py | xarray/core/indexes.py,asv_bench/benchmarks/pandas.py | xarray/core/indexes.py,True,96,False,False
development,development_only,pydata__xarray-4248,pydata/xarray,98dc1f4ea18738492e074e9e51ddfed5cd30ab94,Feature request: show units in dataset overview,miss,reranker_demotion,正確檔案在TF-IDF前50名，但被SBERT排出前20名,reranker_demotion,正確檔案在TF-IDF前50名，但被SBERT排出前20名,檢查SBERT重排與檔案分數整合，避免正確檔案被排出Top-20。,1,0,xarray/core/formatting.py,xarray/core/formatting.py,True,97,False,False
development,development_only,pydata__xarray-3239,pydata/xarray,e90e8bc06cf8e7c97c7dc4c0e8ff1bf87c49faf6,We need a fast path for open_mfdataset,partial_recall,cross_file_partial_miss,只找回部分正確檔案,reranker_demotion,正確檔案在TF-IDF前50名，但被SBERT排出前20名,檢查SBERT重排與檔案分數整合，避免正確檔案被排出Top-20。,5,3,xarray/backends/api.py | xarray/core/combine.py | xarray/core/concat.py | xarray/core/dataarray.py | xarray/core/merge.py,xarray/core/concat.py | xarray/core/merge.py,True,92,False,False
development,development_only,pydata__xarray-4683,pydata/xarray,19ebec52ef93ab8a640d04eb0edb7264823f6ba8,astype method lost its order parameter,partial_recall,cross_file_partial_miss,只找回部分正確檔案,reranker_demotion,正確檔案在TF-IDF前50名，但被SBERT排出前20名,檢查SBERT重排與檔案分數整合，避免正確檔案被排出Top-20。,4,3,doc/conf.py | xarray/core/common.py | xarray/core/duck_array_ops.py | xarray/core/variable.py,doc/conf.py,True,100,False,False
development,development_only,pydata__xarray-6548,pydata/xarray,126051f2bf2ddb7926a7da11b047b852d5ca6b87,xr.polyval first arg requires name attribute,partial_recall,cross_file_partial_miss,只找回部分正確檔案,index_coverage_failure,正確檔案未進入Code Index,檢查測試檔排除規則、支援副檔名與檔案大小限制。,2,1,asv_bench/benchmarks/polyfit.py | xarray/core/computation.py,asv_bench/benchmarks/polyfit.py,True,107,False,False
development,development_only,pydata__xarray-3733,pydata/xarray,009aa66620b3437cf0de675013fa7d1ff231963c,Implement polyfit?,partial_recall,cross_file_partial_miss,只找回部分正確檔案,mixed_retrieval_and_rerank,同一Ticket同時包含初步檢索與重新排序遺漏,分別處理初步檢索與SBERT重排，不能只調整單一階段。,7,5,xarray/__init__.py | xarray/core/computation.py | xarray/core/dask_array_ops.py | xarray/core/dataarray.py | xarray/core/dataset.py | xarray/core/duck_array_ops.py | xarray/core/nputils.py,xarray/__init__.py | xarray/core/dask_array_ops.py,True,95,False,True
development,development_only,pydata__xarray-4911,pydata/xarray,7c4e2ac83f7b4306296ff9b7b51aaf016e5ad614,Sum and prod with min_count forces evaluation,partial_recall,cross_file_partial_miss,只找回部分正確檔案,initial_retrieval_miss,正確檔案未進入TF-IDF前50名,優先測試API查詢擴充、Import Graph與較大的TF-IDF候選池。,3,2,xarray/core/dtypes.py | xarray/core/nanops.py | xarray/core/ops.py,xarray/core/dtypes.py,True,102,False,False
development,development_only,pylint-dev__pylint-8929,pylint-dev/pylint,f40e9ffd766bb434a0181dd9db3886115d2dfb2f,Exporting to JSON does not honor score option,partial_recall,cross_file_partial_miss,只找回部分正確檔案,initial_retrieval_miss,正確檔案未進入TF-IDF前50名,優先測試API查詢擴充、Import Graph與較大的TF-IDF候選池。,5,3,pylint/interfaces.py | pylint/lint/base_options.py | pylint/reporters/__init__.py | pylint/reporters/json_reporter.py | pylint/testutils/_primer/primer_run_command.py,pylint/interfaces.py | pylint/reporters/__init__.py,True,1007,False,False
development,development_only,pylint-dev__pylint-4551,pylint-dev/pylint,99589b08de8c5a2c6cc61e13a37420a868c80599,Use Python type hints for UML generation,partial_recall,cross_file_partial_miss,只找回部分正確檔案,mixed_retrieval_and_rerank,同一Ticket同時包含初步檢索與重新排序遺漏,分別處理初步檢索與SBERT重排，不能只調整單一階段。,4,2,pylint/pyreverse/diagrams.py | pylint/pyreverse/inspector.py | pylint/pyreverse/utils.py | pylint/pyreverse/writer.py,pylint/pyreverse/inspector.py | pylint/pyreverse/utils.py,True,117,False,True
development,development_only,pylint-dev__pylint-7097,pylint-dev/pylint,c33d237e6ea5795632295bb6390778a21e6f4080,Traceback on unknown encoding,partial_recall,cross_file_partial_miss,只找回部分正確檔案,reranker_demotion,正確檔案在TF-IDF前50名，但被SBERT排出前20名,檢查SBERT重排與檔案分數整合，避免正確檔案被排出Top-20。,2,1,pylint/checkers/imports.py | pylint/lint/pylinter.py,pylint/checkers/imports.py,True,853,False,False
development,development_only,pylint-dev__pylint-7114,pylint-dev/pylint,397c1703e8ae6349d33f7b99f45b2ccaf581e666,Linting fails if module contains module of the same name,miss,reranker_demotion,正確檔案在TF-IDF前50名，但被SBERT排出前20名,reranker_demotion,正確檔案在TF-IDF前50名，但被SBERT排出前20名,檢查SBERT重排與檔案分數整合，避免正確檔案被排出Top-20。,1,0,pylint/lint/expand_modules.py,pylint/lint/expand_modules.py,True,852,False,False
development,development_only,pylint-dev__pylint-7080,pylint-dev/pylint,3c5eca2ded3dd2b59ebaf23eb289453b5d2930f0,`--recursive=y` ignores `ignore-paths`,miss,reranker_demotion,正確檔案在TF-IDF前50名，但被SBERT排出前20名,reranker_demotion,正確檔案在TF-IDF前50名，但被SBERT排出前20名,檢查SBERT重排與檔案分數整合，避免正確檔案被排出Top-20。,1,0,pylint/lint/expand_modules.py,pylint/lint/expand_modules.py,True,845,False,False
development,development_only,pylint-dev__pylint-6358,pylint-dev/pylint,1de6da157c260c5a1398bc59c5f2b57abc4912a6,`ignore-imports` option ignored,miss,reranker_demotion,正確檔案在TF-IDF前50名，但被SBERT排出前20名,reranker_demotion,正確檔案在TF-IDF前50名，但被SBERT排出前20名,檢查SBERT重排與檔案分數整合，避免正確檔案被排出Top-20。,1,0,pylint/checkers/similar.py,pylint/checkers/similar.py,True,355,False,False
development,development_only,pylint-dev__pylint-7228,pylint-dev/pylint,d597f252915ddcaaa15ccdfcb35670152cb83587,rxg include '\p{Han}' will throw error,miss,reranker_demotion,正確檔案在TF-IDF前50名，但被SBERT排出前20名,reranker_demotion,正確檔案在TF-IDF前50名，但被SBERT排出前20名,檢查SBERT重排與檔案分數整合，避免正確檔案被排出Top-20。,1,0,pylint/config/argument.py,pylint/config/argument.py,True,852,False,False
development,development_only,pylint-dev__pylint-6517,pylint-dev/pylint,58c4f370c7395d9d4e202ba83623768abcc3ac24,Pylint runs unexpectedly pass if `confidence=` in pylintrc,miss,reranker_demotion,正確檔案在TF-IDF前50名，但被SBERT排出前20名,reranker_demotion,正確檔案在TF-IDF前50名，但被SBERT排出前20名,檢查SBERT重排與檔案分數整合，避免正確檔案被排出Top-20。,1,0,pylint/config/argument.py,pylint/config/argument.py,True,402,False,False
development,development_only,pylint-dev__pylint-4492,pylint-dev/pylint,5ebbc30afbaa1a3c1e04fc86c3525edf9f579640,Allow parseable output in parallel of human-readable output,partial_recall,cross_file_partial_miss,只找回部分正確檔案,index_coverage_failure,正確檔案未進入Code Index,檢查測試檔排除規則、支援副檔名與檔案大小限制。,3,1,pylint/lint/pylinter.py | pylint/reporters/__init__.py | pylint/reporters/multi_reporter.py,pylint/reporters/__init__.py | pylint/reporters/multi_reporter.py,True,114,False,False
development,development_only,pylint-dev__pylint-5201,pylint-dev/pylint,772b3dcc0b0770a843653783e5c93b4256e5ec6f,ignore-paths: normalize path to PosixPath,partial_recall,cross_file_partial_miss,只找回部分正確檔案,initial_retrieval_miss,正確檔案未進入TF-IDF前50名,優先測試API查詢擴充、Import Graph與較大的TF-IDF候選池。,4,3,pylint/config/option.py | pylint/lint/expand_modules.py | pylint/lint/pylinter.py | pylint/utils/utils.py,pylint/config/option.py,True,128,False,False
development,development_only,pylint-dev__pylint-5136,pylint-dev/pylint,3a5a91c0fa0761555aed2cb03270e2bb63b400fb,Possibly move ``MessagesHandlerMixIn`` into ``PyLinter``,partial_recall,cross_file_partial_miss,只找回部分正確檔案,mixed_retrieval_and_rerank,同一Ticket同時包含初步檢索與重新排序遺漏,分別處理初步檢索與SBERT重排，不能只調整單一階段。,5,2,pylint/checkers/misc.py | pylint/lint/pylinter.py | pylint/message/__init__.py | pylint/message/message_handler_mix_in.py | pylint/typing.py,pylint/checkers/misc.py | pylint/message/__init__.py | pylint/typing.py,True,129,False,True
development,development_only,pylint-dev__pylint-4516,pylint-dev/pylint,0b5a44359d8255c136af27c0ef5f5b196a526430,Ignore clause not ignoring directories,partial_recall,cross_file_partial_miss,只找回部分正確檔案,reranker_demotion,正確檔案在TF-IDF前50名，但被SBERT排出前20名,檢查SBERT重排與檔案分數整合，避免正確檔案被排出Top-20。,2,1,pylint/lint/expand_modules.py | pylint/lint/pylinter.py,pylint/lint/pylinter.py,True,115,False,False
development,development_only,pytest-dev__pytest-5479,pytest-dev/pytest,2301fa61dee4e3724efdfd8cbf3a93af143aef4c,cannot make unicode match assertions with pytest.raises python2 pytest,miss,initial_retrieval_miss,正確檔案未進入TF-IDF前50名,initial_retrieval_miss,正確檔案未進入TF-IDF前50名,優先測試API查詢擴充、Import Graph與較大的TF-IDF候選池。,1,0,src/_pytest/_code/code.py,src/_pytest/_code/code.py,True,185,False,False
development,development_only,pytest-dev__pytest-5787,pytest-dev/pytest,955e54221008aba577ecbaefa15679f6777d3bf8,exception serialization should include chained exceptions,miss,reranker_demotion,正確檔案在TF-IDF前50名，但被SBERT排出前20名,reranker_demotion,正確檔案在TF-IDF前50名，但被SBERT排出前20名,檢查SBERT重排與檔案分數整合，避免正確檔案被排出Top-20。,1,0,src/_pytest/reports.py,src/_pytest/reports.py,True,189,False,False
development,development_only,pytest-dev__pytest-8447,pytest-dev/pytest,6447ca5f1e1f1e02fe1ac43621f642303f7bfe62,Unexpected keyword argument 'path' from plugins,partial_recall,cross_file_partial_miss,只找回部分正確檔案,reranker_demotion,正確檔案在TF-IDF前50名，但被SBERT排出前20名,檢查SBERT重排與檔案分數整合，避免正確檔案被排出Top-20。,2,1,src/_pytest/main.py | src/_pytest/nodes.py,src/_pytest/main.py,True,224,False,False
development,development_only,pytest-dev__pytest-7466,pytest-dev/pytest,678c1a0745f1cf175c442c719906a1f13e496910,Support NO_COLOR to disable colored output,miss,reranker_demotion,正確檔案在TF-IDF前50名，但被SBERT排出前20名,reranker_demotion,正確檔案在TF-IDF前50名，但被SBERT排出前20名,檢查SBERT重排與檔案分數整合，避免正確檔案被排出Top-20。,1,0,src/_pytest/_io/terminalwriter.py,src/_pytest/_io/terminalwriter.py,True,202,False,False
development,development_only,pytest-dev__pytest-8987,pytest-dev/pytest,a446ee81fd6674c2b7d1f0ee76467f1ffc1619fc,"pytest -k doesn't work with ""\""?",miss,reranker_demotion,正確檔案在TF-IDF前50名，但被SBERT排出前20名,reranker_demotion,正確檔案在TF-IDF前50名，但被SBERT排出前20名,檢查SBERT重排與檔案分數整合，避免正確檔案被排出Top-20。,1,0,src/_pytest/mark/expression.py,src/_pytest/mark/expression.py,True,227,False,False
development,development_only,pytest-dev__pytest-8055,pytest-dev/pytest,d59a4996ae7d32498b2bd4c2f2a36eda4599a2e1,set sys.unraisablehook (py38),partial_recall,cross_file_partial_miss,只找回部分正確檔案,index_coverage_failure,正確檔案未進入Code Index,檢查測試檔排除規則、支援副檔名與檔案大小限制。,6,2,src/_pytest/config/__init__.py | src/_pytest/pytester.py | src/_pytest/threadexception.py | src/_pytest/unraisableexception.py | src/_pytest/warning_types.py | src/pytest/__init__.py,src/_pytest/pytester.py | src/_pytest/threadexception.py | src/_pytest/unraisableexception.py | src/pytest/__init__.py,True,212,False,False
development,development_only,pytest-dev__pytest-8124,pytest-dev/pytest,902739cfc3bbc3379e6ef99c8e250de35f52ecde,Allow contibuting additional global variables for skipif/xfail,partial_recall,cross_file_partial_miss,只找回部分正確檔案,reranker_demotion,正確檔案在TF-IDF前50名，但被SBERT排出前20名,檢查SBERT重排與檔案分數整合，避免正確檔案被排出Top-20。,2,1,src/_pytest/hookspec.py | src/_pytest/skipping.py,src/_pytest/hookspec.py,True,217,False,False
development,development_only,pytest-dev__pytest-5356,pytest-dev/pytest,a8f4e56d8ca63252706c6200dcfb036078be39a7,Version 4.6.0 skips tests without apparent reason,miss,reranker_demotion,正確檔案在TF-IDF前50名，但被SBERT排出前20名,reranker_demotion,正確檔案在TF-IDF前50名，但被SBERT排出前20名,檢查SBERT重排與檔案分數整合，避免正確檔案被排出Top-20。,1,0,src/_pytest/mark/structures.py,src/_pytest/mark/structures.py,True,185,False,False
development,development_only,pytest-dev__pytest-11148,pytest-dev/pytest,2f7415cfbc4b6ca62f9013f1abd27136f46b9653,Module imported twice under import-mode=importlib,miss,reranker_demotion,正確檔案在TF-IDF前50名，但被SBERT排出前20名,reranker_demotion,正確檔案在TF-IDF前50名，但被SBERT排出前20名,檢查SBERT重排與檔案分數整合，避免正確檔案被排出Top-20。,1,0,src/_pytest/pathlib.py,src/_pytest/pathlib.py,True,236,False,False
development,development_only,pytest-dev__pytest-7749,pytest-dev/pytest,634cde9506eb1f48dec3ec77974ee8dc952207c6,Crash with NameError through decorator during collection,miss,reranker_demotion,正確檔案在TF-IDF前50名，但被SBERT排出前20名,reranker_demotion,正確檔案在TF-IDF前50名，但被SBERT排出前20名,檢查SBERT重排與檔案分數整合，避免正確檔案被排出Top-20。,1,0,src/_pytest/assertion/rewrite.py,src/_pytest/assertion/rewrite.py,True,202,False,False
development,development_only,pytest-dev__pytest-8399,pytest-dev/pytest,6e7dc8bac831cd8cf7a53b08efa366bd84f0c0fe,"Starting v6.2.0, unittest setUpClass fixtures are no longer ""private""",partial_recall,cross_file_partial_miss,只找回部分正確檔案,reranker_demotion,正確檔案在TF-IDF前50名，但被SBERT排出前20名,檢查SBERT重排與檔案分數整合，避免正確檔案被排出Top-20。,2,1,src/_pytest/python.py | src/_pytest/unittest.py,src/_pytest/python.py,True,223,False,False
development,development_only,pytest-dev__pytest-7158,pytest-dev/pytest,80e509840813cb5da45fbe830718ea3707c02b25,Wrong relative path in skip report when tested file is upper than invocation directory,miss,reranker_demotion,正確檔案在TF-IDF前50名，但被SBERT排出前20名,reranker_demotion,正確檔案在TF-IDF前50名，但被SBERT排出前20名,檢查SBERT重排與檔案分數整合，避免正確檔案被排出Top-20。,1,0,src/_pytest/skipping.py,src/_pytest/skipping.py,True,194,False,False
development,development_only,pytest-dev__pytest-5980,pytest-dev/pytest,0225cb37c02b6760c8b1d0efcf3728f669bbfe17,Provide an alternative to --result-log,partial_recall,cross_file_partial_miss,只找回部分正確檔案,index_coverage_failure,正確檔案未進入Code Index,檢查測試檔排除規則、支援副檔名與檔案大小限制。,4,3,src/_pytest/config/__init__.py | src/_pytest/hookspec.py | src/_pytest/report_log.py | src/_pytest/reports.py,src/_pytest/report_log.py,True,190,False,False
development,development_only,pytest-dev__pytest-5221,pytest-dev/pytest,4a2fdce62b73944030cff9b3e52862868ca9584d,Display fixture scope with `pytest --fixtures`,miss,reranker_demotion,正確檔案在TF-IDF前50名，但被SBERT排出前20名,reranker_demotion,正確檔案在TF-IDF前50名，但被SBERT排出前20名,檢查SBERT重排與檔案分數整合，避免正確檔案被排出Top-20。,1,0,src/_pytest/python.py,src/_pytest/python.py,True,185,True,True
development,development_only,pytest-dev__pytest-7046,pytest-dev/pytest,d4dfe863c974654fe333eb8368922c96175ede6c,Expressions match against folder structure above pytest root,miss,mixed_retrieval_and_rerank,同一Ticket同時包含初步檢索與重新排序遺漏,mixed_retrieval_and_rerank,同一Ticket同時包含初步檢索與重新排序遺漏,分別處理初步檢索與SBERT重排，不能只調整單一階段。,2,0,src/_pytest/mark/__init__.py | src/_pytest/python.py,src/_pytest/mark/__init__.py | src/_pytest/python.py,True,197,False,True
development,development_only,pytest-dev__pytest-5281,pytest-dev/pytest,c0e53a61e65cb919bd29f62b756dfd57dfeef59a,Invalid unicode in _pytest/terminal.py with Jython,partial_recall,cross_file_partial_miss,只找回部分正確檔案,reranker_demotion,正確檔案在TF-IDF前50名，但被SBERT排出前20名,檢查SBERT重排與檔案分數整合，避免正確檔案被排出Top-20。,2,1,src/_pytest/capture.py | src/_pytest/terminal.py,src/_pytest/capture.py,True,185,False,False
development,development_only,pytest-dev__pytest-7220,pytest-dev/pytest,56bf819c2f4eaf8b36bd8c42c06bb59d5a3bfc0f,Wrong path to test file when directory changed in fixture,miss,reranker_demotion,正確檔案在TF-IDF前50名，但被SBERT排出前20名,reranker_demotion,正確檔案在TF-IDF前50名，但被SBERT排出前20名,檢查SBERT重排與檔案分數整合，避免正確檔案被排出Top-20。,1,0,src/_pytest/nodes.py,src/_pytest/nodes.py,True,197,False,False
development,development_only,pytest-dev__pytest-9249,pytest-dev/pytest,1824349f74298112722396be6f84a121bc9d6d63,test ids with `/`s cannot be selected with `-k`,miss,initial_retrieval_miss,正確檔案未進入TF-IDF前50名,initial_retrieval_miss,正確檔案未進入TF-IDF前50名,優先測試API查詢擴充、Import Graph與較大的TF-IDF候選池。,1,0,src/_pytest/mark/expression.py,src/_pytest/mark/expression.py,True,229,False,False
development,development_only,pytest-dev__pytest-9780,pytest-dev/pytest,d52a6e6074844581f5f89653bd4071fb6ea847d3,Version 7.1.0 seems like not picking up conftest.py,miss,reranker_demotion,正確檔案在TF-IDF前50名，但被SBERT排出前20名,reranker_demotion,正確檔案在TF-IDF前50名，但被SBERT排出前20名,檢查SBERT重排與檔案分數整合，避免正確檔案被排出Top-20。,1,0,src/_pytest/config/__init__.py,src/_pytest/config/__init__.py,True,231,False,False
development,development_only,pytest-dev__pytest-8950,pytest-dev/pytest,398783521383e7f0d9897da679e8c12061024f30,"pytest.skip: Rename ""msg"" to ""reason"" for consistency with pytest.mark.skip/xfail?",partial_recall,cross_file_partial_miss,只找回部分正確檔案,initial_retrieval_miss,正確檔案未進入TF-IDF前50名,優先測試API查詢擴充、Import Graph與較大的TF-IDF候選池。,5,4,src/_pytest/compat.py | src/_pytest/deprecated.py | src/_pytest/outcomes.py | src/_pytest/python.py | src/_pytest/scope.py,src/_pytest/scope.py,True,227,False,False
development,development_only,pytest-dev__pytest-6116,pytest-dev/pytest,e670ff76cbad80108bde9bab616b66771b8653cf,pytest --collect-only needs a one char shortcut command,miss,reranker_demotion,正確檔案在TF-IDF前50名，但被SBERT排出前20名,reranker_demotion,正確檔案在TF-IDF前50名，但被SBERT排出前20名,檢查SBERT重排與檔案分數整合，避免正確檔案被排出Top-20。,1,0,src/_pytest/main.py,src/_pytest/main.py,True,192,False,False
development,development_only,pytest-dev__pytest-7151,pytest-dev/pytest,2b51ed46d54be58da6bbcd28f68149b3fc2cd104,unittest.TestCase cleanup functions not invoked on test failure,partial_recall,cross_file_partial_miss,只找回部分正確檔案,initial_retrieval_miss,正確檔案未進入TF-IDF前50名,優先測試API查詢擴充、Import Graph與較大的TF-IDF候選池。,2,1,src/_pytest/debugging.py | src/_pytest/unittest.py,src/_pytest/debugging.py,True,194,False,False
development,development_only,scikit-learn__scikit-learn-10306,scikit-learn/scikit-learn,b90661d6a46aa3619d3eec94d5281f5888add501,Some UserWarnings should be ConvergenceWarnings,partial_recall,cross_file_partial_miss,只找回部分正確檔案,mixed_retrieval_and_rerank,同一Ticket同時包含初步檢索與重新排序遺漏,分別處理初步檢索與SBERT重排，不能只調整單一階段。,9,3,sklearn/cluster/affinity_propagation_.py | sklearn/cluster/birch.py | sklearn/cross_decomposition/pls_.py | sklearn/decomposition/fastica_.py | sklearn/gaussian_process/gpc.py | sklearn/gaussian_process/gpr.py | sklearn/linear_model/logistic.py | sklearn/linear_model/ransac.py | sklearn/linear_model/ridge.py,sklearn/cross_decomposition/pls_.py | sklearn/gaussian_process/gpc.py | sklearn/gaussian_process/gpr.py | sklearn/linear_model/logistic.py | sklearn/linear_model/ransac.py | sklearn/linear_model/ridge.py,True,576,False,True
development,development_only,scikit-learn__scikit-learn-25308,scikit-learn/scikit-learn,9b537396488a70de06e00de2330c4f00d7db1fc1,Make error message uniform when calling `get_feature_names_out` before `fit`,partial_recall,cross_file_partial_miss,只找回部分正確檔案,reranker_demotion,正確檔案在TF-IDF前50名，但被SBERT排出前20名,檢查SBERT重排與檔案分數整合，避免正確檔案被排出Top-20。,2,1,sklearn/feature_selection/_base.py | sklearn/random_projection.py,sklearn/feature_selection/_base.py,True,635,False,False
development,development_only,scikit-learn__scikit-learn-14024,scikit-learn/scikit-learn,4a6264db68b28a2e65efdecc459233911c9aee95,Zero division error in HistGradientBoosting,partial_recall,cross_file_partial_miss,只找回部分正確檔案,initial_retrieval_miss,正確檔案未進入TF-IDF前50名,優先測試API查詢擴充、Import Graph與較大的TF-IDF候選池。,2,1,sklearn/ensemble/_hist_gradient_boosting/grower.py | sklearn/utils/estimator_checks.py,sklearn/utils/estimator_checks.py,True,542,False,False
development,development_only,scikit-learn__scikit-learn-13013,scikit-learn/scikit-learn,28728f5c793f73f92d6c56c83b06fb001395d400,Make use of check_is_fitted instead of manual checks,partial_recall,cross_file_partial_miss,只找回部分正確檔案,mixed_retrieval_and_rerank,同一Ticket同時包含初步檢索與重新排序遺漏,分別處理初步檢索與SBERT重排，不能只調整單一階段。,9,5,sklearn/base.py | sklearn/cluster/birch.py | sklearn/decomposition/online_lda.py | sklearn/ensemble/forest.py | sklearn/exceptions.py | sklearn/gaussian_process/gpr.py | sklearn/linear_model/base.py | sklearn/linear_model/logistic.py | sklearn/utils/estimator_checks.py,sklearn/cluster/birch.py | sklearn/decomposition/online_lda.py | sklearn/ensemble/forest.py | sklearn/gaussian_process/gpr.py,True,541,False,True
development,development_only,scikit-learn__scikit-learn-13392,scikit-learn/scikit-learn,21fc1d97452d4e3a6d744d0eef95ecaf7e87859c,Missing multi-output checks in common tests,partial_recall,cross_file_partial_miss,只找回部分正確檔案,mixed_retrieval_and_rerank,同一Ticket同時包含初步檢索與重新排序遺漏,分別處理初步檢索與SBERT重排，不能只調整單一階段。,6,1,examples/model_selection/plot_roc.py | sklearn/linear_model/coordinate_descent.py | sklearn/linear_model/least_angle.py | sklearn/linear_model/ridge.py | sklearn/neighbors/regression.py | sklearn/utils/estimator_checks.py,examples/model_selection/plot_roc.py | sklearn/linear_model/coordinate_descent.py | sklearn/linear_model/least_angle.py | sklearn/linear_model/ridge.py | sklearn/neighbors/regression.py,True,560,False,True
development,development_only,scikit-learn__scikit-learn-13628,scikit-learn/scikit-learn,6a3fc959b684e2f4b2fab28b27d5fa4018acb6a3,brier_score_loss error,partial_recall,cross_file_partial_miss,只找回部分正確檔案,initial_retrieval_miss,正確檔案未進入TF-IDF前50名,優先測試API查詢擴充、Import Graph與較大的TF-IDF候選池。,3,2,sklearn/calibration.py | sklearn/metrics/classification.py | sklearn/metrics/ranking.py,sklearn/calibration.py,True,529,False,False
development,development_only,scikit-learn__scikit-learn-13584,scikit-learn/scikit-learn,0e3c1879b06d839171b7d0a607d71bbb19a966a9,bug in print_changed_only in new repr: vector values,miss,initial_retrieval_miss,正確檔案未進入TF-IDF前50名,initial_retrieval_miss,正確檔案未進入TF-IDF前50名,優先測試API查詢擴充、Import Graph與較大的TF-IDF候選池。,1,0,sklearn/utils/_pprint.py,sklearn/utils/_pprint.py,True,575,False,False
development,development_only,scikit-learn__scikit-learn-15084,scikit-learn/scikit-learn,5e4b2757d61563889672e395d9e92d9372d357f6,VotingClassifier and roc_auc TypeError: Cannot cast array data from dtype('float64') to dtype('int64') according to the rule 'safe' and,partial_recall,cross_file_partial_miss,只找回部分正確檔案,mixed_retrieval_and_rerank,同一Ticket同時包含初步檢索與重新排序遺漏,分別處理初步檢索與SBERT重排，不能只調整單一階段。,3,1,sklearn/ensemble/_stacking.py | sklearn/ensemble/base.py | sklearn/ensemble/voting.py,sklearn/ensemble/_stacking.py | sklearn/ensemble/base.py,True,560,False,True
development,development_only,scikit-learn__scikit-learn-13618,scikit-learn/scikit-learn,13981bdce97ab2dd49b6b8707f3f27b5c148b9c0,Allow setting of initial hyperparameters of BayesianRidge,partial_recall,cross_file_partial_miss,只找回部分正確檔案,index_coverage_failure,正確檔案未進入Code Index,檢查測試檔排除規則、支援副檔名與檔案大小限制。,2,1,examples/linear_model/plot_bayesian_ridge_curvefit.py | sklearn/linear_model/bayes.py,examples/linear_model/plot_bayesian_ridge_curvefit.py,True,541,False,False
development,development_only,scikit-learn__scikit-learn-7760,scikit-learn/scikit-learn,074a5216f8e35288045455ccda37f87a19d4cbde,Stronger common tests for setting init params? / check_estimator,partial_recall,cross_file_partial_miss,只找回部分正確檔案,initial_retrieval_miss,正確檔案未進入TF-IDF前50名,優先測試API查詢擴充、Import Graph與較大的TF-IDF候選池。,2,1,sklearn/utils/_unittest_backport.py | sklearn/utils/estimator_checks.py,sklearn/utils/_unittest_backport.py,True,585,False,False
development,development_only,scikit-learn__scikit-learn-12656,scikit-learn/scikit-learn,52e9cc5add6ffe6398fed529f5f110f0961ad28a,Fix Issue #10580,miss,initial_retrieval_miss,正確檔案未進入TF-IDF前50名,initial_retrieval_miss,正確檔案未進入TF-IDF前50名,優先測試API查詢擴充、Import Graph與較大的TF-IDF候選池。,1,0,sklearn/metrics/classification.py,sklearn/metrics/classification.py,True,620,False,False
development,development_only,scikit-learn__scikit-learn-10483,scikit-learn/scikit-learn,98eb09e9206cb714da85c5a0616deff3cc85a1d5,Move imputation out of preprocessing,partial_recall,cross_file_partial_miss,只找回部分正確檔案,index_coverage_failure,正確檔案未進入Code Index,檢查測試檔排除規則、支援副檔名與檔案大小限制。,5,1,examples/plot_missing_values.py | sklearn/__init__.py | sklearn/impute.py | sklearn/preprocessing/imputation.py | sklearn/utils/estimator_checks.py,examples/plot_missing_values.py | sklearn/__init__.py | sklearn/impute.py | sklearn/utils/estimator_checks.py,True,577,False,False
development,development_only,scikit-learn__scikit-learn-25363,scikit-learn/scikit-learn,cfd428afc5b6e25bbbe4bc92067f857fa9658442,FIX pass explicit configuration to delayed,partial_recall,cross_file_partial_miss,只找回部分正確檔案,index_coverage_failure,正確檔案未進入Code Index,檢查測試檔排除規則、支援副檔名與檔案大小限制。,31,5,benchmarks/bench_saga.py | sklearn/calibration.py | sklearn/cluster/_mean_shift.py | sklearn/compose/_column_transformer.py | sklearn/covariance/_graph_lasso.py | sklearn/decomposition/_dict_learning.py | sklearn/decomposition/_lda.py | sklearn/ensemble/_bagging.py | sklearn/ensemble/_forest.py | sklearn/ensemble/_stacking.py | sklearn/ensemble/_voting.py | sklearn/feature_selection/_rfe.py | sklearn/inspection/_permutation_importance.py | sklearn/inspection/_plot/partial_dependence.py | sklearn/linear_model/_base.py | sklearn/linear_model/_coordinate_descent.py | sklearn/linear_model/_least_angle.py | sklearn/linear_model/_logistic.py | sklearn/linear_model/_omp.py | sklearn/linear_model/_stochastic_gradient.py | sklearn/linear_model/_theil_sen.py | sklearn/manifold/_mds.py | sklearn/metrics/pairwise.py | sklearn/model_selection/_search.py | sklearn/model_selection/_validation.py | sklearn/multiclass.py | sklearn/multioutput.py | sklearn/neighbors/_base.py | sklearn/pipeline.py | sklearn/utils/fixes.py | sklearn/utils/parallel.py,benchmarks/bench_saga.py | sklearn/calibration.py | sklearn/cluster/_mean_shift.py | sklearn/compose/_column_transformer.py | sklearn/covariance/_graph_lasso.py | sklearn/decomposition/_dict_learning.py | sklearn/decomposition/_lda.py | sklearn/ensemble/_forest.py | sklearn/ensemble/_voting.py | sklearn/feature_selection/_rfe.py | sklearn/inspection/_permutation_importance.py | sklearn/inspection/_plot/partial_dependence.py | sklearn/linear_model/_base.py | sklearn/linear_model/_coordinate_descent.py | sklearn/linear_model/_least_angle.py | sklearn/linear_model/_logistic.py | sklearn/linear_model/_omp.py | sklearn/linear_model/_stochastic_gradient.py | sklearn/linear_model/_theil_sen.py | sklearn/manifold/_mds.py | sklearn/metrics/pairwise.py | sklearn/model_selection/_search.py | sklearn/multiclass.py | sklearn/multioutput.py | sklearn/neighbors/_base.py | sklearn/utils/parallel.py,True,634,False,False
development,development_only,scikit-learn__scikit-learn-11542,scikit-learn/scikit-learn,cd7d9d985e1bbe2dbbbae17da0e9fbbba7e8c8c6,Change default n_estimators in RandomForest (to 100?),partial_recall,cross_file_partial_miss,只找回部分正確檔案,initial_retrieval_miss,正確檔案未進入TF-IDF前50名,優先測試API查詢擴充、Import Graph與較大的TF-IDF候選池。,6,3,examples/applications/plot_prediction_latency.py | examples/ensemble/plot_ensemble_oob.py | examples/ensemble/plot_random_forest_regression_multioutput.py | examples/ensemble/plot_voting_probas.py | sklearn/ensemble/forest.py | sklearn/utils/estimator_checks.py,examples/applications/plot_prediction_latency.py | examples/ensemble/plot_ensemble_oob.py | examples/ensemble/plot_voting_probas.py,True,583,False,False
development,development_only,scikit-learn__scikit-learn-25969,scikit-learn/scikit-learn,c3bfe86b45577a9405a4680d9971efa9594a0657,MNT Adds CurveDisplayMixin _get_response_values,partial_recall,cross_file_partial_miss,只找回部分正確檔案,index_coverage_failure,正確檔案未進入Code Index,檢查測試檔排除規則、支援副檔名與檔案大小限制。,9,8,sklearn/calibration.py | sklearn/metrics/_base.py | sklearn/metrics/_classification.py | sklearn/metrics/_plot/det_curve.py | sklearn/metrics/_plot/precision_recall_curve.py | sklearn/metrics/_plot/roc_curve.py | sklearn/metrics/_ranking.py | sklearn/utils/_plotting.py | sklearn/utils/validation.py,sklearn/utils/_plotting.py,True,635,False,False
development,development_only,scikit-learn__scikit-learn-12983,scikit-learn/scikit-learn,a547311b5faae0809b8935e1f1d00ff901109f84,[MRG] FIX gradient boosting with sklearn estimator as init,partial_recall,cross_file_partial_miss,只找回部分正確檔案,index_coverage_failure,正確檔案未進入Code Index,檢查測試檔排除規則、支援副檔名與檔案大小限制。,2,1,sklearn/ensemble/_gb_losses.py | sklearn/ensemble/gradient_boosting.py,sklearn/ensemble/_gb_losses.py,True,575,False,False
development,development_only,sphinx-doc__sphinx-9828,sphinx-doc/sphinx,563936b969dfc29ade7d48f1a802d5f6f6348f4c,Support for fuzzy translations,partial_recall,cross_file_partial_miss,只找回部分正確檔案,reranker_demotion,正確檔案在TF-IDF前50名，但被SBERT排出前20名,檢查SBERT重排與檔案分數整合，避免正確檔案被排出Top-20。,4,1,sphinx/application.py | sphinx/builders/__init__.py | sphinx/config.py | sphinx/util/i18n.py,sphinx/application.py | sphinx/builders/__init__.py | sphinx/config.py,True,293,False,False
development,development_only,sphinx-doc__sphinx-7906,sphinx-doc/sphinx,fdd1aaf77058a579a5b5c2e3e6aff935265a7e49,:noindex: prevents cross-referencing,partial_recall,cross_file_partial_miss,只找回部分正確檔案,mixed_retrieval_and_rerank,同一Ticket同時包含初步檢索與重新排序遺漏,分別處理初步檢索與SBERT重排，不能只調整單一階段。,4,2,sphinx/domains/c.py | sphinx/domains/cpp.py | sphinx/domains/javascript.py | sphinx/domains/python.py,sphinx/domains/c.py | sphinx/domains/cpp.py,True,272,False,True
development,development_only,sphinx-doc__sphinx-7234,sphinx-doc/sphinx,0e89979355c6c88adb960a7272c633d5afd34e67,Support for `@singledispatch` functions,miss,mixed_retrieval_and_rerank,同一Ticket同時包含初步檢索與重新排序遺漏,mixed_retrieval_and_rerank,同一Ticket同時包含初步檢索與重新排序遺漏,分別處理初步檢索與SBERT重排，不能只調整單一階段。,3,0,sphinx/ext/autodoc/__init__.py | sphinx/ext/autosummary/generate.py | sphinx/util/inspect.py,sphinx/ext/autodoc/__init__.py | sphinx/ext/autosummary/generate.py | sphinx/util/inspect.py,True,268,True,True
development,development_only,sphinx-doc__sphinx-10807,sphinx-doc/sphinx,ded734d5f99756033218d29c32758049adbe52d2,"Create a ToC entry for every function, method, class, etc",partial_recall,cross_file_partial_miss,只找回部分正確檔案,initial_retrieval_miss,正確檔案未進入TF-IDF前50名,優先測試API查詢擴充、Import Graph與較大的TF-IDF候選池。,9,3,sphinx/config.py | sphinx/directives/__init__.py | sphinx/domains/c.py | sphinx/domains/cpp.py | sphinx/domains/javascript.py | sphinx/domains/python.py | sphinx/domains/rst.py | sphinx/environment/collectors/toctree.py | sphinx/ext/autodoc/__init__.py,sphinx/domains/c.py | sphinx/domains/cpp.py | sphinx/domains/javascript.py | sphinx/domains/python.py | sphinx/domains/rst.py | sphinx/environment/collectors/toctree.py,True,289,False,False
development,development_only,sphinx-doc__sphinx-8474,sphinx-doc/sphinx,3ea1ec84cc610f7a9f4f6b354e264565254923ff,"v3.3 upgrade started generating ""WARNING: no number is assigned for table"" warnings",miss,reranker_demotion,正確檔案在TF-IDF前50名，但被SBERT排出前20名,reranker_demotion,正確檔案在TF-IDF前50名，但被SBERT排出前20名,檢查SBERT重排與檔案分數整合，避免正確檔案被排出Top-20。,1,0,sphinx/domains/std.py,sphinx/domains/std.py,True,272,False,False
development,development_only,sphinx-doc__sphinx-8273,sphinx-doc/sphinx,88b81a06eb635a1596617f8971fa97a84c069e93,Generate man page section directories,miss,initial_retrieval_miss,正確檔案未進入TF-IDF前50名,initial_retrieval_miss,正確檔案未進入TF-IDF前50名,優先測試API查詢擴充、Import Graph與較大的TF-IDF候選池。,1,0,sphinx/builders/manpage.py,sphinx/builders/manpage.py,True,272,False,False
development,development_only,sphinx-doc__sphinx-7757,sphinx-doc/sphinx,212fd67b9f0b4fae6a7c3501fdf1a9a5b2801329,The default value for positional only argument has vanished,miss,reranker_demotion,正確檔案在TF-IDF前50名，但被SBERT排出前20名,reranker_demotion,正確檔案在TF-IDF前50名，但被SBERT排出前20名,檢查SBERT重排與檔案分數整合，避免正確檔案被排出Top-20。,1,0,sphinx/util/inspect.py,sphinx/util/inspect.py,True,272,False,False
development,development_only,sphinx-doc__sphinx-9260,sphinx-doc/sphinx,e878299cc608614e959e0e99025cccfd48de00bc,Linkchecker croaks on specific anchors of GitHub-rendered reStructuredText documents,miss,initial_retrieval_miss,正確檔案未進入TF-IDF前50名,initial_retrieval_miss,正確檔案未進入TF-IDF前50名,優先測試API查詢擴充、Import Graph與較大的TF-IDF候選池。,1,0,sphinx/builders/linkcheck.py,sphinx/builders/linkcheck.py,True,285,False,False
development,development_only,sphinx-doc__sphinx-7831,sphinx-doc/sphinx,b56772102e138b0a5d83f02e0031eb075c854921,regression in 3.1.0 for methods which are `contextmanager`s and have a type comment,partial_recall,cross_file_partial_miss,只找回部分正確檔案,reranker_demotion,正確檔案在TF-IDF前50名，但被SBERT排出前20名,檢查SBERT重排與檔案分數整合，避免正確檔案被排出Top-20。,2,1,sphinx/ext/autodoc/type_comment.py | sphinx/util/inspect.py,sphinx/ext/autodoc/type_comment.py,True,272,False,False
development,development_only,sphinx-doc__sphinx-7454,sphinx-doc/sphinx,aca3f825f2e4a8817190f3c885a242a285aa0dba,Inconsistent handling of None by `autodoc_typehints`,miss,reranker_demotion,正確檔案在TF-IDF前50名，但被SBERT排出前20名,reranker_demotion,正確檔案在TF-IDF前50名，但被SBERT排出前20名,檢查SBERT重排與檔案分數整合，避免正確檔案被排出Top-20。,1,0,sphinx/domains/python.py,sphinx/domains/python.py,True,271,False,False
development,development_only,sphinx-doc__sphinx-10097,sphinx-doc/sphinx,ce6803a18679f7085561b66ec1945ed4005e2d1d,Latex: long option name overflows in Index,miss,initial_retrieval_miss,正確檔案未進入TF-IDF前50名,initial_retrieval_miss,正確檔案未進入TF-IDF前50名,優先測試API查詢擴充、Import Graph與較大的TF-IDF候選池。,1,0,sphinx/domains/std.py,sphinx/domains/std.py,True,293,False,False
development,development_only,sphinx-doc__sphinx-8117,sphinx-doc/sphinx,667a188e25cb70a1c673081b066a8a90c6e8eea7,"""Invalid C declaration"" on C function with macro after function arguments",partial_recall,cross_file_partial_miss,只找回部分正確檔案,reranker_demotion,正確檔案在TF-IDF前50名，但被SBERT排出前20名,檢查SBERT重排與檔案分數整合，避免正確檔案被排出Top-20。,3,2,sphinx/domains/c.py | sphinx/domains/cpp.py | sphinx/util/cfamily.py,sphinx/domains/cpp.py,True,272,False,False
development,development_only,sphinx-doc__sphinx-9053,sphinx-doc/sphinx,3ad1e5e7d1a5fa38e94124e8afc441764a95cdd9,test: Do test with docutils-0.17b1,miss,initial_retrieval_miss,正確檔案未進入TF-IDF前50名,initial_retrieval_miss,正確檔案未進入TF-IDF前50名,優先測試API查詢擴充、Import Graph與較大的TF-IDF候選池。,3,0,sphinx/environment/adapters/toctree.py | sphinx/writers/html.py | sphinx/writers/html5.py,sphinx/environment/adapters/toctree.py | sphinx/writers/html.py | sphinx/writers/html5.py,True,285,True,True
development,development_only,sphinx-doc__sphinx-8771,sphinx-doc/sphinx,647510e184f3bb8c14d82911b6a0e1d9f8a2b15b,Keeping original signatures for functions/methods,partial_recall,cross_file_partial_miss,只找回部分正確檔案,index_coverage_failure,正確檔案未進入Code Index,檢查測試檔排除規則、支援副檔名與檔案大小限制。,2,1,sphinx/ext/autodoc/__init__.py | sphinx/ext/autodoc/preserve_defaults.py,sphinx/ext/autodoc/preserve_defaults.py,True,283,False,False
development,development_only,sphinx-doc__sphinx-8020,sphinx-doc/sphinx,bb65ea7930205ff54986136cd519c32a83407087,"3.1.2 introduces WARNING: py:class reference target not found: Callable[[...], Awaitable[None]]",miss,reranker_demotion,正確檔案在TF-IDF前50名，但被SBERT排出前20名,reranker_demotion,正確檔案在TF-IDF前50名，但被SBERT排出前20名,檢查SBERT重排與檔案分數整合，避免正確檔案被排出Top-20。,1,0,sphinx/domains/python.py,sphinx/domains/python.py,True,272,False,False
development,development_only,sphinx-doc__sphinx-10819,sphinx-doc/sphinx,276f430b57957771f23355a6a1eb10a55899a677,Use the index directive as a source for search,miss,initial_retrieval_miss,正確檔案未進入TF-IDF前50名,initial_retrieval_miss,正確檔案未進入TF-IDF前50名,優先測試API查詢擴充、Import Graph與較大的TF-IDF候選池。,1,0,sphinx/search/__init__.py,sphinx/search/__init__.py,True,288,False,False
development,development_only,sphinx-doc__sphinx-10048,sphinx-doc/sphinx,d417b0ab8399810079cdafddc6ebaa46a6a85036,"Change ""Permalink to this headline"" to use ""heading"" instead",partial_recall,cross_file_partial_miss,只找回部分正確檔案,reranker_demotion,正確檔案在TF-IDF前50名，但被SBERT排出前20名,檢查SBERT重排與檔案分數整合，避免正確檔案被排出Top-20。,2,1,sphinx/writers/html.py | sphinx/writers/html5.py,sphinx/writers/html.py,True,293,False,False
development,development_only,sympy__sympy-20428,sympy/sympy,c0e85160406f9bf2bcaa2992138587668a1cd0bc,Result from clear_denoms() prints like zero poly but behaves wierdly (due to unstripped DMP),miss,reranker_demotion,正確檔案在TF-IDF前50名，但被SBERT排出前20名,reranker_demotion,正確檔案在TF-IDF前50名，但被SBERT排出前20名,檢查SBERT重排與檔案分數整合，避免正確檔案被排出Top-20。,1,0,sympy/polys/domains/expressiondomain.py,sympy/polys/domains/expressiondomain.py,True,819,False,False
development,development_only,sympy__sympy-14024,sympy/sympy,b17abcb09cbcee80a90f6750e0f9b53f0247656c,"Inconsistency when simplifying (-a)**x * a**(-x), a a positive integer",miss,initial_retrieval_miss,正確檔案未進入TF-IDF前50名,initial_retrieval_miss,正確檔案未進入TF-IDF前50名,優先測試API查詢擴充、Import Graph與較大的TF-IDF候選池。,1,0,sympy/core/numbers.py,sympy/core/numbers.py,True,671,True,True
development,development_only,sympy__sympy-22402,sympy/sympy,3241ed16de45c67fa5ec50ecd0b77a712b1ae5f9,can `arg` denest?,miss,reranker_demotion,正確檔案在TF-IDF前50名，但被SBERT排出前20名,reranker_demotion,正確檔案在TF-IDF前50名，但被SBERT排出前20名,檢查SBERT重排與檔案分數整合，避免正確檔案被排出Top-20。,1,0,sympy/functions/elementary/complexes.py,sympy/functions/elementary/complexes.py,True,879,False,False
development,development_only,sympy__sympy-14564,sympy/sympy,57379b832b25bf22ef5e5ab6c8ee3fa0e863f48d,ambiguous behavior of ConditionSet,partial_recall,cross_file_partial_miss,只找回部分正確檔案,initial_retrieval_miss,正確檔案未進入TF-IDF前50名,優先測試API查詢擴充、Import Graph與較大的TF-IDF候選池。,4,1,sympy/printing/latex.py | sympy/printing/pretty/pretty.py | sympy/printing/str.py | sympy/sets/conditionset.py,sympy/printing/latex.py | sympy/printing/pretty/pretty.py | sympy/printing/str.py,True,683,False,False
development,development_only,sympy__sympy-15948,sympy/sympy,f8e46e9e741f253803e9b8be03287e5dd16abd4d,Sympy 1.4.dev - issue with subs,partial_recall,cross_file_partial_miss,只找回部分正確檔案,mixed_retrieval_and_rerank,同一Ticket同時包含初步檢索與重新排序遺漏,分別處理初步檢索與SBERT重排，不能只調整單一階段。,8,4,sympy/core/add.py | sympy/core/basic.py | sympy/core/exprtools.py | sympy/core/mul.py | sympy/core/operations.py | sympy/matrices/expressions/matexpr.py | sympy/matrices/expressions/matmul.py | sympy/matrices/expressions/trace.py,sympy/core/add.py | sympy/core/exprtools.py | sympy/core/operations.py | sympy/matrices/expressions/trace.py,True,741,False,True
development,development_only,sympy__sympy-13286,sympy/sympy,42136729bb7252803b0b52a8326a33d6e9b1e06a,"periodicity(Abs(sin(x)),x) return 2*pi",partial_recall,cross_file_partial_miss,只找回部分正確檔案,initial_retrieval_miss,正確檔案未進入TF-IDF前50名,優先測試API查詢擴充、Import Graph與較大的TF-IDF候選池。,2,1,sympy/calculus/util.py | sympy/solvers/decompogen.py,sympy/solvers/decompogen.py,True,655,True,True
development,development_only,sympy__sympy-13279,sympy/sympy,613373e31790f06b7324dd5ef887198538204bcc,TypeErrors encountered when doing subs with Matrices,partial_recall,cross_file_partial_miss,只找回部分正確檔案,reranker_demotion,正確檔案在TF-IDF前50名，但被SBERT排出前20名,檢查SBERT重排與檔案分數整合，避免正確檔案被排出Top-20。,2,1,sympy/core/add.py | sympy/core/mul.py,sympy/core/add.py,True,655,False,False
development,development_only,sympy__sympy-16906,sympy/sympy,5158ecf2cb5b926f0f6421aab7b0279280305554,"Added OneMatrix str, pretty, and MathML presentation printing",partial_recall,cross_file_partial_miss,只找回部分正確檔案,reranker_demotion,正確檔案在TF-IDF前50名，但被SBERT排出前20名,檢查SBERT重排與檔案分數整合，避免正確檔案被排出Top-20。,5,3,sympy/matrices/expressions/hadamard.py | sympy/printing/latex.py | sympy/printing/mathml.py | sympy/printing/pretty/pretty.py | sympy/printing/str.py,sympy/printing/pretty/pretty.py | sympy/printing/str.py,True,742,False,False
development,development_only,sympy__sympy-12227,sympy/sympy,d60497958f6dea7f5e25bc41e9107a6a63694d01,Float constructor should allow to set binary precision,partial_recall,cross_file_partial_miss,只找回部分正確檔案,initial_retrieval_miss,正確檔案未進入TF-IDF前50名,優先測試API查詢擴充、Import Graph與較大的TF-IDF候選池。,2,1,sympy/core/numbers.py | sympy/printing/repr.py,sympy/printing/repr.py,True,619,True,True
development,development_only,sympy__sympy-12144,sympy/sympy,075402d6cf9704493d7b3033d214f8a25ebc20b1,Dummy fails when is re-evaluated in S and srepr,partial_recall,cross_file_partial_miss,只找回部分正確檔案,initial_retrieval_miss,正確檔案未進入TF-IDF前50名,優先測試API查詢擴充、Import Graph與較大的TF-IDF候選池。,3,1,sympy/core/function.py | sympy/core/symbol.py | sympy/printing/repr.py,sympy/core/symbol.py | sympy/printing/repr.py,True,619,False,False
development,development_only,sympy__sympy-21208,sympy/sympy,f9badb21b01f4f52ce4d545d071086ee650cd282,Results diverge when use `diff` on a matrix or its elemetns,miss,initial_retrieval_miss,正確檔案未進入TF-IDF前50名,initial_retrieval_miss,正確檔案未進入TF-IDF前50名,優先測試API查詢擴充、Import Graph與較大的TF-IDF候選池。,1,0,sympy/matrices/expressions/matexpr.py,sympy/matrices/expressions/matexpr.py,True,854,True,True
development,development_only,sympy__sympy-13895,sympy/sympy,4da0b64558e9551a11a99bccc63557ba34f50c58,(-x/4 - S(1)/12)**x - 1 simplifies to an inequivalent expression,miss,initial_retrieval_miss,正確檔案未進入TF-IDF前50名,initial_retrieval_miss,正確檔案未進入TF-IDF前50名,優先測試API查詢擴充、Import Graph與較大的TF-IDF候選池。,1,0,sympy/core/numbers.py,sympy/core/numbers.py,True,663,False,False
development,development_only,sympy__sympy-21260,sympy/sympy,3ac1464b8840d5f8b618a654f9fbf09c452fe969,Same symbols created in different processes are not resolved as being equal,partial_recall,cross_file_partial_miss,只找回部分正確檔案,mixed_retrieval_and_rerank,同一Ticket同時包含初步檢索與重新排序遺漏,分別處理初步檢索與SBERT重排，不能只調整單一階段。,8,1,sympy/core/basic.py | sympy/core/numbers.py | sympy/core/singleton.py | sympy/core/symbol.py | sympy/functions/elementary/miscellaneous.py | sympy/physics/paulialgebra.py | sympy/sets/fancysets.py | sympy/sets/sets.py,sympy/core/basic.py | sympy/core/numbers.py | sympy/core/singleton.py | sympy/functions/elementary/miscellaneous.py | sympy/physics/paulialgebra.py | sympy/sets/fancysets.py | sympy/sets/sets.py,True,855,False,True
development,development_only,sympy__sympy-13744,sympy/sympy,ae3d6f647f080240318d114f2c397b99be5cef5f,coset_table doctest failure (Fatal Python error: Cannot recover from stack overflow.),partial_recall,cross_file_partial_miss,只找回部分正確檔案,reranker_demotion,正確檔案在TF-IDF前50名，但被SBERT排出前20名,檢查SBERT重排與檔案分數整合，避免正確檔案被排出Top-20。,2,1,sympy/combinatorics/free_groups.py | sympy/combinatorics/rewritingsystem.py,sympy/combinatorics/rewritingsystem.py,True,662,False,False
development,development_only,sympy__sympy-13091,sympy/sympy,d1320814eda6549996190618a21eaf212cfd4d1e,"Return NotImplemented, not False, upon rich comparison with unknown type",partial_recall,cross_file_partial_miss,只找回部分正確檔案,mixed_retrieval_and_rerank,同一Ticket同時包含初步檢索與重新排序遺漏,分別處理初步檢索與SBERT重排，不能只調整單一階段。,21,3,sympy/core/basic.py | sympy/core/exprtools.py | sympy/core/numbers.py | sympy/geometry/entity.py | sympy/physics/optics/medium.py | sympy/physics/vector/dyadic.py | sympy/physics/vector/frame.py | sympy/physics/vector/vector.py | sympy/polys/agca/modules.py | sympy/polys/domains/domain.py | sympy/polys/domains/expressiondomain.py | sympy/polys/domains/pythonrational.py | sympy/polys/domains/quotientring.py | sympy/polys/fields.py | sympy/polys/monomials.py | sympy/polys/polyclasses.py | sympy/polys/polytools.py | sympy/polys/rings.py | sympy/polys/rootoftools.py | sympy/tensor/array/ndim_array.py | sympy/utilities/enumerative.py,sympy/core/exprtools.py | sympy/physics/optics/medium.py | sympy/physics/vector/dyadic.py | sympy/physics/vector/frame.py | sympy/physics/vector/vector.py | sympy/polys/agca/modules.py | sympy/polys/domains/domain.py | sympy/polys/domains/expressiondomain.py | sympy/polys/domains/pythonrational.py | sympy/polys/domains/quotientring.py | sympy/polys/fields.py | sympy/polys/monomials.py | sympy/polys/polyclasses.py | sympy/polys/polytools.py | sympy/polys/rings.py | sympy/polys/rootoftools.py | sympy/tensor/array/ndim_array.py | sympy/utilities/enumerative.py,True,637,False,True
development,development_only,sympy__sympy-22080,sympy/sympy,3f8c8c2377cb8e0daaf8073e8d03ac7d87580813,Mod function lambdify bug,miss,initial_retrieval_miss,正確檔案未進入TF-IDF前50名,initial_retrieval_miss,正確檔案未進入TF-IDF前50名,優先測試API查詢擴充、Import Graph與較大的TF-IDF候選池。,2,0,sympy/printing/codeprinter.py | sympy/printing/precedence.py,sympy/printing/codeprinter.py | sympy/printing/precedence.py,True,873,False,False
development,development_only,sympy__sympy-11862,sympy/sympy,0410a6aaf4fdd346b12305cca6a7b0c1aa6556fa,lambdify precision loss with module=mpmath from high-precision Floats,partial_recall,cross_file_partial_miss,只找回部分正確檔案,mixed_retrieval_and_rerank,同一Ticket同時包含初步檢索與重新排序遺漏,分別處理初步檢索與SBERT重排，不能只調整單一階段。,6,3,sympy/core/numbers.py | sympy/printing/lambdarepr.py | sympy/solvers/solvers.py | sympy/utilities/decorator.py | sympy/utilities/lambdify.py | sympy/utilities/runtests.py,sympy/printing/lambdarepr.py | sympy/utilities/decorator.py | sympy/utilities/runtests.py,True,618,False,True
development,development_only,sympy__sympy-17720,sympy/sympy,496b6c16e8e482c2a2e096ede3756ede0c2c415f,sqrt(sympify('28300421052393658575')) gives wrong answer,miss,initial_retrieval_miss,正確檔案未進入TF-IDF前50名,initial_retrieval_miss,正確檔案未進入TF-IDF前50名,優先測試API查詢擴充、Import Graph與較大的TF-IDF候選池。,1,0,sympy/ntheory/factor_.py,sympy/ntheory/factor_.py,True,758,True,True
development,development_only,sympy__sympy-18198,sympy/sympy,74b8046b46c70b201fe118cc36b29ce6c0d3b9ec,Suggestion on `core.evaluate` module,partial_recall,cross_file_partial_miss,只找回部分正確檔案,index_coverage_failure,正確檔案未進入Code Index,檢查測試檔排除規則、支援副檔名與檔案大小限制。,21,6,sympy/combinatorics/permutations.py | sympy/core/__init__.py | sympy/core/add.py | sympy/core/evaluate.py | sympy/core/function.py | sympy/core/mul.py | sympy/core/numbers.py | sympy/core/operations.py | sympy/core/parameters.py | sympy/core/power.py | sympy/core/relational.py | sympy/core/sympify.py | sympy/geometry/ellipse.py | sympy/geometry/point.py | sympy/series/sequences.py | sympy/sets/powerset.py | sympy/sets/sets.py | sympy/simplify/radsimp.py | sympy/simplify/simplify.py | sympy/stats/symbolic_probability.py | sympy/tensor/functions.py,sympy/combinatorics/permutations.py | sympy/core/__init__.py | sympy/core/add.py | sympy/core/numbers.py | sympy/core/parameters.py | sympy/core/power.py | sympy/core/relational.py | sympy/geometry/ellipse.py | sympy/geometry/point.py | sympy/series/sequences.py | sympy/sets/sets.py | sympy/simplify/radsimp.py | sympy/simplify/simplify.py | sympy/stats/symbolic_probability.py | sympy/tensor/functions.py,True,768,False,False
development,development_only,sympy__sympy-17022,sympy/sympy,f91de695585c1fbc7d4f49ee061f64fcb1c2c4d8,Lambdify misinterprets some matrix expressions,miss,initial_retrieval_miss,正確檔案未進入TF-IDF前50名,initial_retrieval_miss,正確檔案未進入TF-IDF前50名,優先測試API查詢擴充、Import Graph與較大的TF-IDF候選池。,1,0,sympy/printing/pycode.py,sympy/printing/pycode.py,True,743,False,False
development,development_only,sympy__sympy-17394,sympy/sympy,e486f1b79432c474ad29a1d1a3d11e60b1caae88,lambdify[scipy]: upper/lowergamma should print as gammainc (and scale),partial_recall,cross_file_partial_miss,只找回部分正確檔案,mixed_retrieval_and_rerank,同一Ticket同時包含初步檢索與重新排序遺漏,分別處理初步檢索與SBERT重排，不能只調整單一階段。,4,2,sympy/functions/special/beta_functions.py | sympy/printing/codeprinter.py | sympy/printing/pycode.py | sympy/stats/crv_types.py,sympy/printing/codeprinter.py | sympy/stats/crv_types.py,True,754,False,True
development,development_only,sympy__sympy-16056,sympy/sympy,93a65b9bb8a615906e73d5885ff03076bcabc555,LaTeX priniting: \mathrm vs. \text,partial_recall,cross_file_partial_miss,只找回部分正確檔案,initial_retrieval_miss,正確檔案未進入TF-IDF前50名,優先測試API查詢擴充、Import Graph與較大的TF-IDF候選池。,3,1,sympy/core/numbers.py | sympy/diffgeom/diffgeom.py | sympy/printing/latex.py,sympy/core/numbers.py | sympy/diffgeom/diffgeom.py,True,741,False,False
development,development_only,sympy__sympy-20322,sympy/sympy,ab864967e71c950a15771bb6c3723636026ba876,Inconsistent behavior for sympify/simplify with ceiling,miss,initial_retrieval_miss,正確檔案未進入TF-IDF前50名,initial_retrieval_miss,正確檔案未進入TF-IDF前50名,優先測試API查詢擴充、Import Graph與較大的TF-IDF候選池。,1,0,sympy/core/mul.py,sympy/core/mul.py,True,819,False,False
development,development_only,sympy__sympy-18087,sympy/sympy,9da013ad0ddc3cd96fe505f2e47c63e372040916,Simplify of simple trig expression fails,miss,initial_retrieval_miss,正確檔案未進入TF-IDF前50名,initial_retrieval_miss,正確檔案未進入TF-IDF前50名,優先測試API查詢擴充、Import Graph與較大的TF-IDF候選池。,1,0,sympy/core/exprtools.py,sympy/core/exprtools.py,True,767,True,True
development,development_only,sympy__sympy-13001,sympy/sympy,2f3eba1cd616166d3b11c7a0aa2bdb4d453093e5,cse leaves behind hollow Mul,partial_recall,cross_file_partial_miss,只找回部分正確檔案,reranker_demotion,正確檔案在TF-IDF前50名，但被SBERT排出前20名,檢查SBERT重排與檔案分數整合，避免正確檔案被排出Top-20。,2,1,sympy/simplify/cse_main.py | sympy/solvers/ode.py,sympy/solvers/ode.py,True,634,False,False
development,development_only,sympy__sympy-12945,sympy/sympy,3a771edb034c81957c0975ca06f0e0d51ab3741b,Assumptions do not work for Functions,partial_recall,cross_file_partial_miss,只找回部分正確檔案,mixed_retrieval_and_rerank,同一Ticket同時包含初步檢索與重新排序遺漏,分別處理初步檢索與SBERT重排，不能只調整單一階段。,3,1,sympy/core/basic.py | sympy/core/function.py | sympy/utilities/lambdify.py,sympy/core/basic.py | sympy/utilities/lambdify.py,True,632,False,True
development,development_only,sympy__sympy-13619,sympy/sympy,7f83b89a2e644a8762c5bb02dcd5937f2a7ebe6e,Undefined functions with number arguments should have is_number be False,partial_recall,cross_file_partial_miss,只找回部分正確檔案,mixed_retrieval_and_rerank,同一Ticket同時包含初步檢索與重新排序遺漏,分別處理初步檢索與SBERT重排，不能只調整單一階段。,5,3,sympy/calculus/util.py | sympy/core/basic.py | sympy/core/expr.py | sympy/core/function.py | sympy/functions/elementary/miscellaneous.py,sympy/calculus/util.py | sympy/core/basic.py,True,662,False,True
development,development_only,sympy__sympy-21432,sympy/sympy,05f5021fff2e74f674e62c56ed0fc58bca17e2d2,"powdenest(sqrt(sin(x)**2), force=True) does not work",partial_recall,cross_file_partial_miss,只找回部分正確檔案,initial_retrieval_miss,正確檔案未進入TF-IDF前50名,優先測試API查詢擴充、Import Graph與較大的TF-IDF候選池。,2,1,sympy/functions/elementary/complexes.py | sympy/simplify/powsimp.py,sympy/functions/elementary/complexes.py,True,861,True,True
development,development_only,sympy__sympy-11384,sympy/sympy,496e776108957d8c049cbef49522cef4c1955e2f,fps should print as a formal power series,miss,initial_retrieval_miss,正確檔案未進入TF-IDF前50名,initial_retrieval_miss,正確檔案未進入TF-IDF前50名,優先測試API查詢擴充、Import Graph與較大的TF-IDF候選池。,2,0,sympy/printing/latex.py | sympy/printing/pretty/pretty.py,sympy/printing/latex.py | sympy/printing/pretty/pretty.py,True,612,False,False
development,development_only,sympy__sympy-13146,sympy/sympy,b678d8103e48fdb1af335dbf0080b3d5366f2d17,Exponent doesn't fully simplify,miss,initial_retrieval_miss,正確檔案未進入TF-IDF前50名,initial_retrieval_miss,正確檔案未進入TF-IDF前50名,優先測試API查詢擴充、Import Graph與較大的TF-IDF候選池。,1,0,sympy/core/operations.py,sympy/core/operations.py,True,637,True,True
development,development_only,sympy__sympy-13840,sympy/sympy,8be967b5b2b81365c12030c41da68230e39cdf33,Max & Min converting using SymPy,miss,initial_retrieval_miss,正確檔案未進入TF-IDF前50名,initial_retrieval_miss,正確檔案未進入TF-IDF前50名,優先測試API查詢擴充、Import Graph與較大的TF-IDF候選池。,1,0,sympy/printing/rcode.py,sympy/printing/rcode.py,True,663,False,False
development,development_only,sympy__sympy-16088,sympy/sympy,b750e609ab48eed4fccc18617d57c8e8bfda662a,Using Simplify in Integral will pull out the constant term,partial_recall,cross_file_partial_miss,只找回部分正確檔案,initial_retrieval_miss,正確檔案未進入TF-IDF前50名,優先測試API查詢擴充、Import Graph與較大的TF-IDF候選池。,5,4,sympy/core/exprtools.py | sympy/integrals/integrals.py | sympy/physics/continuum_mechanics/beam.py | sympy/simplify/simplify.py | sympy/solvers/ode.py,sympy/physics/continuum_mechanics/beam.py,True,742,False,False
development,development_only,sympy__sympy-17239,sympy/sympy,8a375578647590e16aff119a2363a12ff171306c,Relational printing,partial_recall,cross_file_partial_miss,只找回部分正確檔案,reranker_demotion,正確檔案在TF-IDF前50名，但被SBERT排出前20名,檢查SBERT重排與檔案分數整合，避免正確檔案被排出Top-20。,10,9,sympy/printing/ccode.py | sympy/printing/codeprinter.py | sympy/printing/fcode.py | sympy/printing/glsl.py | sympy/printing/jscode.py | sympy/printing/julia.py | sympy/printing/mathematica.py | sympy/printing/octave.py | sympy/printing/rcode.py | sympy/printing/rust.py,sympy/printing/codeprinter.py,True,746,False,False
development,development_only,sympy__sympy-12236,sympy/sympy,d60497958f6dea7f5e25bc41e9107a6a63694d01,Wrong result with apart,miss,initial_retrieval_miss,正確檔案未進入TF-IDF前50名,initial_retrieval_miss,正確檔案未進入TF-IDF前50名,優先測試API查詢擴充、Import Graph與較大的TF-IDF候選池。,1,0,sympy/polys/domains/polynomialring.py,sympy/polys/domains/polynomialring.py,True,619,False,False
development,development_only,sympy__sympy-16864,sympy/sympy,dec525f376a5b62bfc3dd361db057b44e7ebff14,imageset evaluation problems with complex values,partial_recall,cross_file_partial_miss,只找回部分正確檔案,initial_retrieval_miss,正確檔案未進入TF-IDF前50名,優先測試API查詢擴充、Import Graph與較大的TF-IDF候選池。,7,6,sympy/core/mod.py | sympy/sets/contains.py | sympy/sets/fancysets.py | sympy/sets/handlers/functions.py | sympy/sets/handlers/intersection.py | sympy/sets/sets.py | sympy/solvers/solveset.py,sympy/sets/contains.py,True,742,False,False
development,development_only,sympy__sympy-20590,sympy/sympy,cffd4e0f86fefd4802349a9f9b19ed70934ea354,Symbol instances have __dict__ since 1.7?,miss,initial_retrieval_miss,正確檔案未進入TF-IDF前50名,initial_retrieval_miss,正確檔案未進入TF-IDF前50名,優先測試API查詢擴充、Import Graph與較大的TF-IDF候選池。,1,0,sympy/core/_print_helpers.py,sympy/core/_print_helpers.py,True,827,False,False
development,development_only,sympy__sympy-21379,sympy/sympy,624217179aaf8d094e6ff75b7493ad1ee47599b0,Unexpected `PolynomialError` when using simple `subs()` for particular expressions,miss,initial_retrieval_miss,正確檔案未進入TF-IDF前50名,initial_retrieval_miss,正確檔案未進入TF-IDF前50名,優先測試API查詢擴充、Import Graph與較大的TF-IDF候選池。,1,0,sympy/core/mod.py,sympy/core/mod.py,True,860,False,False
development,development_only,sympy__sympy-14248,sympy/sympy,9986b38181cdd556a3f3411e553864f11912244e,The difference of MatrixSymbols prints as a sum with (-1) coefficient,partial_recall,cross_file_partial_miss,只找回部分正確檔案,reranker_demotion,正確檔案在TF-IDF前50名，但被SBERT排出前20名,檢查SBERT重排與檔案分數整合，避免正確檔案被排出Top-20。,3,2,sympy/printing/latex.py | sympy/printing/pretty/pretty.py | sympy/printing/str.py,sympy/printing/pretty/pretty.py,True,682,False,False
development,development_only,sympy__sympy-12108,sympy/sympy,5813bdbae2c5c62cb23541d082a812c070f66468,str printing of logic expressions should use operators,partial_recall,cross_file_partial_miss,只找回部分正確檔案,mixed_retrieval_and_rerank,同一Ticket同時包含初步檢索與重新排序遺漏,分別處理初步檢索與SBERT重排，不能只調整單一階段。,17,3,sympy/assumptions/ask_generated.py | sympy/assumptions/sathandlers.py | sympy/concrete/delta.py | sympy/core/relational.py | sympy/core/sympify.py | sympy/functions/special/bsplines.py | sympy/integrals/meijerint.py | sympy/logic/boolalg.py | sympy/logic/inference.py | sympy/logic/utilities/dimacs.py | sympy/plotting/experimental_lambdify.py | sympy/printing/precedence.py | sympy/printing/str.py | sympy/solvers/inequalities.py | sympy/solvers/solvers.py | sympy/stats/crv_types.py | sympy/stats/rv.py,sympy/assumptions/ask_generated.py | sympy/assumptions/sathandlers.py | sympy/concrete/delta.py | sympy/core/sympify.py | sympy/functions/special/bsplines.py | sympy/integrals/meijerint.py | sympy/logic/inference.py | sympy/logic/utilities/dimacs.py | sympy/plotting/experimental_lambdify.py | sympy/printing/precedence.py | sympy/solvers/inequalities.py | sympy/solvers/solvers.py | sympy/stats/crv_types.py | sympy/stats/rv.py,True,619,True,True
development,development_only,sympy__sympy-13806,sympy/sympy,84c125972ad535b2dfb245f8d311d347b45e5b8a,No support for \[{90^^\circ }\],partial_recall,cross_file_partial_miss,只找回部分正確檔案,initial_retrieval_miss,正確檔案未進入TF-IDF前50名,優先測試API查詢擴充、Import Graph與較大的TF-IDF候選池。,3,1,sympy/printing/latex.py | sympy/printing/pretty/pretty.py | sympy/printing/pretty/stringpict.py,sympy/printing/pretty/pretty.py | sympy/printing/pretty/stringpict.py,True,664,True,True
development,development_only,sympy__sympy-21931,sympy/sympy,8cb334cf8b0d8f9be490fecf578aca408069b671,nicer printing of Permutation (and others),partial_recall,cross_file_partial_miss,只找回部分正確檔案,mixed_retrieval_and_rerank,同一Ticket同時包含初步檢索與重新排序遺漏,分別處理初步檢索與SBERT重排，不能只調整單一階段。,17,6,sympy/calculus/singularities.py | sympy/calculus/util.py | sympy/categories/baseclasses.py | sympy/combinatorics/partitions.py | sympy/combinatorics/polyhedron.py | sympy/core/function.py | sympy/logic/boolalg.py | sympy/printing/str.py | sympy/sets/conditionset.py | sympy/sets/fancysets.py | sympy/sets/powerset.py | sympy/sets/sets.py | sympy/solvers/inequalities.py | sympy/solvers/solveset.py | sympy/stats/rv_interface.py | sympy/stats/stochastic_process_types.py | sympy/vector/implicitregion.py,sympy/calculus/singularities.py | sympy/calculus/util.py | sympy/categories/baseclasses.py | sympy/core/function.py | sympy/logic/boolalg.py | sympy/printing/str.py | sympy/solvers/inequalities.py | sympy/solvers/solveset.py | sympy/stats/rv_interface.py | sympy/stats/stochastic_process_types.py | sympy/vector/implicitregion.py,True,871,False,True
development,development_only,sympy__sympy-20691,sympy/sympy,b4c1da60fa4e8201b2b929083df2610da7a5b52f,Modification of is_constant to take into account the MatrixSymbol case.,partial_recall,cross_file_partial_miss,只找回部分正確檔案,initial_retrieval_miss,正確檔案未進入TF-IDF前50名,優先測試API查詢擴充、Import Graph與較大的TF-IDF候選池。,7,3,sympy/core/expr.py | sympy/core/kind.py | sympy/core/power.py | sympy/functions/elementary/exponential.py | sympy/matrices/expressions/determinant.py | sympy/matrices/expressions/matexpr.py | sympy/matrices/matrices.py,sympy/core/kind.py | sympy/core/power.py | sympy/functions/elementary/exponential.py | sympy/matrices/expressions/determinant.py,True,871,False,False
development,development_only,sympy__sympy-16963,sympy/sympy,14abc988525f344d1974c043f83b1e6b1247aea6,sympify does not convert dict to Dict,partial_recall,cross_file_partial_miss,只找回部分正確檔案,mixed_retrieval_and_rerank,同一Ticket同時包含初步檢索與重新排序遺漏,分別處理初步檢索與SBERT重排，不能只調整單一階段。,8,5,sympy/core/compatibility.py | sympy/core/containers.py | sympy/core/evalf.py | sympy/core/function.py | sympy/core/operations.py | sympy/core/sympify.py | sympy/ntheory/factor_.py | sympy/tensor/indexed.py,sympy/core/evalf.py | sympy/ntheory/factor_.py | sympy/tensor/indexed.py,True,743,False,True
development,development_only,sympy__sympy-13915,sympy/sympy,5c1644ff85e15752f9f8721bc142bfbf975e7805,Issue with a substitution that leads to an undefined expression,miss,initial_retrieval_miss,正確檔案未進入TF-IDF前50名,initial_retrieval_miss,正確檔案未進入TF-IDF前50名,優先測試API查詢擴充、Import Graph與較大的TF-IDF候選池。,1,0,sympy/core/mul.py,sympy/core/mul.py,True,663,False,False
development,development_only,sympy__sympy-18478,sympy/sympy,ca020282f5eb70f20a6012776bcddd568bb05d8e,Subs incorrectly evaluates,miss,initial_retrieval_miss,正確檔案未進入TF-IDF前50名,initial_retrieval_miss,正確檔案未進入TF-IDF前50名,優先測試API查詢擴充、Import Graph與較大的TF-IDF候選池。,1,0,sympy/core/add.py,sympy/core/add.py,True,782,False,False
development,development_only,sympy__sympy-21627,sympy/sympy,126f80578140e752ad5135aac77b8ff887eede3e,Bug: maximum recusion depth error when checking is_zero of cosh expression,miss,initial_retrieval_miss,正確檔案未進入TF-IDF前50名,initial_retrieval_miss,正確檔案未進入TF-IDF前50名,優先測試API查詢擴充、Import Graph與較大的TF-IDF候選池。,1,0,sympy/functions/elementary/complexes.py,sympy/functions/elementary/complexes.py,True,861,False,False
development,development_only,sympy__sympy-22383,sympy/sympy,07c3ad3d2ca9f52ccb132df23b9b736d65a90ad6,maint(ci): drop testing for Python 3.6,miss,mixed_retrieval_and_rerank,同一Ticket同時包含初步檢索與重新排序遺漏,mixed_retrieval_and_rerank,同一Ticket同時包含初步檢索與重新排序遺漏,分別處理初步檢索與SBERT重排，不能只調整單一階段。,5,0,bin/authors_update.py | bin/mailmap_update.py | setup.py | sympy/__init__.py | sympy/core/numbers.py,bin/authors_update.py | bin/mailmap_update.py | setup.py | sympy/__init__.py | sympy/core/numbers.py,True,879,False,True
development,development_only,sympy__sympy-15085,sympy/sympy,694baf9686c9a092e280283d6d58d2e17867f040,[regression] lambdify with Matrix: `NameError: name 'Matrix' is not defined`,miss,initial_retrieval_miss,正確檔案未進入TF-IDF前50名,initial_retrieval_miss,正確檔案未進入TF-IDF前50名,優先測試API查詢擴充、Import Graph與較大的TF-IDF候選池。,8,0,sympy/printing/ccode.py | sympy/printing/codeprinter.py | sympy/printing/fcode.py | sympy/printing/glsl.py | sympy/printing/jscode.py | sympy/printing/julia.py | sympy/printing/mathematica.py | sympy/printing/octave.py,sympy/printing/ccode.py | sympy/printing/codeprinter.py | sympy/printing/fcode.py | sympy/printing/glsl.py | sympy/printing/jscode.py | sympy/printing/julia.py | sympy/printing/mathematica.py | sympy/printing/octave.py,True,738,False,False
development,development_only,sympy__sympy-13198,sympy/sympy,b3e01a97bd5dfb67fb7b6d2f051b7187b8c41abf,Problem factoring trivial polynomial,miss,initial_retrieval_miss,正確檔案未進入TF-IDF前50名,initial_retrieval_miss,正確檔案未進入TF-IDF前50名,優先測試API查詢擴充、Import Graph與較大的TF-IDF候選池。,1,0,sympy/polys/factortools.py,sympy/polys/factortools.py,True,637,False,False
